ISO-10303-21;
HEADER;
/* Generated by software containing ST-Developer
 * from STEP Tools, Inc. (www.steptools.com) 
 */
/* OPTION: strings as raw bytes, not using required /X/ escapes */

FILE_DESCRIPTION(
/* description */ ('Unknown'),
/* implementation_level */ '2;1');

FILE_NAME(
/* name */ '78614040360',
/* time_stamp */ '2023-05-25T09:01:22+02:00',
/* author */ ('Unknown'),
/* organization */ ('Unknown'),
/* preprocessor_version */ 'ST-DEVELOPER v18.102',
/* originating_system */ 'Solid Edge',
/* authorisation */ 'Unknown');

FILE_SCHEMA (('AUTOMOTIVE_DESIGN {1 0 10303 214 3 1 1}'));
ENDSEC;

DATA;
#10=PROPERTY_DEFINITION_REPRESENTATION(#14,#12);
#11=PROPERTY_DEFINITION_REPRESENTATION(#15,#13);
#12=REPRESENTATION('',(#16),#2907);
#13=REPRESENTATION('',(#17),#2907);
#14=PROPERTY_DEFINITION('pmi validation property','',#2912);
#15=PROPERTY_DEFINITION('pmi validation property','',#2912);
#16=VALUE_REPRESENTATION_ITEM('number of annotations',COUNT_MEASURE(0.));
#17=VALUE_REPRESENTATION_ITEM('number of views',COUNT_MEASURE(0.));
#18=SHAPE_REPRESENTATION_RELATIONSHIP('','',#175,#19);
#19=ADVANCED_BREP_SHAPE_REPRESENTATION('',(#173),#2907);
#20=(
BOUNDED_SURFACE()
B_SPLINE_SURFACE(1,2,((#1015,#1016,#1017,#1018,#1019,#1020,#1021,#1022,
#1023,#1024,#1025,#1026,#1027,#1028,#1029,#1030,#1031,#1032,#1033,#1034,
#1035,#1036,#1037,#1038,#1039,#1040,#1041,#1042,#1043,#1044,#1045,#1046,
#1047,#1048,#1049,#1050,#1051,#1052,#1053,#1054,#1055,#1056,#1057,#1058,
#1059,#1060,#1061,#1062,#1063,#1064,#1065,#1066,#1067,#1068,#1069,#1070,
#1071,#1072,#1073,#1074,#1075,#1076,#1077,#1078,#1079,#1080,#1081,#1082,
#1083,#1084,#1085,#1086,#1087,#1088,#1089,#1090,#1091,#1092,#1093,#1094,
#1095,#1096,#1097,#1098,#1099,#1100,#1101,#1102,#1103,#1104,#1105,#1106,
#1107,#1108,#1109,#1110,#1111,#1112,#1113,#1114,#1115,#1116,#1117,#1118,
#1119,#1120,#1121,#1122,#1123,#1124,#1125,#1126,#1127,#1128,#1129,#1130,
#1131,#1132,#1133,#1134,#1135,#1136,#1137,#1138,#1139,#1140,#1141,#1142,
#1143,#1144,#1145,#1146,#1147,#1148,#1149,#1150,#1151,#1152,#1153,#1154,
#1155,#1156,#1157,#1158,#1159,#1160,#1161,#1162,#1163,#1164,#1165,#1166,
#1167,#1168,#1169,#1170,#1171,#1172,#1173,#1174,#1175,#1176,#1177,#1178,
#1179,#1180,#1181,#1182,#1183,#1184,#1185,#1186,#1187,#1188,#1189,#1190,
#1191,#1192,#1193,#1194,#1195,#1196,#1197,#1198,#1199,#1200,#1201,#1202,
#1203,#1204,#1205,#1206,#1207,#1208,#1209,#1210,#1211,#1212,#1213,#1214,
#1215,#1216,#1217,#1218,#1219,#1220,#1221,#1222,#1223,#1224,#1225,#1226,
#1227,#1228,#1229,#1230,#1231,#1232,#1233,#1234,#1235,#1236,#1237,#1238,
#1239,#1240,#1241,#1242,#1243,#1244,#1245,#1246,#1247,#1248,#1249,#1250,
#1251,#1252,#1253,#1254,#1255,#1256,#1257,#1258,#1259,#1260,#1261,#1262,
#1263,#1264,#1265,#1266,#1267,#1268,#1269,#1270,#1271,#1272,#1273,#1274,
#1275,#1276,#1277,#1278,#1279,#1280,#1281,#1282,#1283,#1284,#1285,#1286,
#1287,#1288,#1289,#1290,#1291,#1292,#1293,#1294,#1295,#1296,#1297,#1298,
#1299,#1300,#1301,#1302,#1303,#1304,#1305),(#1306,#1307,#1308,#1309,#1310,
#1311,#1312,#1313,#1314,#1315,#1316,#1317,#1318,#1319,#1320,#1321,#1322,
#1323,#1324,#1325,#1326,#1327,#1328,#1329,#1330,#1331,#1332,#1333,#1334,
#1335,#1336,#1337,#1338,#1339,#1340,#1341,#1342,#1343,#1344,#1345,#1346,
#1347,#1348,#1349,#1350,#1351,#1352,#1353,#1354,#1355,#1356,#1357,#1358,
#1359,#1360,#1361,#1362,#1363,#1364,#1365,#1366,#1367,#1368,#1369,#1370,
#1371,#1372,#1373,#1374,#1375,#1376,#1377,#1378,#1379,#1380,#1381,#1382,
#1383,#1384,#1385,#1386,#1387,#1388,#1389,#1390,#1391,#1392,#1393,#1394,
#1395,#1396,#1397,#1398,#1399,#1400,#1401,#1402,#1403,#1404,#1405,#1406,
#1407,#1408,#1409,#1410,#1411,#1412,#1413,#1414,#1415,#1416,#1417,#1418,
#1419,#1420,#1421,#1422,#1423,#1424,#1425,#1426,#1427,#1428,#1429,#1430,
#1431,#1432,#1433,#1434,#1435,#1436,#1437,#1438,#1439,#1440,#1441,#1442,
#1443,#1444,#1445,#1446,#1447,#1448,#1449,#1450,#1451,#1452,#1453,#1454,
#1455,#1456,#1457,#1458,#1459,#1460,#1461,#1462,#1463,#1464,#1465,#1466,
#1467,#1468,#1469,#1470,#1471,#1472,#1473,#1474,#1475,#1476,#1477,#1478,
#1479,#1480,#1481,#1482,#1483,#1484,#1485,#1486,#1487,#1488,#1489,#1490,
#1491,#1492,#1493,#1494,#1495,#1496,#1497,#1498,#1499,#1500,#1501,#1502,
#1503,#1504,#1505,#1506,#1507,#1508,#1509,#1510,#1511,#1512,#1513,#1514,
#1515,#1516,#1517,#1518,#1519,#1520,#1521,#1522,#1523,#1524,#1525,#1526,
#1527,#1528,#1529,#1530,#1531,#1532,#1533,#1534,#1535,#1536,#1537,#1538,
#1539,#1540,#1541,#1542,#1543,#1544,#1545,#1546,#1547,#1548,#1549,#1550,
#1551,#1552,#1553,#1554,#1555,#1556,#1557,#1558,#1559,#1560,#1561,#1562,
#1563,#1564,#1565,#1566,#1567,#1568,#1569,#1570,#1571,#1572,#1573,#1574,
#1575,#1576,#1577,#1578,#1579,#1580,#1581,#1582,#1583,#1584,#1585,#1586,
#1587,#1588,#1589,#1590,#1591,#1592,#1593,#1594,#1595,#1596)),
 .UNSPECIFIED.,.F.,.F.,.F.)
B_SPLINE_SURFACE_WITH_KNOTS((2,2),(3,2,2,2,2,2,2,2,2,2,2,2,2,2,2,2,2,2,
2,2,2,2,2,2,2,2,2,2,2,2,2,2,2,2,2,2,2,2,2,2,2,2,2,2,2,2,2,2,2,2,2,2,2,2,
2,2,2,2,2,2,2,2,2,2,2,2,2,2,2,2,2,2,2,2,2,2,2,2,2,2,2,2,2,2,2,2,2,2,2,2,
2,2,2,2,2,2,2,2,2,2,2,2,2,2,2,2,2,2,2,2,2,2,2,2,2,2,2,2,2,2,2,2,2,2,2,2,
2,2,2,2,2,2,2,2,2,2,2,2,2,2,2,2,2,2,2,3),(0.0583006891872182,1.),(0.0445163446954946,
0.05,0.0555555555555556,0.0611111111111111,0.0666666666666667,0.0722222222222222,
0.0777777777777778,0.0833333333333333,0.0888888888888889,0.0944444444444444,
0.1,0.105555555555556,0.111111111111111,0.116666666666667,0.122222222222222,
0.127777777777778,0.133333333333333,0.138888888888889,0.144444444444444,
0.15,0.155555555555556,0.161111111111111,0.166666666666667,0.172222222222222,
0.177777777777778,0.183333333333333,0.188888888888889,0.194444444444444,
0.2,0.205555555555556,0.211111111111111,0.216666666666667,0.222222222222222,
0.227777777777778,0.233333333333333,0.238888888888889,0.244444444444444,
0.25,0.255555555555556,0.261111111111111,0.266666666666667,0.272222222222222,
0.277777777777778,0.283333333333333,0.288888888888889,0.294444444444444,
0.3,0.305555555555556,0.311111111111111,0.316666666666667,0.322222222222222,
0.327777777777778,0.333333333333333,0.338888888888889,0.344444444444444,
0.35,0.355555555555556,0.361111111111111,0.366666666666667,0.372222222222222,
0.377777777777778,0.383333333333333,0.388888888888889,0.394444444444444,
0.4,0.405555555555556,0.411111111111111,0.416666666666667,0.422222222222222,
0.427777777777778,0.433333333333333,0.438888888888889,0.444444444444444,
0.45,0.455555555555556,0.461111111111111,0.466666666666667,0.472222222222222,
0.477777777777778,0.483333333333333,0.488888888888889,0.494444444444444,
0.5,0.505555555555556,0.511111111111111,0.516666666666667,0.522222222222222,
0.527777777777778,0.533333333333333,0.538888888888889,0.544444444444444,
0.55,0.555555555555556,0.561111111111111,0.566666666666667,0.572222222222222,
0.577777777777778,0.583333333333333,0.588888888888889,0.594444444444444,
0.6,0.605555555555556,0.611111111111111,0.616666666666667,0.622222222222222,
0.627777777777778,0.633333333333333,0.638888888888889,0.644444444444444,
0.65,0.655555555555556,0.661111111111111,0.666666666666667,0.672222222222222,
0.677777777777778,0.683333333333333,0.688888888888889,0.694444444444444,
0.7,0.705555555555556,0.711111111111111,0.716666666666667,0.722222222222222,
0.727777777777778,0.733333333333333,0.738888888888889,0.744444444444444,
0.75,0.755555555555556,0.761111111111111,0.766666666666667,0.772222222222222,
0.777777777777778,0.783333333333333,0.788888888888889,0.794444444444444,
0.8,0.805555555555556,0.811111111111111,0.816666666666667,0.822222222222222,
0.827777777777778,0.833333333333333,0.838888888888889,0.844444444444444,
0.849091073571376),.PIECEWISE_BEZIER_KNOTS.)
GEOMETRIC_REPRESENTATION_ITEM()
RATIONAL_B_SPLINE_SURFACE(((0.999129435620078,0.966366815785014,1.,0.965925826289068,
1.,0.965925826289068,1.,0.965925826289068,1.,0.965925826289068,1.,0.965925826289068,
1.,0.965925826289068,1.,0.965925826289068,1.,0.965925826289068,1.,0.965925826289068,
1.,0.965925826289068,1.,0.965925826289068,1.,0.965925826289068,1.,0.965925826289068,
1.,0.965925826289068,1.,0.965925826289068,1.,0.965925826289068,1.,0.965925826289068,
1.,0.965925826289068,1.,0.965925826289068,1.,0.965925826289068,1.,0.965925826289068,
1.,0.965925826289068,1.,0.965925826289068,1.,0.965925826289068,1.,0.965925826289068,
1.,0.965925826289068,1.,0.965925826289068,1.,0.965925826289068,1.,0.965925826289068,
1.,0.965925826289068,1.,0.965925826289068,1.,0.965925826289068,1.,0.965925826289068,
1.,0.965925826289068,1.,0.965925826289068,1.,0.965925826289068,1.,0.965925826289068,
1.,0.965925826289068,1.,0.965925826289068,1.,0.965925826289068,1.,0.965925826289068,
1.,0.965925826289068,1.,0.965925826289068,1.,0.965925826289068,1.,0.965925826289068,
1.,0.965925826289068,1.,0.965925826289068,1.,0.965925826289068,1.,0.965925826289068,
1.,0.965925826289068,1.,0.965925826289068,1.,0.965925826289068,1.,0.965925826289068,
1.,0.965925826289068,1.,0.965925826289068,1.,0.965925826289068,1.,0.965925826289068,
1.,0.965925826289068,1.,0.965925826289068,1.,0.965925826289068,1.,0.965925826289068,
1.,0.965925826289068,1.,0.965925826289068,1.,0.965925826289068,1.,0.965925826289068,
1.,0.965925826289068,1.,0.965925826289068,1.,0.965925826289068,1.,0.965925826289068,
1.,0.965925826289068,1.,0.965925826289068,1.,0.965925826289068,1.,0.965925826289068,
1.,0.965925826289068,1.,0.965925826289068,1.,0.965925826289068,1.,0.965925826289068,
1.,0.965925826289068,1.,0.965925826289068,1.,0.965925826289068,1.,0.965925826289068,
1.,0.965925826289068,1.,0.965925826289068,1.,0.965925826289068,1.,0.965925826289068,
1.,0.965925826289068,1.,0.965925826289068,1.,0.965925826289068,1.,0.965925826289068,
1.,0.965925826289068,1.,0.965925826289068,1.,0.965925826289068,1.,0.965925826289068,
1.,0.965925826289068,1.,0.965925826289068,1.,0.965925826289068,1.,0.965925826289068,
1.,0.965925826289068,1.,0.965925826289068,1.,0.965925826289068,1.,0.965925826289068,
1.,0.965925826289068,1.,0.965925826289068,1.,0.965925826289068,1.,0.965925826289068,
1.,0.965925826289068,1.,0.965925826289068,1.,0.965925826289068,1.,0.965925826289068,
1.,0.965925826289068,1.,0.965925826289068,1.,0.965925826289068,1.,0.965925826289068,
1.,0.965925826289068,1.,0.965925826289068,1.,0.965925826289068,1.,0.965925826289068,
1.,0.965925826289068,1.,0.965925826289068,1.,0.965925826289068,1.,0.965925826289068,
1.,0.965925826289068,1.,0.965925826289068,1.,0.965925826289068,1.,0.965925826289068,
1.,0.965925826289068,1.,0.965925826289068,1.,0.965925826289068,1.,0.965925826289068,
1.,0.965925826289068,1.,0.965925826289068,1.,0.965925826289068,1.,0.965925826289068,
1.,0.965925826289068,1.,0.965925826289068,1.,0.965925826289068,1.,0.965925826289068,
1.,0.965925826289068,1.,0.965925826289068,1.,0.965925826289068,1.,0.965925826289068,
1.,0.965925826289068,1.,0.965925826289068,1.,0.971500591352558,0.990674608340868),
(0.999129435620078,0.966366815785014,1.,0.965925826289068,1.,0.965925826289068,
1.,0.965925826289068,1.,0.965925826289068,1.,0.965925826289068,1.,0.965925826289068,
1.,0.965925826289068,1.,0.965925826289068,1.,0.965925826289068,1.,0.965925826289068,
1.,0.965925826289068,1.,0.965925826289068,1.,0.965925826289068,1.,0.965925826289068,
1.,0.965925826289068,1.,0.965925826289068,1.,0.965925826289068,1.,0.965925826289068,
1.,0.965925826289068,1.,0.965925826289068,1.,0.965925826289068,1.,0.965925826289068,
1.,0.965925826289068,1.,0.965925826289068,1.,0.965925826289068,1.,0.965925826289068,
1.,0.965925826289068,1.,0.965925826289068,1.,0.965925826289068,1.,0.965925826289068,
1.,0.965925826289068,1.,0.965925826289068,1.,0.965925826289068,1.,0.965925826289068,
1.,0.965925826289068,1.,0.965925826289068,1.,0.965925826289068,1.,0.965925826289068,
1.,0.965925826289068,1.,0.965925826289068,1.,0.965925826289068,1.,0.965925826289068,
1.,0.965925826289068,1.,0.965925826289068,1.,0.965925826289068,1.,0.965925826289068,
1.,0.965925826289068,1.,0.965925826289068,1.,0.965925826289068,1.,0.965925826289068,
1.,0.965925826289068,1.,0.965925826289068,1.,0.965925826289068,1.,0.965925826289068,
1.,0.965925826289068,1.,0.965925826289068,1.,0.965925826289068,1.,0.965925826289068,
1.,0.965925826289068,1.,0.965925826289068,1.,0.965925826289068,1.,0.965925826289068,
1.,0.965925826289068,1.,0.965925826289068,1.,0.965925826289068,1.,0.965925826289068,
1.,0.965925826289068,1.,0.965925826289068,1.,0.965925826289068,1.,0.965925826289068,
1.,0.965925826289068,1.,0.965925826289068,1.,0.965925826289068,1.,0.965925826289068,
1.,0.965925826289068,1.,0.965925826289068,1.,0.965925826289068,1.,0.965925826289068,
1.,0.965925826289068,1.,0.965925826289068,1.,0.965925826289068,1.,0.965925826289068,
1.,0.965925826289068,1.,0.965925826289068,1.,0.965925826289068,1.,0.965925826289068,
1.,0.965925826289068,1.,0.965925826289068,1.,0.965925826289068,1.,0.965925826289068,
1.,0.965925826289068,1.,0.965925826289068,1.,0.965925826289068,1.,0.965925826289068,
1.,0.965925826289068,1.,0.965925826289068,1.,0.965925826289068,1.,0.965925826289068,
1.,0.965925826289068,1.,0.965925826289068,1.,0.965925826289068,1.,0.965925826289068,
1.,0.965925826289068,1.,0.965925826289068,1.,0.965925826289068,1.,0.965925826289068,
1.,0.965925826289068,1.,0.965925826289068,1.,0.965925826289068,1.,0.965925826289068,
1.,0.965925826289068,1.,0.965925826289068,1.,0.965925826289068,1.,0.965925826289068,
1.,0.965925826289068,1.,0.965925826289068,1.,0.965925826289068,1.,0.965925826289068,
1.,0.965925826289068,1.,0.965925826289068,1.,0.965925826289068,1.,0.965925826289068,
1.,0.965925826289068,1.,0.965925826289068,1.,0.965925826289068,1.,0.965925826289068,
1.,0.965925826289068,1.,0.965925826289068,1.,0.965925826289068,1.,0.965925826289068,
1.,0.965925826289068,1.,0.965925826289068,1.,0.965925826289068,1.,0.965925826289068,
1.,0.965925826289068,1.,0.965925826289068,1.,0.965925826289068,1.,0.965925826289068,
1.,0.965925826289068,1.,0.965925826289068,1.,0.965925826289068,1.,0.965925826289068,
1.,0.965925826289068,1.,0.971500591352558,0.990674608340868)))
REPRESENTATION_ITEM('')
SURFACE()
);
#21=(
BOUNDED_SURFACE()
B_SPLINE_SURFACE(1,2,((#1958,#1959,#1960,#1961,#1962,#1963,#1964,#1965,
#1966,#1967,#1968,#1969,#1970,#1971,#1972,#1973,#1974,#1975,#1976,#1977,
#1978,#1979,#1980,#1981,#1982,#1983,#1984,#1985,#1986,#1987,#1988,#1989,
#1990,#1991,#1992,#1993,#1994,#1995,#1996,#1997,#1998,#1999,#2000,#2001,
#2002,#2003,#2004,#2005,#2006,#2007,#2008,#2009,#2010,#2011,#2012,#2013,
#2014,#2015,#2016,#2017,#2018,#2019,#2020,#2021,#2022,#2023,#2024,#2025,
#2026,#2027,#2028,#2029,#2030,#2031,#2032,#2033,#2034,#2035,#2036,#2037,
#2038,#2039,#2040,#2041,#2042,#2043,#2044,#2045,#2046,#2047,#2048,#2049,
#2050,#2051,#2052,#2053,#2054,#2055,#2056,#2057,#2058,#2059,#2060,#2061,
#2062,#2063,#2064,#2065,#2066,#2067,#2068,#2069,#2070,#2071,#2072,#2073,
#2074,#2075,#2076,#2077,#2078,#2079,#2080,#2081,#2082,#2083,#2084,#2085,
#2086,#2087,#2088,#2089,#2090,#2091,#2092,#2093,#2094,#2095,#2096,#2097,
#2098,#2099,#2100,#2101,#2102,#2103,#2104,#2105,#2106,#2107,#2108,#2109,
#2110,#2111,#2112,#2113,#2114,#2115,#2116,#2117,#2118,#2119,#2120,#2121,
#2122,#2123,#2124,#2125,#2126,#2127,#2128,#2129,#2130,#2131,#2132,#2133,
#2134,#2135,#2136,#2137,#2138,#2139,#2140,#2141,#2142,#2143,#2144,#2145,
#2146,#2147,#2148,#2149,#2150,#2151,#2152,#2153,#2154,#2155,#2156,#2157,
#2158,#2159,#2160,#2161,#2162,#2163,#2164,#2165,#2166,#2167,#2168,#2169,
#2170,#2171,#2172,#2173,#2174,#2175,#2176,#2177,#2178,#2179,#2180,#2181,
#2182,#2183,#2184,#2185,#2186,#2187,#2188,#2189,#2190,#2191,#2192,#2193,
#2194,#2195,#2196,#2197,#2198,#2199,#2200,#2201,#2202,#2203,#2204,#2205,
#2206,#2207,#2208,#2209,#2210,#2211,#2212,#2213,#2214,#2215,#2216,#2217,
#2218,#2219,#2220,#2221,#2222,#2223,#2224,#2225,#2226,#2227,#2228,#2229,
#2230,#2231,#2232,#2233,#2234,#2235,#2236,#2237,#2238,#2239,#2240,#2241,
#2242,#2243,#2244,#2245,#2246,#2247,#2248,#2249,#2250),(#2251,#2252,#2253,
#2254,#2255,#2256,#2257,#2258,#2259,#2260,#2261,#2262,#2263,#2264,#2265,
#2266,#2267,#2268,#2269,#2270,#2271,#2272,#2273,#2274,#2275,#2276,#2277,
#2278,#2279,#2280,#2281,#2282,#2283,#2284,#2285,#2286,#2287,#2288,#2289,
#2290,#2291,#2292,#2293,#2294,#2295,#2296,#2297,#2298,#2299,#2300,#2301,
#2302,#2303,#2304,#2305,#2306,#2307,#2308,#2309,#2310,#2311,#2312,#2313,
#2314,#2315,#2316,#2317,#2318,#2319,#2320,#2321,#2322,#2323,#2324,#2325,
#2326,#2327,#2328,#2329,#2330,#2331,#2332,#2333,#2334,#2335,#2336,#2337,
#2338,#2339,#2340,#2341,#2342,#2343,#2344,#2345,#2346,#2347,#2348,#2349,
#2350,#2351,#2352,#2353,#2354,#2355,#2356,#2357,#2358,#2359,#2360,#2361,
#2362,#2363,#2364,#2365,#2366,#2367,#2368,#2369,#2370,#2371,#2372,#2373,
#2374,#2375,#2376,#2377,#2378,#2379,#2380,#2381,#2382,#2383,#2384,#2385,
#2386,#2387,#2388,#2389,#2390,#2391,#2392,#2393,#2394,#2395,#2396,#2397,
#2398,#2399,#2400,#2401,#2402,#2403,#2404,#2405,#2406,#2407,#2408,#2409,
#2410,#2411,#2412,#2413,#2414,#2415,#2416,#2417,#2418,#2419,#2420,#2421,
#2422,#2423,#2424,#2425,#2426,#2427,#2428,#2429,#2430,#2431,#2432,#2433,
#2434,#2435,#2436,#2437,#2438,#2439,#2440,#2441,#2442,#2443,#2444,#2445,
#2446,#2447,#2448,#2449,#2450,#2451,#2452,#2453,#2454,#2455,#2456,#2457,
#2458,#2459,#2460,#2461,#2462,#2463,#2464,#2465,#2466,#2467,#2468,#2469,
#2470,#2471,#2472,#2473,#2474,#2475,#2476,#2477,#2478,#2479,#2480,#2481,
#2482,#2483,#2484,#2485,#2486,#2487,#2488,#2489,#2490,#2491,#2492,#2493,
#2494,#2495,#2496,#2497,#2498,#2499,#2500,#2501,#2502,#2503,#2504,#2505,
#2506,#2507,#2508,#2509,#2510,#2511,#2512,#2513,#2514,#2515,#2516,#2517,
#2518,#2519,#2520,#2521,#2522,#2523,#2524,#2525,#2526,#2527,#2528,#2529,
#2530,#2531,#2532,#2533,#2534,#2535,#2536,#2537,#2538,#2539,#2540,#2541,
#2542,#2543)),.UNSPECIFIED.,.F.,.F.,.F.)
B_SPLINE_SURFACE_WITH_KNOTS((2,2),(3,2,2,2,2,2,2,2,2,2,2,2,2,2,2,2,2,2,
2,2,2,2,2,2,2,2,2,2,2,2,2,2,2,2,2,2,2,2,2,2,2,2,2,2,2,2,2,2,2,2,2,2,2,2,
2,2,2,2,2,2,2,2,2,2,2,2,2,2,2,2,2,2,2,2,2,2,2,2,2,2,2,2,2,2,2,2,2,2,2,2,
2,2,2,2,2,2,2,2,2,2,2,2,2,2,2,2,2,2,2,2,2,2,2,2,2,2,2,2,2,2,2,2,2,2,2,2,
2,2,2,2,2,2,2,2,2,2,2,2,2,2,2,2,2,2,2,2,3),(0.,0.941699310825993),(0.0291535031019519,
0.0333333333333333,0.0388888888888889,0.0444444444444444,0.05,0.0555555555555556,
0.0611111111111111,0.0666666666666667,0.0722222222222222,0.0777777777777778,
0.0833333333333333,0.0888888888888889,0.0944444444444444,0.1,0.105555555555556,
0.111111111111111,0.116666666666667,0.122222222222222,0.127777777777778,
0.133333333333333,0.138888888888889,0.144444444444444,0.15,0.155555555555556,
0.161111111111111,0.166666666666667,0.172222222222222,0.177777777777778,
0.183333333333333,0.188888888888889,0.194444444444444,0.2,0.205555555555556,
0.211111111111111,0.216666666666667,0.222222222222222,0.227777777777778,
0.233333333333333,0.238888888888889,0.244444444444444,0.25,0.255555555555556,
0.261111111111111,0.266666666666667,0.272222222222222,0.277777777777778,
0.283333333333333,0.288888888888889,0.294444444444444,0.3,0.305555555555556,
0.311111111111111,0.316666666666667,0.322222222222222,0.327777777777778,
0.333333333333333,0.338888888888889,0.344444444444444,0.35,0.355555555555556,
0.361111111111111,0.366666666666667,0.372222222222222,0.377777777777778,
0.383333333333333,0.388888888888889,0.394444444444444,0.4,0.405555555555556,
0.411111111111111,0.416666666666667,0.422222222222222,0.427777777777778,
0.433333333333333,0.438888888888889,0.444444444444444,0.45,0.455555555555556,
0.461111111111111,0.466666666666667,0.472222222222222,0.477777777777778,
0.483333333333333,0.488888888888889,0.494444444444444,0.5,0.505555555555556,
0.511111111111111,0.516666666666667,0.522222222222222,0.527777777777778,
0.533333333333333,0.538888888888889,0.544444444444444,0.55,0.555555555555556,
0.561111111111111,0.566666666666667,0.572222222222222,0.577777777777778,
0.583333333333333,0.588888888888889,0.594444444444444,0.6,0.605555555555556,
0.611111111111111,0.616666666666667,0.622222222222222,0.627777777777778,
0.633333333333333,0.638888888888889,0.644444444444444,0.65,0.655555555555556,
0.661111111111111,0.666666666666667,0.672222222222222,0.677777777777778,
0.683333333333333,0.688888888888889,0.694444444444444,0.7,0.705555555555556,
0.711111111111111,0.716666666666667,0.722222222222222,0.727777777777778,
0.733333333333333,0.738888888888889,0.744444444444444,0.75,0.755555555555556,
0.761111111111111,0.766666666666667,0.772222222222222,0.777777777777778,
0.783333333333333,0.788888888888889,0.794444444444444,0.8,0.805555555555556,
0.811111111111111,0.816666666666667,0.822222222222222,0.827777777777778,
0.833333333333333,0.833720386780835),.PIECEWISE_BEZIER_KNOTS.)
GEOMETRIC_REPRESENTATION_ITEM()
RATIONAL_B_SPLINE_SURFACE(((0.987303304226849,0.974363632950467,1.,0.965925826289068,
1.,0.965925826289068,1.,0.965925826289068,1.,0.965925826289068,1.,0.965925826289068,
1.,0.965925826289068,1.,0.965925826289068,1.,0.965925826289068,1.,0.965925826289068,
1.,0.965925826289068,1.,0.965925826289068,1.,0.965925826289068,1.,0.965925826289068,
1.,0.965925826289068,1.,0.965925826289068,1.,0.965925826289068,1.,0.965925826289068,
1.,0.965925826289068,1.,0.965925826289068,1.,0.965925826289068,1.,0.965925826289068,
1.,0.965925826289068,1.,0.965925826289068,1.,0.965925826289068,1.,0.965925826289068,
1.,0.965925826289068,1.,0.965925826289068,1.,0.965925826289068,1.,0.965925826289068,
1.,0.965925826289068,1.,0.965925826289068,1.,0.965925826289068,1.,0.965925826289068,
1.,0.965925826289068,1.,0.965925826289068,1.,0.965925826289068,1.,0.965925826289068,
1.,0.965925826289068,1.,0.965925826289068,1.,0.965925826289068,1.,0.965925826289068,
1.,0.965925826289068,1.,0.965925826289068,1.,0.965925826289068,1.,0.965925826289068,
1.,0.965925826289068,1.,0.965925826289068,1.,0.965925826289068,1.,0.965925826289068,
1.,0.965925826289068,1.,0.965925826289068,1.,0.965925826289068,1.,0.965925826289068,
1.,0.965925826289068,1.,0.965925826289068,1.,0.965925826289068,1.,0.965925826289068,
1.,0.965925826289068,1.,0.965925826289068,1.,0.965925826289068,1.,0.965925826289068,
1.,0.965925826289068,1.,0.965925826289068,1.,0.965925826289068,1.,0.965925826289068,
1.,0.965925826289068,1.,0.965925826289068,1.,0.965925826289068,1.,0.965925826289068,
1.,0.965925826289068,1.,0.965925826289068,1.,0.965925826289068,1.,0.965925826289068,
1.,0.965925826289068,1.,0.965925826289068,1.,0.965925826289068,1.,0.965925826289068,
1.,0.965925826289068,1.,0.965925826289068,1.,0.965925826289068,1.,0.965925826289068,
1.,0.965925826289068,1.,0.965925826289068,1.,0.965925826289068,1.,0.965925826289068,
1.,0.965925826289068,1.,0.965925826289068,1.,0.965925826289068,1.,0.965925826289068,
1.,0.965925826289068,1.,0.965925826289068,1.,0.965925826289068,1.,0.965925826289068,
1.,0.965925826289068,1.,0.965925826289068,1.,0.965925826289068,1.,0.965925826289068,
1.,0.965925826289068,1.,0.965925826289068,1.,0.965925826289068,1.,0.965925826289068,
1.,0.965925826289068,1.,0.965925826289068,1.,0.965925826289068,1.,0.965925826289068,
1.,0.965925826289068,1.,0.965925826289068,1.,0.965925826289068,1.,0.965925826289068,
1.,0.965925826289068,1.,0.965925826289068,1.,0.965925826289068,1.,0.965925826289068,
1.,0.965925826289068,1.,0.965925826289068,1.,0.965925826289068,1.,0.965925826289068,
1.,0.965925826289068,1.,0.965925826289068,1.,0.965925826289068,1.,0.965925826289068,
1.,0.965925826289068,1.,0.965925826289068,1.,0.965925826289068,1.,0.965925826289068,
1.,0.965925826289068,1.,0.965925826289068,1.,0.965925826289068,1.,0.965925826289068,
1.,0.965925826289068,1.,0.965925826289068,1.,0.965925826289068,1.,0.965925826289068,
1.,0.965925826289068,1.,0.965925826289068,1.,0.965925826289068,1.,0.965925826289068,
1.,0.965925826289068,1.,0.965925826289068,1.,0.965925826289068,1.,0.965925826289068,
1.,0.965925826289068,1.,0.965925826289068,1.,0.965925826289068,1.,0.997626065246994,
0.995582912760894),(0.987303304226849,0.974363632950467,1.,0.965925826289068,
1.,0.965925826289068,1.,0.965925826289068,1.,0.965925826289068,1.,0.965925826289068,
1.,0.965925826289068,1.,0.965925826289068,1.,0.965925826289068,1.,0.965925826289068,
1.,0.965925826289068,1.,0.965925826289068,1.,0.965925826289068,1.,0.965925826289068,
1.,0.965925826289068,1.,0.965925826289068,1.,0.965925826289068,1.,0.965925826289068,
1.,0.965925826289068,1.,0.965925826289068,1.,0.965925826289068,1.,0.965925826289068,
1.,0.965925826289068,1.,0.965925826289068,1.,0.965925826289068,1.,0.965925826289068,
1.,0.965925826289068,1.,0.965925826289068,1.,0.965925826289068,1.,0.965925826289068,
1.,0.965925826289068,1.,0.965925826289068,1.,0.965925826289068,1.,0.965925826289068,
1.,0.965925826289068,1.,0.965925826289068,1.,0.965925826289068,1.,0.965925826289068,
1.,0.965925826289068,1.,0.965925826289068,1.,0.965925826289068,1.,0.965925826289068,
1.,0.965925826289068,1.,0.965925826289068,1.,0.965925826289068,1.,0.965925826289068,
1.,0.965925826289068,1.,0.965925826289068,1.,0.965925826289068,1.,0.965925826289068,
1.,0.965925826289068,1.,0.965925826289068,1.,0.965925826289068,1.,0.965925826289068,
1.,0.965925826289068,1.,0.965925826289068,1.,0.965925826289068,1.,0.965925826289068,
1.,0.965925826289068,1.,0.965925826289068,1.,0.965925826289068,1.,0.965925826289068,
1.,0.965925826289068,1.,0.965925826289068,1.,0.965925826289068,1.,0.965925826289068,
1.,0.965925826289068,1.,0.965925826289068,1.,0.965925826289068,1.,0.965925826289068,
1.,0.965925826289068,1.,0.965925826289068,1.,0.965925826289068,1.,0.965925826289068,
1.,0.965925826289068,1.,0.965925826289068,1.,0.965925826289068,1.,0.965925826289068,
1.,0.965925826289068,1.,0.965925826289068,1.,0.965925826289068,1.,0.965925826289068,
1.,0.965925826289068,1.,0.965925826289068,1.,0.965925826289068,1.,0.965925826289068,
1.,0.965925826289068,1.,0.965925826289068,1.,0.965925826289068,1.,0.965925826289068,
1.,0.965925826289068,1.,0.965925826289068,1.,0.965925826289068,1.,0.965925826289068,
1.,0.965925826289068,1.,0.965925826289068,1.,0.965925826289068,1.,0.965925826289068,
1.,0.965925826289068,1.,0.965925826289068,1.,0.965925826289068,1.,0.965925826289068,
1.,0.965925826289068,1.,0.965925826289068,1.,0.965925826289068,1.,0.965925826289068,
1.,0.965925826289068,1.,0.965925826289068,1.,0.965925826289068,1.,0.965925826289068,
1.,0.965925826289068,1.,0.965925826289068,1.,0.965925826289068,1.,0.965925826289068,
1.,0.965925826289068,1.,0.965925826289068,1.,0.965925826289068,1.,0.965925826289068,
1.,0.965925826289068,1.,0.965925826289068,1.,0.965925826289068,1.,0.965925826289068,
1.,0.965925826289068,1.,0.965925826289068,1.,0.965925826289068,1.,0.965925826289068,
1.,0.965925826289068,1.,0.965925826289068,1.,0.965925826289068,1.,0.965925826289068,
1.,0.965925826289068,1.,0.965925826289068,1.,0.965925826289068,1.,0.965925826289068,
1.,0.965925826289068,1.,0.965925826289068,1.,0.965925826289068,1.,0.965925826289068,
1.,0.965925826289068,1.,0.965925826289068,1.,0.965925826289068,1.,0.965925826289068,
1.,0.965925826289068,1.,0.965925826289068,1.,0.965925826289068,1.,0.997626065246994,
0.995582912760894)))
REPRESENTATION_ITEM('')
SURFACE()
);
#22=PLANE('',#189);
#23=PLANE('',#193);
#24=PLANE('',#194);
#25=B_SPLINE_CURVE_WITH_KNOTS('',3,(#972,#973,#974,#975,#976,#977,#978),
 .UNSPECIFIED.,.F.,.F.,(4,1,1,1,4),(0.,0.00174667287257396,0.00349334574514791,
0.00524001861772187,0.00698669149029583),.UNSPECIFIED.);
#26=B_SPLINE_CURVE_WITH_KNOTS('',3,(#979,#980,#981,#982),.UNSPECIFIED.,
 .F.,.F.,(4,4),(0.,0.000837585359364699),.UNSPECIFIED.);
#27=B_SPLINE_CURVE_WITH_KNOTS('',3,(#986,#987,#988,#989),.UNSPECIFIED.,
 .F.,.F.,(4,4),(0.,0.0011690584928185),.UNSPECIFIED.);
#28=B_SPLINE_CURVE_WITH_KNOTS('',3,(#993,#994,#995,#996,#997,#998,#999,
#1000,#1001),.UNSPECIFIED.,.F.,.F.,(4,1,1,1,1,1,4),(0.,0.00183154857851538,
0.00274732286777306,0.00366309715703075,0.00457887144628844,0.00549464573554613,
0.0073261943140615),.UNSPECIFIED.);
#29=CONICAL_SURFACE('',#180,1.7,0.785398163397448);
#30=CONICAL_SURFACE('',#183,1.7,0.785398163397449);
#31=(
BOUNDED_CURVE()
B_SPLINE_CURVE(2,(#241,#242,#243,#244,#245,#246,#247,#248,#249,#250,#251,
#252,#253,#254,#255,#256,#257,#258,#259,#260,#261,#262,#263,#264,#265,#266,
#267,#268,#269,#270,#271,#272,#273,#274,#275,#276,#277,#278,#279,#280,#281,
#282,#283,#284,#285,#286,#287,#288,#289,#290,#291,#292,#293,#294,#295,#296,
#297,#298,#299,#300,#301,#302,#303,#304,#305,#306,#307,#308,#309,#310,#311,
#312,#313,#314,#315,#316,#317,#318,#319,#320,#321,#322,#323,#324,#325,#326,
#327,#328,#329,#330,#331,#332,#333,#334,#335,#336,#337,#338,#339,#340,#341,
#342,#343,#344,#345,#346,#347,#348,#349,#350,#351,#352,#353,#354,#355,#356,
#357,#358,#359,#360,#361,#362,#363,#364,#365,#366,#367,#368,#369,#370,#371,
#372,#373,#374,#375,#376,#377,#378,#379,#380,#381,#382,#383,#384,#385,#386,
#387,#388,#389,#390,#391,#392,#393,#394,#395,#396,#397,#398,#399,#400,#401,
#402,#403,#404,#405,#406,#407,#408,#409,#410,#411,#412,#413,#414,#415,#416,
#417,#418,#419,#420,#421,#422,#423,#424,#425,#426,#427,#428,#429,#430,#431,
#432,#433,#434,#435,#436,#437,#438,#439,#440,#441,#442,#443,#444,#445,#446,
#447,#448,#449,#450,#451,#452,#453,#454,#455,#456,#457,#458,#459,#460,#461,
#462,#463,#464,#465,#466,#467,#468,#469,#470,#471,#472,#473,#474,#475,#476,
#477,#478,#479,#480,#481,#482,#483,#484,#485,#486,#487,#488,#489,#490,#491,
#492,#493,#494,#495,#496,#497,#498,#499,#500,#501,#502,#503,#504,#505,#506,
#507,#508,#509,#510,#511,#512,#513,#514,#515,#516,#517,#518,#519,#520,#521,
#522,#523,#524,#525,#526,#527,#528,#529,#530,#531,#532,#533,#534,#535,#536,
#537,#538,#539,#540,#541,#542,#543,#544,#545,#546,#547,#548,#549,#550,#551,
#552,#553,#554,#555,#556,#557,#558,#559,#560,#561,#562,#563,#564,#565,#566,
#567,#568,#569,#570,#571,#572,#573,#574,#575,#576,#577,#578,#579,#580,#581,
#582,#583,#584,#585,#586,#587,#588,#589,#590,#591,#592,#593,#594,#595,#596,
#597,#598,#599,#600,#601),.UNSPECIFIED.,.F.,.F.)
B_SPLINE_CURVE_WITH_KNOTS((3,2,2,2,2,2,2,2,2,2,2,2,2,2,2,2,2,2,2,2,2,2,
2,2,2,2,2,2,2,2,2,2,2,2,2,2,2,2,2,2,2,2,2,2,2,2,2,2,2,2,2,2,2,2,2,2,2,2,
2,2,2,2,2,2,2,2,2,2,2,2,2,2,2,2,2,2,2,2,2,2,2,2,2,2,2,2,2,2,2,2,2,2,2,2,
2,2,2,2,2,2,2,2,2,2,2,2,2,2,2,2,2,2,2,2,2,2,2,2,2,2,2,2,2,2,2,2,2,2,2,2,
2,2,2,2,2,2,2,2,2,2,2,2,2,2,2,2,2,2,2,2,2,2,2,2,2,2,2,2,2,2,2,2,2,2,2,2,
2,2,2,2,2,2,2,2,2,2,2,2,2,2,3),(0.,0.00555555555555556,0.0111111111111111,
0.0166666666666667,0.0222222222222222,0.0277777777777778,0.0333333333333333,
0.0388888888888889,0.0444444444444444,0.05,0.0555555555555556,0.0611111111111111,
0.0666666666666667,0.0722222222222222,0.0777777777777778,0.0833333333333333,
0.0888888888888889,0.0944444444444444,0.1,0.105555555555556,0.111111111111111,
0.116666666666667,0.122222222222222,0.127777777777778,0.133333333333333,
0.138888888888889,0.144444444444444,0.15,0.155555555555556,0.161111111111111,
0.166666666666667,0.172222222222222,0.177777777777778,0.183333333333333,
0.188888888888889,0.194444444444444,0.2,0.205555555555556,0.211111111111111,
0.216666666666667,0.222222222222222,0.227777777777778,0.233333333333333,
0.238888888888889,0.244444444444444,0.25,0.255555555555556,0.261111111111111,
0.266666666666667,0.272222222222222,0.277777777777778,0.283333333333333,
0.288888888888889,0.294444444444444,0.3,0.305555555555556,0.311111111111111,
0.316666666666667,0.322222222222222,0.327777777777778,0.333333333333333,
0.338888888888889,0.344444444444444,0.35,0.355555555555556,0.361111111111111,
0.366666666666667,0.372222222222222,0.377777777777778,0.383333333333333,
0.388888888888889,0.394444444444444,0.4,0.405555555555556,0.411111111111111,
0.416666666666667,0.422222222222222,0.427777777777778,0.433333333333333,
0.438888888888889,0.444444444444444,0.45,0.455555555555556,0.461111111111111,
0.466666666666667,0.472222222222222,0.477777777777778,0.483333333333333,
0.488888888888889,0.494444444444444,0.5,0.505555555555556,0.511111111111111,
0.516666666666667,0.522222222222222,0.527777777777778,0.533333333333333,
0.538888888888889,0.544444444444444,0.55,0.555555555555556,0.561111111111111,
0.566666666666667,0.572222222222222,0.577777777777778,0.583333333333333,
0.588888888888889,0.594444444444444,0.6,0.605555555555556,0.611111111111111,
0.616666666666667,0.622222222222222,0.627777777777778,0.633333333333333,
0.638888888888889,0.644444444444444,0.65,0.655555555555556,0.661111111111111,
0.666666666666667,0.672222222222222,0.677777777777778,0.683333333333333,
0.688888888888889,0.694444444444444,0.7,0.705555555555556,0.711111111111111,
0.716666666666667,0.722222222222222,0.727777777777778,0.733333333333333,
0.738888888888889,0.744444444444444,0.75,0.755555555555556,0.761111111111111,
0.766666666666667,0.772222222222222,0.777777777777778,0.783333333333333,
0.788888888888889,0.794444444444444,0.8,0.805555555555556,0.811111111111111,
0.816666666666667,0.822222222222222,0.827777777777778,0.833333333333333,
0.838888888888889,0.844444444444444,0.85,0.855555555555556,0.861111111111111,
0.866666666666667,0.872222222222222,0.877777777777778,0.883333333333333,
0.888888888888889,0.894444444444444,0.9,0.905555555555556,0.911111111111111,
0.916666666666667,0.922222222222222,0.927777777777778,0.933333333333333,
0.938888888888889,0.944444444444444,0.95,0.955555555555556,0.961111111111111,
0.966666666666667,0.972222222222222,0.977777777777778,0.983333333333333,
0.988888888888889,0.994444444444444,1.),.PIECEWISE_BEZIER_KNOTS.)
CURVE()
GEOMETRIC_REPRESENTATION_ITEM()
RATIONAL_B_SPLINE_CURVE((1.,0.965925826289068,1.,0.965925826289068,1.,0.965925826289068,
1.,0.965925826289068,1.,0.965925826289068,1.,0.965925826289068,1.,0.965925826289068,
1.,0.965925826289068,1.,0.965925826289068,1.,0.965925826289068,1.,0.965925826289068,
1.,0.965925826289068,1.,0.965925826289068,1.,0.965925826289068,1.,0.965925826289068,
1.,0.965925826289068,1.,0.965925826289068,1.,0.965925826289068,1.,0.965925826289068,
1.,0.965925826289068,1.,0.965925826289068,1.,0.965925826289068,1.,0.965925826289068,
1.,0.965925826289068,1.,0.965925826289068,1.,0.965925826289068,1.,0.965925826289068,
1.,0.965925826289068,1.,0.965925826289068,1.,0.965925826289068,1.,0.965925826289068,
1.,0.965925826289068,1.,0.965925826289068,1.,0.965925826289068,1.,0.965925826289068,
1.,0.965925826289068,1.,0.965925826289068,1.,0.965925826289068,1.,0.965925826289068,
1.,0.965925826289068,1.,0.965925826289068,1.,0.965925826289068,1.,0.965925826289068,
1.,0.965925826289068,1.,0.965925826289068,1.,0.965925826289068,1.,0.965925826289068,
1.,0.965925826289068,1.,0.965925826289068,1.,0.965925826289068,1.,0.965925826289068,
1.,0.965925826289068,1.,0.965925826289068,1.,0.965925826289068,1.,0.965925826289068,
1.,0.965925826289068,1.,0.965925826289068,1.,0.965925826289068,1.,0.965925826289068,
1.,0.965925826289068,1.,0.965925826289068,1.,0.965925826289068,1.,0.965925826289068,
1.,0.965925826289068,1.,0.965925826289068,1.,0.965925826289068,1.,0.965925826289068,
1.,0.965925826289068,1.,0.965925826289068,1.,0.965925826289068,1.,0.965925826289068,
1.,0.965925826289068,1.,0.965925826289068,1.,0.965925826289068,1.,0.965925826289068,
1.,0.965925826289068,1.,0.965925826289068,1.,0.965925826289068,1.,0.965925826289068,
1.,0.965925826289068,1.,0.965925826289068,1.,0.965925826289068,1.,0.965925826289068,
1.,0.965925826289068,1.,0.965925826289068,1.,0.965925826289068,1.,0.965925826289068,
1.,0.965925826289068,1.,0.965925826289068,1.,0.965925826289068,1.,0.965925826289068,
1.,0.965925826289068,1.,0.965925826289068,1.,0.965925826289068,1.,0.965925826289068,
1.,0.965925826289068,1.,0.965925826289068,1.,0.965925826289068,1.,0.965925826289068,
1.,0.965925826289068,1.,0.965925826289068,1.,0.965925826289068,1.,0.965925826289068,
1.,0.965925826289068,1.,0.965925826289068,1.,0.965925826289068,1.,0.965925826289068,
1.,0.965925826289068,1.,0.965925826289068,1.,0.965925826289068,1.,0.965925826289068,
1.,0.965925826289068,1.,0.965925826289068,1.,0.965925826289068,1.,0.965925826289068,
1.,0.965925826289068,1.,0.965925826289068,1.,0.965925826289068,1.,0.965925826289068,
1.,0.965925826289068,1.,0.965925826289068,1.,0.965925826289068,1.,0.965925826289068,
1.,0.965925826289068,1.,0.965925826289068,1.,0.965925826289068,1.,0.965925826289068,
1.,0.965925826289068,1.,0.965925826289068,1.,0.965925826289068,1.,0.965925826289068,
1.,0.965925826289068,1.,0.965925826289068,1.,0.965925826289068,1.,0.965925826289068,
1.,0.965925826289068,1.,0.965925826289068,1.,0.965925826289068,1.,0.965925826289068,
1.,0.965925826289068,1.,0.965925826289068,1.,0.965925826289068,1.,0.965925826289068,
1.,0.965925826289068,1.,0.965925826289068,1.,0.965925826289068,1.,0.965925826289068,
1.,0.965925826289068,1.,0.965925826289068,1.,0.965925826289068,1.,0.965925826289068,
1.,0.965925826289068,1.,0.965925826289068,1.,0.965925826289068,1.,0.965925826289068,
1.,0.965925826289068,1.,0.965925826289068,1.,0.965925826289068,1.,0.965925826289068,
1.,0.965925826289068,1.,0.965925826289068,1.,0.965925826289068,1.,0.965925826289068,
1.,0.965925826289068,1.,0.965925826289068,1.,0.965925826289068,1.,0.965925826289068,
1.,0.965925826289068,1.,0.965925826289068,1.,0.965925826289068,1.,0.965925826289068,
1.,0.965925826289068,1.,0.965925826289068,1.,0.965925826289068,1.,0.965925826289068,
1.,0.965925826289068,1.,0.965925826289068,1.,0.965925826289068,1.,0.965925826289068,
1.,0.965925826289068,1.))
REPRESENTATION_ITEM('')
);
#32=(
BOUNDED_CURVE()
B_SPLINE_CURVE(2,(#605,#606,#607,#608,#609,#610,#611,#612,#613,#614,#615,
#616,#617,#618,#619,#620,#621,#622,#623,#624,#625,#626,#627,#628,#629,#630,
#631,#632,#633,#634,#635,#636,#637,#638,#639,#640,#641,#642,#643,#644,#645,
#646,#647,#648,#649,#650,#651,#652,#653,#654,#655,#656,#657,#658,#659,#660,
#661,#662,#663,#664,#665,#666,#667,#668,#669,#670,#671,#672,#673,#674,#675,
#676,#677,#678,#679,#680,#681,#682,#683,#684,#685,#686,#687,#688,#689,#690,
#691,#692,#693,#694,#695,#696,#697,#698,#699,#700,#701,#702,#703,#704,#705,
#706,#707,#708,#709,#710,#711,#712,#713,#714,#715,#716,#717,#718,#719,#720,
#721,#722,#723,#724,#725,#726,#727,#728,#729,#730,#731,#732,#733,#734,#735,
#736,#737,#738,#739,#740,#741,#742,#743,#744,#745,#746,#747,#748,#749,#750,
#751,#752,#753,#754,#755,#756,#757,#758,#759,#760,#761,#762,#763,#764,#765,
#766,#767,#768,#769,#770,#771,#772,#773,#774,#775,#776,#777,#778,#779,#780,
#781,#782,#783,#784,#785,#786,#787,#788,#789,#790,#791,#792,#793,#794,#795,
#796,#797,#798,#799,#800,#801,#802,#803,#804,#805,#806,#807,#808,#809,#810,
#811,#812,#813,#814,#815,#816,#817,#818,#819,#820,#821,#822,#823,#824,#825,
#826,#827,#828,#829,#830,#831,#832,#833,#834,#835,#836,#837,#838,#839,#840,
#841,#842,#843,#844,#845,#846,#847,#848,#849,#850,#851,#852,#853,#854,#855,
#856,#857,#858,#859,#860,#861,#862,#863,#864,#865,#866,#867,#868,#869,#870,
#871,#872,#873,#874,#875,#876,#877,#878,#879,#880,#881,#882,#883,#884,#885,
#886,#887,#888,#889,#890,#891,#892,#893,#894,#895,#896,#897,#898,#899,#900,
#901,#902,#903,#904,#905,#906,#907,#908,#909,#910,#911,#912,#913,#914,#915,
#916,#917,#918,#919,#920,#921,#922,#923,#924,#925,#926,#927,#928,#929,#930,
#931,#932,#933,#934,#935,#936,#937,#938,#939,#940,#941,#942,#943,#944,#945,
#946,#947,#948,#949,#950,#951,#952,#953,#954,#955,#956,#957,#958,#959,#960,
#961,#962,#963,#964,#965),.UNSPECIFIED.,.F.,.F.)
B_SPLINE_CURVE_WITH_KNOTS((3,2,2,2,2,2,2,2,2,2,2,2,2,2,2,2,2,2,2,2,2,2,
2,2,2,2,2,2,2,2,2,2,2,2,2,2,2,2,2,2,2,2,2,2,2,2,2,2,2,2,2,2,2,2,2,2,2,2,
2,2,2,2,2,2,2,2,2,2,2,2,2,2,2,2,2,2,2,2,2,2,2,2,2,2,2,2,2,2,2,2,2,2,2,2,
2,2,2,2,2,2,2,2,2,2,2,2,2,2,2,2,2,2,2,2,2,2,2,2,2,2,2,2,2,2,2,2,2,2,2,2,
2,2,2,2,2,2,2,2,2,2,2,2,2,2,2,2,2,2,2,2,2,2,2,2,2,2,2,2,2,2,2,2,2,2,2,2,
2,2,2,2,2,2,2,2,2,2,2,2,2,2,3),(0.,0.00555555555555556,0.0111111111111111,
0.0166666666666667,0.0222222222222222,0.0277777777777778,0.0333333333333333,
0.0388888888888889,0.0444444444444444,0.05,0.0555555555555556,0.0611111111111111,
0.0666666666666667,0.0722222222222222,0.0777777777777778,0.0833333333333333,
0.0888888888888889,0.0944444444444444,0.1,0.105555555555556,0.111111111111111,
0.116666666666667,0.122222222222222,0.127777777777778,0.133333333333333,
0.138888888888889,0.144444444444444,0.15,0.155555555555556,0.161111111111111,
0.166666666666667,0.172222222222222,0.177777777777778,0.183333333333333,
0.188888888888889,0.194444444444444,0.2,0.205555555555556,0.211111111111111,
0.216666666666667,0.222222222222222,0.227777777777778,0.233333333333333,
0.238888888888889,0.244444444444444,0.25,0.255555555555556,0.261111111111111,
0.266666666666667,0.272222222222222,0.277777777777778,0.283333333333333,
0.288888888888889,0.294444444444444,0.3,0.305555555555556,0.311111111111111,
0.316666666666667,0.322222222222222,0.327777777777778,0.333333333333333,
0.338888888888889,0.344444444444444,0.35,0.355555555555556,0.361111111111111,
0.366666666666667,0.372222222222222,0.377777777777778,0.383333333333333,
0.388888888888889,0.394444444444444,0.4,0.405555555555556,0.411111111111111,
0.416666666666667,0.422222222222222,0.427777777777778,0.433333333333333,
0.438888888888889,0.444444444444444,0.45,0.455555555555556,0.461111111111111,
0.466666666666667,0.472222222222222,0.477777777777778,0.483333333333333,
0.488888888888889,0.494444444444444,0.5,0.505555555555556,0.511111111111111,
0.516666666666667,0.522222222222222,0.527777777777778,0.533333333333333,
0.538888888888889,0.544444444444444,0.55,0.555555555555556,0.561111111111111,
0.566666666666667,0.572222222222222,0.577777777777778,0.583333333333333,
0.588888888888889,0.594444444444444,0.6,0.605555555555556,0.611111111111111,
0.616666666666667,0.622222222222222,0.627777777777778,0.633333333333333,
0.638888888888889,0.644444444444444,0.65,0.655555555555556,0.661111111111111,
0.666666666666667,0.672222222222222,0.677777777777778,0.683333333333333,
0.688888888888889,0.694444444444444,0.7,0.705555555555556,0.711111111111111,
0.716666666666667,0.722222222222222,0.727777777777778,0.733333333333333,
0.738888888888889,0.744444444444444,0.75,0.755555555555556,0.761111111111111,
0.766666666666667,0.772222222222222,0.777777777777778,0.783333333333333,
0.788888888888889,0.794444444444444,0.8,0.805555555555556,0.811111111111111,
0.816666666666667,0.822222222222222,0.827777777777778,0.833333333333333,
0.838888888888889,0.844444444444444,0.85,0.855555555555556,0.861111111111111,
0.866666666666667,0.872222222222222,0.877777777777778,0.883333333333333,
0.888888888888889,0.894444444444444,0.9,0.905555555555556,0.911111111111111,
0.916666666666667,0.922222222222222,0.927777777777778,0.933333333333333,
0.938888888888889,0.944444444444444,0.95,0.955555555555556,0.961111111111111,
0.966666666666667,0.972222222222222,0.977777777777778,0.983333333333333,
0.988888888888889,0.994444444444444,1.),.PIECEWISE_BEZIER_KNOTS.)
CURVE()
GEOMETRIC_REPRESENTATION_ITEM()
RATIONAL_B_SPLINE_CURVE((1.,0.965925826289068,1.,0.965925826289068,1.,0.965925826289068,
1.,0.965925826289068,1.,0.965925826289068,1.,0.965925826289068,1.,0.965925826289068,
1.,0.965925826289068,1.,0.965925826289068,1.,0.965925826289068,1.,0.965925826289068,
1.,0.965925826289068,1.,0.965925826289068,1.,0.965925826289068,1.,0.965925826289068,
1.,0.965925826289068,1.,0.965925826289068,1.,0.965925826289068,1.,0.965925826289068,
1.,0.965925826289068,1.,0.965925826289068,1.,0.965925826289068,1.,0.965925826289068,
1.,0.965925826289068,1.,0.965925826289068,1.,0.965925826289068,1.,0.965925826289068,
1.,0.965925826289068,1.,0.965925826289068,1.,0.965925826289068,1.,0.965925826289068,
1.,0.965925826289068,1.,0.965925826289068,1.,0.965925826289068,1.,0.965925826289068,
1.,0.965925826289068,1.,0.965925826289068,1.,0.965925826289068,1.,0.965925826289068,
1.,0.965925826289068,1.,0.965925826289068,1.,0.965925826289068,1.,0.965925826289068,
1.,0.965925826289068,1.,0.965925826289068,1.,0.965925826289068,1.,0.965925826289068,
1.,0.965925826289068,1.,0.965925826289068,1.,0.965925826289068,1.,0.965925826289068,
1.,0.965925826289068,1.,0.965925826289068,1.,0.965925826289068,1.,0.965925826289068,
1.,0.965925826289068,1.,0.965925826289068,1.,0.965925826289068,1.,0.965925826289068,
1.,0.965925826289068,1.,0.965925826289068,1.,0.965925826289068,1.,0.965925826289068,
1.,0.965925826289068,1.,0.965925826289068,1.,0.965925826289068,1.,0.965925826289068,
1.,0.965925826289068,1.,0.965925826289068,1.,0.965925826289068,1.,0.965925826289068,
1.,0.965925826289068,1.,0.965925826289068,1.,0.965925826289068,1.,0.965925826289068,
1.,0.965925826289068,1.,0.965925826289068,1.,0.965925826289068,1.,0.965925826289068,
1.,0.965925826289068,1.,0.965925826289068,1.,0.965925826289068,1.,0.965925826289068,
1.,0.965925826289068,1.,0.965925826289068,1.,0.965925826289068,1.,0.965925826289068,
1.,0.965925826289068,1.,0.965925826289068,1.,0.965925826289068,1.,0.965925826289068,
1.,0.965925826289068,1.,0.965925826289068,1.,0.965925826289068,1.,0.965925826289068,
1.,0.965925826289068,1.,0.965925826289068,1.,0.965925826289068,1.,0.965925826289068,
1.,0.965925826289068,1.,0.965925826289068,1.,0.965925826289068,1.,0.965925826289068,
1.,0.965925826289068,1.,0.965925826289068,1.,0.965925826289068,1.,0.965925826289068,
1.,0.965925826289068,1.,0.965925826289068,1.,0.965925826289068,1.,0.965925826289068,
1.,0.965925826289068,1.,0.965925826289068,1.,0.965925826289068,1.,0.965925826289068,
1.,0.965925826289068,1.,0.965925826289068,1.,0.965925826289068,1.,0.965925826289068,
1.,0.965925826289068,1.,0.965925826289068,1.,0.965925826289068,1.,0.965925826289068,
1.,0.965925826289068,1.,0.965925826289068,1.,0.965925826289068,1.,0.965925826289068,
1.,0.965925826289068,1.,0.965925826289068,1.,0.965925826289068,1.,0.965925826289068,
1.,0.965925826289068,1.,0.965925826289068,1.,0.965925826289068,1.,0.965925826289068,
1.,0.965925826289068,1.,0.965925826289068,1.,0.965925826289068,1.,0.965925826289068,
1.,0.965925826289068,1.,0.965925826289068,1.,0.965925826289068,1.,0.965925826289068,
1.,0.965925826289068,1.,0.965925826289068,1.,0.965925826289068,1.,0.965925826289068,
1.,0.965925826289068,1.,0.965925826289068,1.,0.965925826289068,1.,0.965925826289068,
1.,0.965925826289068,1.,0.965925826289068,1.,0.965925826289068,1.,0.965925826289068,
1.,0.965925826289068,1.,0.965925826289068,1.,0.965925826289068,1.,0.965925826289068,
1.,0.965925826289068,1.,0.965925826289068,1.,0.965925826289068,1.,0.965925826289068,
1.,0.965925826289068,1.,0.965925826289068,1.,0.965925826289068,1.,0.965925826289068,
1.,0.965925826289068,1.,0.965925826289068,1.,0.965925826289068,1.,0.965925826289068,
1.,0.965925826289068,1.,0.965925826289068,1.,0.965925826289068,1.,0.965925826289068,
1.,0.965925826289068,1.,0.965925826289068,1.,0.965925826289068,1.,0.965925826289068,
1.,0.965925826289068,1.))
REPRESENTATION_ITEM('')
);
#33=(
BOUNDED_CURVE()
B_SPLINE_CURVE(2,(#1597,#1598,#1599,#1600,#1601,#1602,#1603,#1604,#1605,
#1606,#1607,#1608,#1609,#1610,#1611,#1612,#1613,#1614,#1615,#1616,#1617,
#1618,#1619,#1620,#1621,#1622,#1623,#1624,#1625,#1626,#1627,#1628,#1629,
#1630,#1631,#1632,#1633,#1634,#1635,#1636,#1637,#1638,#1639,#1640,#1641,
#1642,#1643,#1644,#1645,#1646,#1647,#1648,#1649,#1650,#1651,#1652,#1653,
#1654,#1655,#1656,#1657,#1658,#1659,#1660,#1661,#1662,#1663,#1664,#1665,
#1666,#1667,#1668,#1669,#1670,#1671,#1672,#1673,#1674,#1675,#1676,#1677,
#1678,#1679,#1680,#1681,#1682,#1683,#1684,#1685,#1686,#1687,#1688,#1689,
#1690,#1691,#1692,#1693,#1694,#1695,#1696,#1697,#1698,#1699,#1700,#1701,
#1702,#1703,#1704,#1705,#1706,#1707,#1708,#1709,#1710,#1711,#1712,#1713,
#1714,#1715,#1716,#1717,#1718,#1719,#1720,#1721,#1722,#1723,#1724,#1725,
#1726,#1727,#1728,#1729,#1730,#1731,#1732,#1733,#1734,#1735,#1736,#1737,
#1738,#1739,#1740,#1741,#1742,#1743,#1744,#1745,#1746,#1747,#1748,#1749,
#1750,#1751,#1752,#1753,#1754,#1755,#1756,#1757,#1758,#1759,#1760,#1761,
#1762,#1763,#1764,#1765,#1766,#1767,#1768,#1769,#1770,#1771,#1772,#1773,
#1774,#1775,#1776,#1777,#1778,#1779,#1780,#1781,#1782,#1783,#1784,#1785,
#1786,#1787,#1788,#1789,#1790,#1791,#1792,#1793,#1794,#1795,#1796,#1797,
#1798,#1799,#1800,#1801,#1802,#1803,#1804,#1805,#1806,#1807,#1808,#1809,
#1810,#1811,#1812,#1813,#1814,#1815,#1816,#1817,#1818,#1819,#1820,#1821,
#1822,#1823,#1824,#1825,#1826,#1827,#1828,#1829,#1830,#1831,#1832,#1833,
#1834,#1835,#1836,#1837,#1838,#1839,#1840,#1841,#1842,#1843,#1844,#1845,
#1846,#1847,#1848,#1849,#1850,#1851,#1852,#1853,#1854,#1855,#1856,#1857,
#1858,#1859,#1860,#1861,#1862,#1863,#1864,#1865,#1866,#1867,#1868,#1869,
#1870,#1871,#1872,#1873,#1874,#1875,#1876,#1877,#1878,#1879,#1880,#1881,
#1882,#1883,#1884,#1885,#1886,#1887,#1888,#1889,#1890,#1891,#1892,#1893,
#1894,#1895,#1896,#1897,#1898,#1899,#1900,#1901,#1902,#1903,#1904,#1905,
#1906,#1907,#1908,#1909,#1910,#1911,#1912,#1913,#1914,#1915,#1916,#1917,
#1918,#1919,#1920,#1921,#1922,#1923,#1924,#1925,#1926,#1927,#1928,#1929,
#1930,#1931,#1932,#1933,#1934,#1935,#1936,#1937,#1938,#1939,#1940,#1941,
#1942,#1943,#1944,#1945,#1946,#1947,#1948,#1949,#1950,#1951,#1952,#1953,
#1954,#1955,#1956,#1957),.UNSPECIFIED.,.F.,.F.)
B_SPLINE_CURVE_WITH_KNOTS((3,2,2,2,2,2,2,2,2,2,2,2,2,2,2,2,2,2,2,2,2,2,
2,2,2,2,2,2,2,2,2,2,2,2,2,2,2,2,2,2,2,2,2,2,2,2,2,2,2,2,2,2,2,2,2,2,2,2,
2,2,2,2,2,2,2,2,2,2,2,2,2,2,2,2,2,2,2,2,2,2,2,2,2,2,2,2,2,2,2,2,2,2,2,2,
2,2,2,2,2,2,2,2,2,2,2,2,2,2,2,2,2,2,2,2,2,2,2,2,2,2,2,2,2,2,2,2,2,2,2,2,
2,2,2,2,2,2,2,2,2,2,2,2,2,2,2,2,2,2,2,2,2,2,2,2,2,2,2,2,2,2,2,2,2,2,2,2,
2,2,2,2,2,2,2,2,2,2,2,2,2,2,3),(0.,0.00555555555555556,0.0111111111111111,
0.0166666666666667,0.0222222222222222,0.0277777777777778,0.0333333333333333,
0.0388888888888889,0.0444444444444444,0.05,0.0555555555555556,0.0611111111111111,
0.0666666666666667,0.0722222222222222,0.0777777777777778,0.0833333333333333,
0.0888888888888889,0.0944444444444444,0.1,0.105555555555556,0.111111111111111,
0.116666666666667,0.122222222222222,0.127777777777778,0.133333333333333,
0.138888888888889,0.144444444444444,0.15,0.155555555555556,0.161111111111111,
0.166666666666667,0.172222222222222,0.177777777777778,0.183333333333333,
0.188888888888889,0.194444444444444,0.2,0.205555555555556,0.211111111111111,
0.216666666666667,0.222222222222222,0.227777777777778,0.233333333333333,
0.238888888888889,0.244444444444444,0.25,0.255555555555556,0.261111111111111,
0.266666666666667,0.272222222222222,0.277777777777778,0.283333333333333,
0.288888888888889,0.294444444444444,0.3,0.305555555555556,0.311111111111111,
0.316666666666667,0.322222222222222,0.327777777777778,0.333333333333333,
0.338888888888889,0.344444444444444,0.35,0.355555555555556,0.361111111111111,
0.366666666666667,0.372222222222222,0.377777777777778,0.383333333333333,
0.388888888888889,0.394444444444444,0.4,0.405555555555556,0.411111111111111,
0.416666666666667,0.422222222222222,0.427777777777778,0.433333333333333,
0.438888888888889,0.444444444444444,0.45,0.455555555555556,0.461111111111111,
0.466666666666667,0.472222222222222,0.477777777777778,0.483333333333333,
0.488888888888889,0.494444444444444,0.5,0.505555555555556,0.511111111111111,
0.516666666666667,0.522222222222222,0.527777777777778,0.533333333333333,
0.538888888888889,0.544444444444444,0.55,0.555555555555556,0.561111111111111,
0.566666666666667,0.572222222222222,0.577777777777778,0.583333333333333,
0.588888888888889,0.594444444444444,0.6,0.605555555555556,0.611111111111111,
0.616666666666667,0.622222222222222,0.627777777777778,0.633333333333333,
0.638888888888889,0.644444444444444,0.65,0.655555555555556,0.661111111111111,
0.666666666666667,0.672222222222222,0.677777777777778,0.683333333333333,
0.688888888888889,0.694444444444444,0.7,0.705555555555556,0.711111111111111,
0.716666666666667,0.722222222222222,0.727777777777778,0.733333333333333,
0.738888888888889,0.744444444444444,0.75,0.755555555555556,0.761111111111111,
0.766666666666667,0.772222222222222,0.777777777777778,0.783333333333333,
0.788888888888889,0.794444444444444,0.8,0.805555555555556,0.811111111111111,
0.816666666666667,0.822222222222222,0.827777777777778,0.833333333333333,
0.838888888888889,0.844444444444444,0.85,0.855555555555556,0.861111111111111,
0.866666666666667,0.872222222222222,0.877777777777778,0.883333333333333,
0.888888888888889,0.894444444444444,0.9,0.905555555555556,0.911111111111111,
0.916666666666667,0.922222222222222,0.927777777777778,0.933333333333333,
0.938888888888889,0.944444444444444,0.95,0.955555555555556,0.961111111111111,
0.966666666666667,0.972222222222222,0.977777777777778,0.983333333333333,
0.988888888888889,0.994444444444444,1.),.UNSPECIFIED.)
CURVE()
GEOMETRIC_REPRESENTATION_ITEM()
RATIONAL_B_SPLINE_CURVE((1.,0.965925826289068,1.,0.965925826289068,1.,0.965925826289068,
1.,0.965925826289068,1.,0.965925826289068,1.,0.965925826289068,1.,0.965925826289068,
1.,0.965925826289068,1.,0.965925826289068,1.,0.965925826289068,1.,0.965925826289068,
1.,0.965925826289068,1.,0.965925826289068,1.,0.965925826289068,1.,0.965925826289068,
1.,0.965925826289068,1.,0.965925826289068,1.,0.965925826289068,1.,0.965925826289068,
1.,0.965925826289068,1.,0.965925826289068,1.,0.965925826289068,1.,0.965925826289068,
1.,0.965925826289068,1.,0.965925826289068,1.,0.965925826289068,1.,0.965925826289068,
1.,0.965925826289068,1.,0.965925826289068,1.,0.965925826289068,1.,0.965925826289068,
1.,0.965925826289068,1.,0.965925826289068,1.,0.965925826289068,1.,0.965925826289068,
1.,0.965925826289068,1.,0.965925826289068,1.,0.965925826289068,1.,0.965925826289068,
1.,0.965925826289068,1.,0.965925826289068,1.,0.965925826289068,1.,0.965925826289068,
1.,0.965925826289068,1.,0.965925826289068,1.,0.965925826289068,1.,0.965925826289068,
1.,0.965925826289068,1.,0.965925826289068,1.,0.965925826289068,1.,0.965925826289068,
1.,0.965925826289068,1.,0.965925826289068,1.,0.965925826289068,1.,0.965925826289068,
1.,0.965925826289068,1.,0.965925826289068,1.,0.965925826289068,1.,0.965925826289068,
1.,0.965925826289068,1.,0.965925826289068,1.,0.965925826289068,1.,0.965925826289068,
1.,0.965925826289068,1.,0.965925826289068,1.,0.965925826289068,1.,0.965925826289068,
1.,0.965925826289068,1.,0.965925826289068,1.,0.965925826289068,1.,0.965925826289068,
1.,0.965925826289068,1.,0.965925826289068,1.,0.965925826289068,1.,0.965925826289068,
1.,0.965925826289068,1.,0.965925826289068,1.,0.965925826289068,1.,0.965925826289068,
1.,0.965925826289068,1.,0.965925826289068,1.,0.965925826289068,1.,0.965925826289068,
1.,0.965925826289068,1.,0.965925826289068,1.,0.965925826289068,1.,0.965925826289068,
1.,0.965925826289068,1.,0.965925826289068,1.,0.965925826289068,1.,0.965925826289068,
1.,0.965925826289068,1.,0.965925826289068,1.,0.965925826289068,1.,0.965925826289068,
1.,0.965925826289068,1.,0.965925826289068,1.,0.965925826289068,1.,0.965925826289068,
1.,0.965925826289068,1.,0.965925826289068,1.,0.965925826289068,1.,0.965925826289068,
1.,0.965925826289068,1.,0.965925826289068,1.,0.965925826289068,1.,0.965925826289068,
1.,0.965925826289068,1.,0.965925826289068,1.,0.965925826289068,1.,0.965925826289068,
1.,0.965925826289068,1.,0.965925826289068,1.,0.965925826289068,1.,0.965925826289068,
1.,0.965925826289068,1.,0.965925826289068,1.,0.965925826289068,1.,0.965925826289068,
1.,0.965925826289068,1.,0.965925826289068,1.,0.965925826289068,1.,0.965925826289068,
1.,0.965925826289068,1.,0.965925826289068,1.,0.965925826289068,1.,0.965925826289068,
1.,0.965925826289068,1.,0.965925826289068,1.,0.965925826289068,1.,0.965925826289068,
1.,0.965925826289068,1.,0.965925826289068,1.,0.965925826289068,1.,0.965925826289068,
1.,0.965925826289068,1.,0.965925826289068,1.,0.965925826289068,1.,0.965925826289068,
1.,0.965925826289068,1.,0.965925826289068,1.,0.965925826289068,1.,0.965925826289068,
1.,0.965925826289068,1.,0.965925826289068,1.,0.965925826289068,1.,0.965925826289068,
1.,0.965925826289068,1.,0.965925826289068,1.,0.965925826289068,1.,0.965925826289068,
1.,0.965925826289068,1.,0.965925826289068,1.,0.965925826289068,1.,0.965925826289068,
1.,0.965925826289068,1.,0.965925826289068,1.,0.965925826289068,1.,0.965925826289068,
1.,0.965925826289068,1.,0.965925826289068,1.,0.965925826289068,1.,0.965925826289068,
1.,0.965925826289068,1.,0.965925826289068,1.,0.965925826289068,1.,0.965925826289068,
1.,0.965925826289068,1.,0.965925826289068,1.,0.965925826289068,1.,0.965925826289068,
1.,0.965925826289068,1.,0.965925826289068,1.,0.965925826289068,1.,0.965925826289068,
1.,0.965925826289068,1.,0.965925826289068,1.,0.965925826289068,1.,0.965925826289068,
1.,0.965925826289068,1.))
REPRESENTATION_ITEM('')
);
#34=(
BOUNDED_CURVE()
B_SPLINE_CURVE(2,(#2544,#2545,#2546,#2547,#2548,#2549,#2550,#2551,#2552,
#2553,#2554,#2555,#2556,#2557,#2558,#2559,#2560,#2561,#2562,#2563,#2564,
#2565,#2566,#2567,#2568,#2569,#2570,#2571,#2572,#2573,#2574,#2575,#2576,
#2577,#2578,#2579,#2580,#2581,#2582,#2583,#2584,#2585,#2586,#2587,#2588,
#2589,#2590,#2591,#2592,#2593,#2594,#2595,#2596,#2597,#2598,#2599,#2600,
#2601,#2602,#2603,#2604,#2605,#2606,#2607,#2608,#2609,#2610,#2611,#2612,
#2613,#2614,#2615,#2616,#2617,#2618,#2619,#2620,#2621,#2622,#2623,#2624,
#2625,#2626,#2627,#2628,#2629,#2630,#2631,#2632,#2633,#2634,#2635,#2636,
#2637,#2638,#2639,#2640,#2641,#2642,#2643,#2644,#2645,#2646,#2647,#2648,
#2649,#2650,#2651,#2652,#2653,#2654,#2655,#2656,#2657,#2658,#2659,#2660,
#2661,#2662,#2663,#2664,#2665,#2666,#2667,#2668,#2669,#2670,#2671,#2672,
#2673,#2674,#2675,#2676,#2677,#2678,#2679,#2680,#2681,#2682,#2683,#2684,
#2685,#2686,#2687,#2688,#2689,#2690,#2691,#2692,#2693,#2694,#2695,#2696,
#2697,#2698,#2699,#2700,#2701,#2702,#2703,#2704,#2705,#2706,#2707,#2708,
#2709,#2710,#2711,#2712,#2713,#2714,#2715,#2716,#2717,#2718,#2719,#2720,
#2721,#2722,#2723,#2724,#2725,#2726,#2727,#2728,#2729,#2730,#2731,#2732,
#2733,#2734,#2735,#2736,#2737,#2738,#2739,#2740,#2741,#2742,#2743,#2744,
#2745,#2746,#2747,#2748,#2749,#2750,#2751,#2752,#2753,#2754,#2755,#2756,
#2757,#2758,#2759,#2760,#2761,#2762,#2763,#2764,#2765,#2766,#2767,#2768,
#2769,#2770,#2771,#2772,#2773,#2774,#2775,#2776,#2777,#2778,#2779,#2780,
#2781,#2782,#2783,#2784,#2785,#2786,#2787,#2788,#2789,#2790,#2791,#2792,
#2793,#2794,#2795,#2796,#2797,#2798,#2799,#2800,#2801,#2802,#2803,#2804,
#2805,#2806,#2807,#2808,#2809,#2810,#2811,#2812,#2813,#2814,#2815,#2816,
#2817,#2818,#2819,#2820,#2821,#2822,#2823,#2824,#2825,#2826,#2827,#2828,
#2829,#2830,#2831,#2832,#2833,#2834,#2835,#2836,#2837,#2838,#2839,#2840,
#2841,#2842,#2843,#2844,#2845,#2846,#2847,#2848,#2849,#2850,#2851,#2852,
#2853,#2854,#2855,#2856,#2857,#2858,#2859,#2860,#2861,#2862,#2863,#2864,
#2865,#2866,#2867,#2868,#2869,#2870,#2871,#2872,#2873,#2874,#2875,#2876,
#2877,#2878,#2879,#2880,#2881,#2882,#2883,#2884,#2885,#2886,#2887,#2888,
#2889,#2890,#2891,#2892,#2893,#2894,#2895,#2896,#2897,#2898,#2899,#2900,
#2901,#2902,#2903,#2904),.UNSPECIFIED.,.F.,.F.)
B_SPLINE_CURVE_WITH_KNOTS((3,2,2,2,2,2,2,2,2,2,2,2,2,2,2,2,2,2,2,2,2,2,
2,2,2,2,2,2,2,2,2,2,2,2,2,2,2,2,2,2,2,2,2,2,2,2,2,2,2,2,2,2,2,2,2,2,2,2,
2,2,2,2,2,2,2,2,2,2,2,2,2,2,2,2,2,2,2,2,2,2,2,2,2,2,2,2,2,2,2,2,2,2,2,2,
2,2,2,2,2,2,2,2,2,2,2,2,2,2,2,2,2,2,2,2,2,2,2,2,2,2,2,2,2,2,2,2,2,2,2,2,
2,2,2,2,2,2,2,2,2,2,2,2,2,2,2,2,2,2,2,2,2,2,2,2,2,2,2,2,2,2,2,2,2,2,2,2,
2,2,2,2,2,2,2,2,2,2,2,2,2,2,3),(0.,0.00555555555555556,0.0111111111111111,
0.0166666666666667,0.0222222222222222,0.0277777777777778,0.0333333333333333,
0.0388888888888889,0.0444444444444444,0.05,0.0555555555555556,0.0611111111111111,
0.0666666666666667,0.0722222222222222,0.0777777777777778,0.0833333333333333,
0.0888888888888889,0.0944444444444444,0.1,0.105555555555556,0.111111111111111,
0.116666666666667,0.122222222222222,0.127777777777778,0.133333333333333,
0.138888888888889,0.144444444444444,0.15,0.155555555555556,0.161111111111111,
0.166666666666667,0.172222222222222,0.177777777777778,0.183333333333333,
0.188888888888889,0.194444444444444,0.2,0.205555555555556,0.211111111111111,
0.216666666666667,0.222222222222222,0.227777777777778,0.233333333333333,
0.238888888888889,0.244444444444444,0.25,0.255555555555556,0.261111111111111,
0.266666666666667,0.272222222222222,0.277777777777778,0.283333333333333,
0.288888888888889,0.294444444444444,0.3,0.305555555555556,0.311111111111111,
0.316666666666667,0.322222222222222,0.327777777777778,0.333333333333333,
0.338888888888889,0.344444444444444,0.35,0.355555555555556,0.361111111111111,
0.366666666666667,0.372222222222222,0.377777777777778,0.383333333333333,
0.388888888888889,0.394444444444444,0.4,0.405555555555556,0.411111111111111,
0.416666666666667,0.422222222222222,0.427777777777778,0.433333333333333,
0.438888888888889,0.444444444444444,0.45,0.455555555555556,0.461111111111111,
0.466666666666667,0.472222222222222,0.477777777777778,0.483333333333333,
0.488888888888889,0.494444444444444,0.5,0.505555555555556,0.511111111111111,
0.516666666666667,0.522222222222222,0.527777777777778,0.533333333333333,
0.538888888888889,0.544444444444444,0.55,0.555555555555556,0.561111111111111,
0.566666666666667,0.572222222222222,0.577777777777778,0.583333333333333,
0.588888888888889,0.594444444444444,0.6,0.605555555555556,0.611111111111111,
0.616666666666667,0.622222222222222,0.627777777777778,0.633333333333333,
0.638888888888889,0.644444444444444,0.65,0.655555555555556,0.661111111111111,
0.666666666666667,0.672222222222222,0.677777777777778,0.683333333333333,
0.688888888888889,0.694444444444444,0.7,0.705555555555556,0.711111111111111,
0.716666666666667,0.722222222222222,0.727777777777778,0.733333333333333,
0.738888888888889,0.744444444444444,0.75,0.755555555555556,0.761111111111111,
0.766666666666667,0.772222222222222,0.777777777777778,0.783333333333333,
0.788888888888889,0.794444444444444,0.8,0.805555555555556,0.811111111111111,
0.816666666666667,0.822222222222222,0.827777777777778,0.833333333333333,
0.838888888888889,0.844444444444444,0.85,0.855555555555556,0.861111111111111,
0.866666666666667,0.872222222222222,0.877777777777778,0.883333333333333,
0.888888888888889,0.894444444444444,0.9,0.905555555555556,0.911111111111111,
0.916666666666667,0.922222222222222,0.927777777777778,0.933333333333333,
0.938888888888889,0.944444444444444,0.95,0.955555555555556,0.961111111111111,
0.966666666666667,0.972222222222222,0.977777777777778,0.983333333333333,
0.988888888888889,0.994444444444444,1.),.UNSPECIFIED.)
CURVE()
GEOMETRIC_REPRESENTATION_ITEM()
RATIONAL_B_SPLINE_CURVE((1.,0.965925826289068,1.,0.965925826289068,1.,0.965925826289068,
1.,0.965925826289068,1.,0.965925826289068,1.,0.965925826289068,1.,0.965925826289068,
1.,0.965925826289068,1.,0.965925826289068,1.,0.965925826289068,1.,0.965925826289068,
1.,0.965925826289068,1.,0.965925826289068,1.,0.965925826289068,1.,0.965925826289068,
1.,0.965925826289068,1.,0.965925826289068,1.,0.965925826289068,1.,0.965925826289068,
1.,0.965925826289068,1.,0.965925826289068,1.,0.965925826289068,1.,0.965925826289068,
1.,0.965925826289068,1.,0.965925826289068,1.,0.965925826289068,1.,0.965925826289068,
1.,0.965925826289068,1.,0.965925826289068,1.,0.965925826289068,1.,0.965925826289068,
1.,0.965925826289068,1.,0.965925826289068,1.,0.965925826289068,1.,0.965925826289068,
1.,0.965925826289068,1.,0.965925826289068,1.,0.965925826289068,1.,0.965925826289068,
1.,0.965925826289068,1.,0.965925826289068,1.,0.965925826289068,1.,0.965925826289068,
1.,0.965925826289068,1.,0.965925826289068,1.,0.965925826289068,1.,0.965925826289068,
1.,0.965925826289068,1.,0.965925826289068,1.,0.965925826289068,1.,0.965925826289068,
1.,0.965925826289068,1.,0.965925826289068,1.,0.965925826289068,1.,0.965925826289068,
1.,0.965925826289068,1.,0.965925826289068,1.,0.965925826289068,1.,0.965925826289068,
1.,0.965925826289068,1.,0.965925826289068,1.,0.965925826289068,1.,0.965925826289068,
1.,0.965925826289068,1.,0.965925826289068,1.,0.965925826289068,1.,0.965925826289068,
1.,0.965925826289068,1.,0.965925826289068,1.,0.965925826289068,1.,0.965925826289068,
1.,0.965925826289068,1.,0.965925826289068,1.,0.965925826289068,1.,0.965925826289068,
1.,0.965925826289068,1.,0.965925826289068,1.,0.965925826289068,1.,0.965925826289068,
1.,0.965925826289068,1.,0.965925826289068,1.,0.965925826289068,1.,0.965925826289068,
1.,0.965925826289068,1.,0.965925826289068,1.,0.965925826289068,1.,0.965925826289068,
1.,0.965925826289068,1.,0.965925826289068,1.,0.965925826289068,1.,0.965925826289068,
1.,0.965925826289068,1.,0.965925826289068,1.,0.965925826289068,1.,0.965925826289068,
1.,0.965925826289068,1.,0.965925826289068,1.,0.965925826289068,1.,0.965925826289068,
1.,0.965925826289068,1.,0.965925826289068,1.,0.965925826289068,1.,0.965925826289068,
1.,0.965925826289068,1.,0.965925826289068,1.,0.965925826289068,1.,0.965925826289068,
1.,0.965925826289068,1.,0.965925826289068,1.,0.965925826289068,1.,0.965925826289068,
1.,0.965925826289068,1.,0.965925826289068,1.,0.965925826289068,1.,0.965925826289068,
1.,0.965925826289068,1.,0.965925826289068,1.,0.965925826289068,1.,0.965925826289068,
1.,0.965925826289068,1.,0.965925826289068,1.,0.965925826289068,1.,0.965925826289068,
1.,0.965925826289068,1.,0.965925826289068,1.,0.965925826289068,1.,0.965925826289068,
1.,0.965925826289068,1.,0.965925826289068,1.,0.965925826289068,1.,0.965925826289068,
1.,0.965925826289068,1.,0.965925826289068,1.,0.965925826289068,1.,0.965925826289068,
1.,0.965925826289068,1.,0.965925826289068,1.,0.965925826289068,1.,0.965925826289068,
1.,0.965925826289068,1.,0.965925826289068,1.,0.965925826289068,1.,0.965925826289068,
1.,0.965925826289068,1.,0.965925826289068,1.,0.965925826289068,1.,0.965925826289068,
1.,0.965925826289068,1.,0.965925826289068,1.,0.965925826289068,1.,0.965925826289068,
1.,0.965925826289068,1.,0.965925826289068,1.,0.965925826289068,1.,0.965925826289068,
1.,0.965925826289068,1.,0.965925826289068,1.,0.965925826289068,1.,0.965925826289068,
1.,0.965925826289068,1.,0.965925826289068,1.,0.965925826289068,1.,0.965925826289068,
1.,0.965925826289068,1.,0.965925826289068,1.,0.965925826289068,1.,0.965925826289068,
1.,0.965925826289068,1.,0.965925826289068,1.,0.965925826289068,1.,0.965925826289068,
1.,0.965925826289068,1.,0.965925826289068,1.,0.965925826289068,1.,0.965925826289068,
1.,0.965925826289068,1.,0.965925826289068,1.,0.965925826289068,1.,0.965925826289068,
1.,0.965925826289068,1.))
REPRESENTATION_ITEM('')
);
#35=ORIENTED_EDGE('',*,*,#71,.T.);
#36=ORIENTED_EDGE('',*,*,#72,.T.);
#37=ORIENTED_EDGE('',*,*,#73,.T.);
#38=ORIENTED_EDGE('',*,*,#74,.T.);
#39=ORIENTED_EDGE('',*,*,#75,.F.);
#40=ORIENTED_EDGE('',*,*,#76,.T.);
#41=ORIENTED_EDGE('',*,*,#77,.T.);
#42=ORIENTED_EDGE('',*,*,#71,.F.);
#43=ORIENTED_EDGE('',*,*,#78,.T.);
#44=ORIENTED_EDGE('',*,*,#79,.F.);
#45=ORIENTED_EDGE('',*,*,#73,.F.);
#46=ORIENTED_EDGE('',*,*,#80,.T.);
#47=ORIENTED_EDGE('',*,*,#81,.T.);
#48=ORIENTED_EDGE('',*,*,#82,.T.);
#49=ORIENTED_EDGE('',*,*,#83,.T.);
#50=ORIENTED_EDGE('',*,*,#84,.F.);
#51=ORIENTED_EDGE('',*,*,#75,.T.);
#52=ORIENTED_EDGE('',*,*,#84,.T.);
#53=ORIENTED_EDGE('',*,*,#85,.T.);
#54=ORIENTED_EDGE('',*,*,#86,.F.);
#55=ORIENTED_EDGE('',*,*,#79,.T.);
#56=ORIENTED_EDGE('',*,*,#85,.F.);
#57=ORIENTED_EDGE('',*,*,#83,.F.);
#58=ORIENTED_EDGE('',*,*,#86,.T.);
#59=ORIENTED_EDGE('',*,*,#74,.F.);
#60=ORIENTED_EDGE('',*,*,#82,.F.);
#61=ORIENTED_EDGE('',*,*,#87,.T.);
#62=ORIENTED_EDGE('',*,*,#78,.F.);
#63=ORIENTED_EDGE('',*,*,#88,.F.);
#64=ORIENTED_EDGE('',*,*,#80,.F.);
#65=ORIENTED_EDGE('',*,*,#72,.F.);
#66=ORIENTED_EDGE('',*,*,#77,.F.);
#67=ORIENTED_EDGE('',*,*,#87,.F.);
#68=ORIENTED_EDGE('',*,*,#81,.F.);
#69=ORIENTED_EDGE('',*,*,#88,.T.);
#70=ORIENTED_EDGE('',*,*,#76,.F.);
#71=EDGE_CURVE('',#89,#90,#103,.T.);
#72=EDGE_CURVE('',#90,#91,#31,.F.);
#73=EDGE_CURVE('',#91,#92,#104,.F.);
#74=EDGE_CURVE('',#92,#89,#32,.T.);
#75=EDGE_CURVE('',#93,#93,#105,.F.);
#76=EDGE_CURVE('',#94,#95,#106,.F.);
#77=EDGE_CURVE('',#95,#90,#25,.T.);
#78=EDGE_CURVE('',#89,#94,#26,.T.);
#79=EDGE_CURVE('',#96,#96,#107,.T.);
#80=EDGE_CURVE('',#91,#97,#27,.T.);
#81=EDGE_CURVE('',#97,#98,#108,.F.);
#82=EDGE_CURVE('',#98,#92,#28,.T.);
#83=EDGE_CURVE('',#99,#99,#109,.T.);
#84=EDGE_CURVE('',#100,#100,#110,.T.);
#85=EDGE_CURVE('',#101,#101,#111,.T.);
#86=EDGE_CURVE('',#102,#102,#112,.T.);
#87=EDGE_CURVE('',#98,#94,#33,.T.);
#88=EDGE_CURVE('',#97,#95,#34,.T.);
#89=VERTEX_POINT('',#239);
#90=VERTEX_POINT('',#240);
#91=VERTEX_POINT('',#602);
#92=VERTEX_POINT('',#604);
#93=VERTEX_POINT('',#968);
#94=VERTEX_POINT('',#970);
#95=VERTEX_POINT('',#971);
#96=VERTEX_POINT('',#985);
#97=VERTEX_POINT('',#990);
#98=VERTEX_POINT('',#992);
#99=VERTEX_POINT('',#1004);
#100=VERTEX_POINT('',#1006);
#101=VERTEX_POINT('',#1010);
#102=VERTEX_POINT('',#1012);
#103=CIRCLE('',#178,1.5);
#104=CIRCLE('',#179,1.5);
#105=CIRCLE('',#181,1.7);
#106=CIRCLE('',#182,1.68320056490042);
#107=CIRCLE('',#184,1.7);
#108=CIRCLE('',#185,1.68320056490042);
#109=CIRCLE('',#187,2.1);
#110=CIRCLE('',#188,2.1);
#111=CIRCLE('',#191,3.);
#112=CIRCLE('',#192,3.);
#113=EDGE_LOOP('',(#35,#36,#37,#38));
#114=EDGE_LOOP('',(#39));
#115=EDGE_LOOP('',(#40,#41,#42,#43));
#116=EDGE_LOOP('',(#44));
#117=EDGE_LOOP('',(#45,#46,#47,#48));
#118=EDGE_LOOP('',(#49));
#119=EDGE_LOOP('',(#50));
#120=EDGE_LOOP('',(#51));
#121=EDGE_LOOP('',(#52));
#122=EDGE_LOOP('',(#53));
#123=EDGE_LOOP('',(#54));
#124=EDGE_LOOP('',(#55));
#125=EDGE_LOOP('',(#56));
#126=EDGE_LOOP('',(#57));
#127=EDGE_LOOP('',(#58));
#128=EDGE_LOOP('',(#59,#60,#61,#62));
#129=EDGE_LOOP('',(#63,#64,#65,#66));
#130=EDGE_LOOP('',(#67,#68,#69,#70));
#131=FACE_BOUND('',#113,.T.);
#132=FACE_BOUND('',#114,.T.);
#133=FACE_BOUND('',#115,.T.);
#134=FACE_BOUND('',#116,.T.);
#135=FACE_BOUND('',#117,.T.);
#136=FACE_BOUND('',#118,.T.);
#137=FACE_BOUND('',#119,.T.);
#138=FACE_BOUND('',#120,.T.);
#139=FACE_BOUND('',#121,.T.);
#140=FACE_BOUND('',#122,.T.);
#141=FACE_BOUND('',#123,.T.);
#142=FACE_BOUND('',#124,.T.);
#143=FACE_BOUND('',#125,.T.);
#144=FACE_BOUND('',#126,.T.);
#145=FACE_BOUND('',#127,.T.);
#146=FACE_BOUND('',#128,.T.);
#147=FACE_BOUND('',#129,.T.);
#148=FACE_BOUND('',#130,.T.);
#149=CYLINDRICAL_SURFACE('',#177,1.5);
#150=CYLINDRICAL_SURFACE('',#186,2.1);
#151=CYLINDRICAL_SURFACE('',#190,3.);
#152=CYLINDRICAL_SURFACE('',#195,1.68320056490042);
#153=ADVANCED_FACE('',(#131),#149,.F.);
#154=ADVANCED_FACE('',(#132,#133),#29,.F.);
#155=ADVANCED_FACE('',(#134,#135),#30,.F.);
#156=ADVANCED_FACE('',(#136,#137),#150,.T.);
#157=ADVANCED_FACE('',(#138,#139),#22,.T.);
#158=ADVANCED_FACE('',(#140,#141),#151,.T.);
#159=ADVANCED_FACE('',(#142,#143),#23,.F.);
#160=ADVANCED_FACE('',(#144,#145),#24,.T.);
#161=ADVANCED_FACE('',(#146),#20,.T.);
#162=ADVANCED_FACE('',(#147),#21,.T.);
#163=ADVANCED_FACE('',(#148),#152,.F.);
#164=CLOSED_SHELL('',(#153,#154,#155,#156,#157,#158,#159,#160,#161,#162,
#163));
#165=STYLED_ITEM('',(#166),#173);
#166=PRESENTATION_STYLE_ASSIGNMENT((#167));
#167=SURFACE_STYLE_USAGE(.BOTH.,#168);
#168=SURFACE_SIDE_STYLE('',(#169));
#169=SURFACE_STYLE_FILL_AREA(#170);
#170=FILL_AREA_STYLE('',(#171));
#171=FILL_AREA_STYLE_COLOUR('',#172);
#172=COLOUR_RGB('',0.699999988079071,0.699999988079071,0.699999988079071);
#173=MANIFOLD_SOLID_BREP('',#164);
#174=SHAPE_DEFINITION_REPRESENTATION(#2912,#175);
#175=SHAPE_REPRESENTATION('78614040360',(#176),#2907);
#176=AXIS2_PLACEMENT_3D('',#236,#196,#197);
#177=AXIS2_PLACEMENT_3D('',#237,#198,#199);
#178=AXIS2_PLACEMENT_3D('',#238,#200,#201);
#179=AXIS2_PLACEMENT_3D('',#603,#202,#203);
#180=AXIS2_PLACEMENT_3D('',#966,#204,#205);
#181=AXIS2_PLACEMENT_3D('',#967,#206,#207);
#182=AXIS2_PLACEMENT_3D('',#969,#208,#209);
#183=AXIS2_PLACEMENT_3D('',#983,#210,#211);
#184=AXIS2_PLACEMENT_3D('',#984,#212,#213);
#185=AXIS2_PLACEMENT_3D('',#991,#214,#215);
#186=AXIS2_PLACEMENT_3D('',#1002,#216,#217);
#187=AXIS2_PLACEMENT_3D('',#1003,#218,#219);
#188=AXIS2_PLACEMENT_3D('',#1005,#220,#221);
#189=AXIS2_PLACEMENT_3D('',#1007,#222,#223);
#190=AXIS2_PLACEMENT_3D('',#1008,#224,#225);
#191=AXIS2_PLACEMENT_3D('',#1009,#226,#227);
#192=AXIS2_PLACEMENT_3D('',#1011,#228,#229);
#193=AXIS2_PLACEMENT_3D('',#1013,#230,#231);
#194=AXIS2_PLACEMENT_3D('',#1014,#232,#233);
#195=AXIS2_PLACEMENT_3D('',#2905,#234,#235);
#196=DIRECTION('',(0.,0.,1.));
#197=DIRECTION('',(1.,0.,0.));
#198=DIRECTION('',(0.,0.,1.));
#199=DIRECTION('',(1.,0.,0.));
#200=DIRECTION('',(0.,0.,-1.));
#201=DIRECTION('',(-1.,0.,0.));
#202=DIRECTION('',(0.,0.,-1.));
#203=DIRECTION('',(-1.,0.,0.));
#204=DIRECTION('',(0.,0.,-1.));
#205=DIRECTION('',(-1.,0.,0.));
#206=DIRECTION('',(0.,0.,-1.));
#207=DIRECTION('',(-1.,0.,0.));
#208=DIRECTION('',(0.,0.,-1.));
#209=DIRECTION('',(-1.,0.,0.));
#210=DIRECTION('',(0.,0.,1.));
#211=DIRECTION('',(1.,0.,0.));
#212=DIRECTION('',(0.,0.,-1.));
#213=DIRECTION('',(-1.,0.,0.));
#214=DIRECTION('',(0.,0.,1.));
#215=DIRECTION('',(1.,0.,0.));
#216=DIRECTION('',(0.,0.,-1.));
#217=DIRECTION('',(-1.,0.,0.));
#218=DIRECTION('',(0.,0.,-1.));
#219=DIRECTION('',(1.,0.,0.));
#220=DIRECTION('',(0.,0.,-1.));
#221=DIRECTION('',(1.,0.,0.));
#222=DIRECTION('',(0.,0.,-1.));
#223=DIRECTION('',(-1.,0.,0.));
#224=DIRECTION('',(0.,0.,-1.));
#225=DIRECTION('',(-1.,0.,0.));
#226=DIRECTION('',(0.,0.,-1.));
#227=DIRECTION('',(1.,0.,0.));
#228=DIRECTION('',(0.,0.,-1.));
#229=DIRECTION('',(1.,0.,0.));
#230=DIRECTION('',(0.,0.,-1.));
#231=DIRECTION('',(-1.,0.,0.));
#232=DIRECTION('',(0.,0.,-1.));
#233=DIRECTION('',(-1.,0.,0.));
#234=DIRECTION('',(0.,0.,-1.));
#235=DIRECTION('',(-1.,0.,0.));
#236=CARTESIAN_POINT('',(0.,0.,0.));
#237=CARTESIAN_POINT('',(0.,0.,-1.27710011758367));
#238=CARTESIAN_POINT('',(0.,0.,0.2));
#239=CARTESIAN_POINT('',(-1.29043015460807,0.764715643934519,0.2));
#240=CARTESIAN_POINT('',(-0.14685201629086,1.49279418719137,0.199999999999523));
#241=CARTESIAN_POINT('',(1.5,0.,5.48055918751427));
#242=CARTESIAN_POINT('',(1.5,-0.401923788646684,5.46180918751427));
#243=CARTESIAN_POINT('',(1.29903810567666,-0.75,5.44305918751427));
#244=CARTESIAN_POINT('',(1.09807621135332,-1.09807621135332,5.42430918751428));
#245=CARTESIAN_POINT('',(0.75,-1.29903810567666,5.40555918751427));
#246=CARTESIAN_POINT('',(0.401923788646684,-1.5,5.38680918751427));
#247=CARTESIAN_POINT('',(9.18485099360515E-17,-1.5,5.36805918751427));
#248=CARTESIAN_POINT('',(-0.401923788646684,-1.5,5.34930918751428));
#249=CARTESIAN_POINT('',(-0.75,-1.29903810567666,5.33055918751427));
#250=CARTESIAN_POINT('',(-1.09807621135332,-1.09807621135332,5.31180918751427));
#251=CARTESIAN_POINT('',(-1.29903810567666,-0.750000000000001,5.29305918751427));
#252=CARTESIAN_POINT('',(-1.5,-0.401923788646685,5.27430918751427));
#253=CARTESIAN_POINT('',(-1.5,-1.83697019872103E-16,5.25555918751427));
#254=CARTESIAN_POINT('',(-1.5,0.401923788646683,5.23680918751428));
#255=CARTESIAN_POINT('',(-1.29903810567666,0.75,5.21805918751428));
#256=CARTESIAN_POINT('',(-1.09807621135332,1.09807621135332,5.19930918751427));
#257=CARTESIAN_POINT('',(-0.750000000000001,1.29903810567666,5.18055918751427));
#258=CARTESIAN_POINT('',(-0.401923788646685,1.5,5.16180918751428));
#259=CARTESIAN_POINT('',(-2.75545529808154E-16,1.5,5.14305918751427));
#260=CARTESIAN_POINT('',(0.401923788646683,1.5,5.12430918751427));
#261=CARTESIAN_POINT('',(0.749999999999999,1.29903810567666,5.10555918751427));
#262=CARTESIAN_POINT('',(1.09807621135332,1.09807621135332,5.08680918751427));
#263=CARTESIAN_POINT('',(1.29903810567666,0.750000000000001,5.06805918751428));
#264=CARTESIAN_POINT('',(1.5,0.401923788646685,5.04930918751428));
#265=CARTESIAN_POINT('',(1.5,0.,5.03055918751427));
#266=CARTESIAN_POINT('',(1.5,-0.401923788646684,5.01180918751427));
#267=CARTESIAN_POINT('',(1.29903810567666,-0.75,4.99305918751427));
#268=CARTESIAN_POINT('',(1.09807621135332,-1.09807621135332,4.97430918751428));
#269=CARTESIAN_POINT('',(0.75,-1.29903810567666,4.95555918751427));
#270=CARTESIAN_POINT('',(0.401923788646684,-1.5,4.93680918751427));
#271=CARTESIAN_POINT('',(9.18485099360515E-17,-1.5,4.91805918751427));
#272=CARTESIAN_POINT('',(-0.401923788646684,-1.5,4.89930918751427));
#273=CARTESIAN_POINT('',(-0.75,-1.29903810567666,4.88055918751428));
#274=CARTESIAN_POINT('',(-1.09807621135332,-1.09807621135332,4.86180918751427));
#275=CARTESIAN_POINT('',(-1.29903810567666,-0.750000000000001,4.84305918751427));
#276=CARTESIAN_POINT('',(-1.5,-0.401923788646685,4.82430918751427));
#277=CARTESIAN_POINT('',(-1.5,-1.83697019872103E-16,4.80555918751427));
#278=CARTESIAN_POINT('',(-1.5,0.401923788646683,4.78680918751428));
#279=CARTESIAN_POINT('',(-1.29903810567666,0.75,4.76805918751428));
#280=CARTESIAN_POINT('',(-1.09807621135332,1.09807621135332,4.74930918751427));
#281=CARTESIAN_POINT('',(-0.750000000000001,1.29903810567666,4.73055918751427));
#282=CARTESIAN_POINT('',(-0.401923788646685,1.5,4.71180918751427));
#283=CARTESIAN_POINT('',(-2.75545529808154E-16,1.5,4.69305918751427));
#284=CARTESIAN_POINT('',(0.401923788646683,1.5,4.67430918751427));
#285=CARTESIAN_POINT('',(0.749999999999999,1.29903810567666,4.65555918751428));
#286=CARTESIAN_POINT('',(1.09807621135332,1.09807621135332,4.63680918751427));
#287=CARTESIAN_POINT('',(1.29903810567666,0.750000000000001,4.61805918751427));
#288=CARTESIAN_POINT('',(1.5,0.401923788646685,4.59930918751427));
#289=CARTESIAN_POINT('',(1.5,0.,4.58055918751428));
#290=CARTESIAN_POINT('',(1.5,-0.401923788646684,4.56180918751427));
#291=CARTESIAN_POINT('',(1.29903810567666,-0.75,4.54305918751427));
#292=CARTESIAN_POINT('',(1.09807621135332,-1.09807621135332,4.52430918751427));
#293=CARTESIAN_POINT('',(0.75,-1.29903810567666,4.50555918751427));
#294=CARTESIAN_POINT('',(0.401923788646684,-1.5,4.48680918751427));
#295=CARTESIAN_POINT('',(9.18485099360515E-17,-1.5,4.46805918751427));
#296=CARTESIAN_POINT('',(-0.401923788646684,-1.5,4.44930918751428));
#297=CARTESIAN_POINT('',(-0.75,-1.29903810567666,4.43055918751427));
#298=CARTESIAN_POINT('',(-1.09807621135332,-1.09807621135332,4.41180918751427));
#299=CARTESIAN_POINT('',(-1.29903810567666,-0.750000000000001,4.39305918751427));
#300=CARTESIAN_POINT('',(-1.5,-0.401923788646685,4.37430918751427));
#301=CARTESIAN_POINT('',(-1.5,-1.83697019872103E-16,4.35555918751427));
#302=CARTESIAN_POINT('',(-1.5,0.401923788646683,4.33680918751427));
#303=CARTESIAN_POINT('',(-1.29903810567666,0.75,4.31805918751427));
#304=CARTESIAN_POINT('',(-1.09807621135332,1.09807621135332,4.29930918751428));
#305=CARTESIAN_POINT('',(-0.750000000000001,1.29903810567666,4.28055918751427));
#306=CARTESIAN_POINT('',(-0.401923788646685,1.5,4.26180918751427));
#307=CARTESIAN_POINT('',(-2.75545529808154E-16,1.5,4.24305918751427));
#308=CARTESIAN_POINT('',(0.401923788646683,1.5,4.22430918751427));
#309=CARTESIAN_POINT('',(0.749999999999999,1.29903810567666,4.20555918751427));
#310=CARTESIAN_POINT('',(1.09807621135332,1.09807621135332,4.18680918751427));
#311=CARTESIAN_POINT('',(1.29903810567666,0.750000000000001,4.16805918751427));
#312=CARTESIAN_POINT('',(1.5,0.401923788646685,4.14930918751427));
#313=CARTESIAN_POINT('',(1.5,0.,4.13055918751428));
#314=CARTESIAN_POINT('',(1.5,-0.401923788646684,4.11180918751427));
#315=CARTESIAN_POINT('',(1.29903810567666,-0.75,4.09305918751427));
#316=CARTESIAN_POINT('',(1.09807621135332,-1.09807621135332,4.07430918751427));
#317=CARTESIAN_POINT('',(0.75,-1.29903810567666,4.05555918751427));
#318=CARTESIAN_POINT('',(0.401923788646684,-1.5,4.03680918751427));
#319=CARTESIAN_POINT('',(9.18485099360515E-17,-1.5,4.01805918751427));
#320=CARTESIAN_POINT('',(-0.401923788646684,-1.5,3.99930918751427));
#321=CARTESIAN_POINT('',(-0.75,-1.29903810567666,3.98055918751427));
#322=CARTESIAN_POINT('',(-1.09807621135332,-1.09807621135332,3.96180918751427));
#323=CARTESIAN_POINT('',(-1.29903810567666,-0.750000000000001,3.94305918751427));
#324=CARTESIAN_POINT('',(-1.5,-0.401923788646685,3.92430918751427));
#325=CARTESIAN_POINT('',(-1.5,-1.83697019872103E-16,3.90555918751427));
#326=CARTESIAN_POINT('',(-1.5,0.401923788646683,3.88680918751427));
#327=CARTESIAN_POINT('',(-1.29903810567666,0.75,3.86805918751427));
#328=CARTESIAN_POINT('',(-1.09807621135332,1.09807621135332,3.84930918751428));
#329=CARTESIAN_POINT('',(-0.750000000000001,1.29903810567666,3.83055918751427));
#330=CARTESIAN_POINT('',(-0.401923788646685,1.5,3.81180918751427));
#331=CARTESIAN_POINT('',(-2.75545529808154E-16,1.5,3.79305918751427));
#332=CARTESIAN_POINT('',(0.401923788646683,1.5,3.77430918751427));
#333=CARTESIAN_POINT('',(0.749999999999999,1.29903810567666,3.75555918751427));
#334=CARTESIAN_POINT('',(1.09807621135332,1.09807621135332,3.73680918751427));
#335=CARTESIAN_POINT('',(1.29903810567666,0.750000000000001,3.71805918751427));
#336=CARTESIAN_POINT('',(1.5,0.401923788646685,3.69930918751428));
#337=CARTESIAN_POINT('',(1.5,0.,3.68055918751427));
#338=CARTESIAN_POINT('',(1.5,-0.401923788646684,3.66180918751427));
#339=CARTESIAN_POINT('',(1.29903810567666,-0.75,3.64305918751427));
#340=CARTESIAN_POINT('',(1.09807621135332,-1.09807621135332,3.62430918751427));
#341=CARTESIAN_POINT('',(0.75,-1.29903810567666,3.60555918751427));
#342=CARTESIAN_POINT('',(0.401923788646684,-1.5,3.58680918751427));
#343=CARTESIAN_POINT('',(9.18485099360515E-17,-1.5,3.56805918751427));
#344=CARTESIAN_POINT('',(-0.401923788646684,-1.5,3.54930918751427));
#345=CARTESIAN_POINT('',(-0.75,-1.29903810567666,3.53055918751427));
#346=CARTESIAN_POINT('',(-1.09807621135332,-1.09807621135332,3.51180918751427));
#347=CARTESIAN_POINT('',(-1.29903810567666,-0.750000000000001,3.49305918751427));
#348=CARTESIAN_POINT('',(-1.5,-0.401923788646685,3.47430918751427));
#349=CARTESIAN_POINT('',(-1.5,-1.83697019872103E-16,3.45555918751427));
#350=CARTESIAN_POINT('',(-1.5,0.401923788646683,3.43680918751427));
#351=CARTESIAN_POINT('',(-1.29903810567666,0.75,3.41805918751427));
#352=CARTESIAN_POINT('',(-1.09807621135332,1.09807621135332,3.39930918751427));
#353=CARTESIAN_POINT('',(-0.750000000000001,1.29903810567666,3.38055918751427));
#354=CARTESIAN_POINT('',(-0.401923788646685,1.5,3.36180918751427));
#355=CARTESIAN_POINT('',(-2.75545529808154E-16,1.5,3.34305918751427));
#356=CARTESIAN_POINT('',(0.401923788646683,1.5,3.32430918751427));
#357=CARTESIAN_POINT('',(0.749999999999999,1.29903810567666,3.30555918751427));
#358=CARTESIAN_POINT('',(1.09807621135332,1.09807621135332,3.28680918751427));
#359=CARTESIAN_POINT('',(1.29903810567666,0.750000000000001,3.26805918751427));
#360=CARTESIAN_POINT('',(1.5,0.401923788646685,3.24930918751427));
#361=CARTESIAN_POINT('',(1.5,0.,3.23055918751427));
#362=CARTESIAN_POINT('',(1.5,-0.401923788646684,3.21180918751427));
#363=CARTESIAN_POINT('',(1.29903810567666,-0.75,3.19305918751427));
#364=CARTESIAN_POINT('',(1.09807621135332,-1.09807621135332,3.17430918751427));
#365=CARTESIAN_POINT('',(0.75,-1.29903810567666,3.15555918751427));
#366=CARTESIAN_POINT('',(0.401923788646684,-1.5,3.13680918751427));
#367=CARTESIAN_POINT('',(9.18485099360515E-17,-1.5,3.11805918751427));
#368=CARTESIAN_POINT('',(-0.401923788646684,-1.5,3.09930918751427));
#369=CARTESIAN_POINT('',(-0.75,-1.29903810567666,3.08055918751427));
#370=CARTESIAN_POINT('',(-1.09807621135332,-1.09807621135332,3.06180918751427));
#371=CARTESIAN_POINT('',(-1.29903810567666,-0.750000000000001,3.04305918751427));
#372=CARTESIAN_POINT('',(-1.5,-0.401923788646685,3.02430918751427));
#373=CARTESIAN_POINT('',(-1.5,-1.83697019872103E-16,3.00555918751427));
#374=CARTESIAN_POINT('',(-1.5,0.401923788646683,2.98680918751427));
#375=CARTESIAN_POINT('',(-1.29903810567666,0.75,2.96805918751427));
#376=CARTESIAN_POINT('',(-1.09807621135332,1.09807621135332,2.94930918751427));
#377=CARTESIAN_POINT('',(-0.750000000000001,1.29903810567666,2.93055918751427));
#378=CARTESIAN_POINT('',(-0.401923788646685,1.5,2.91180918751427));
#379=CARTESIAN_POINT('',(-2.75545529808154E-16,1.5,2.89305918751427));
#380=CARTESIAN_POINT('',(0.401923788646683,1.5,2.87430918751427));
#381=CARTESIAN_POINT('',(0.749999999999999,1.29903810567666,2.85555918751427));
#382=CARTESIAN_POINT('',(1.09807621135332,1.09807621135332,2.83680918751427));
#383=CARTESIAN_POINT('',(1.29903810567666,0.750000000000001,2.81805918751427));
#384=CARTESIAN_POINT('',(1.5,0.401923788646685,2.79930918751427));
#385=CARTESIAN_POINT('',(1.5,0.,2.78055918751427));
#386=CARTESIAN_POINT('',(1.5,-0.401923788646684,2.76180918751427));
#387=CARTESIAN_POINT('',(1.29903810567666,-0.75,2.74305918751427));
#388=CARTESIAN_POINT('',(1.09807621135332,-1.09807621135332,2.72430918751427));
#389=CARTESIAN_POINT('',(0.75,-1.29903810567666,2.70555918751427));
#390=CARTESIAN_POINT('',(0.401923788646684,-1.5,2.68680918751427));
#391=CARTESIAN_POINT('',(9.18485099360515E-17,-1.5,2.66805918751427));
#392=CARTESIAN_POINT('',(-0.401923788646684,-1.5,2.64930918751427));
#393=CARTESIAN_POINT('',(-0.75,-1.29903810567666,2.63055918751427));
#394=CARTESIAN_POINT('',(-1.09807621135332,-1.09807621135332,2.61180918751427));
#395=CARTESIAN_POINT('',(-1.29903810567666,-0.750000000000001,2.59305918751427));
#396=CARTESIAN_POINT('',(-1.5,-0.401923788646685,2.57430918751427));
#397=CARTESIAN_POINT('',(-1.5,-1.83697019872103E-16,2.55555918751427));
#398=CARTESIAN_POINT('',(-1.5,0.401923788646683,2.53680918751427));
#399=CARTESIAN_POINT('',(-1.29903810567666,0.75,2.51805918751427));
#400=CARTESIAN_POINT('',(-1.09807621135332,1.09807621135332,2.49930918751427));
#401=CARTESIAN_POINT('',(-0.750000000000001,1.29903810567666,2.48055918751427));
#402=CARTESIAN_POINT('',(-0.401923788646685,1.5,2.46180918751427));
#403=CARTESIAN_POINT('',(-2.75545529808154E-16,1.5,2.44305918751427));
#404=CARTESIAN_POINT('',(0.401923788646683,1.5,2.42430918751427));
#405=CARTESIAN_POINT('',(0.749999999999999,1.29903810567666,2.40555918751427));
#406=CARTESIAN_POINT('',(1.09807621135332,1.09807621135332,2.38680918751427));
#407=CARTESIAN_POINT('',(1.29903810567666,0.750000000000001,2.36805918751427));
#408=CARTESIAN_POINT('',(1.5,0.401923788646685,2.34930918751427));
#409=CARTESIAN_POINT('',(1.5,0.,2.33055918751427));
#410=CARTESIAN_POINT('',(1.5,-0.401923788646684,2.31180918751427));
#411=CARTESIAN_POINT('',(1.29903810567666,-0.75,2.29305918751427));
#412=CARTESIAN_POINT('',(1.09807621135332,-1.09807621135332,2.27430918751427));
#413=CARTESIAN_POINT('',(0.75,-1.29903810567666,2.25555918751427));
#414=CARTESIAN_POINT('',(0.401923788646684,-1.5,2.23680918751427));
#415=CARTESIAN_POINT('',(9.18485099360515E-17,-1.5,2.21805918751427));
#416=CARTESIAN_POINT('',(-0.401923788646684,-1.5,2.19930918751427));
#417=CARTESIAN_POINT('',(-0.75,-1.29903810567666,2.18055918751427));
#418=CARTESIAN_POINT('',(-1.09807621135332,-1.09807621135332,2.16180918751427));
#419=CARTESIAN_POINT('',(-1.29903810567666,-0.750000000000001,2.14305918751427));
#420=CARTESIAN_POINT('',(-1.5,-0.401923788646685,2.12430918751427));
#421=CARTESIAN_POINT('',(-1.5,-1.83697019872103E-16,2.10555918751427));
#422=CARTESIAN_POINT('',(-1.5,0.401923788646683,2.08680918751427));
#423=CARTESIAN_POINT('',(-1.29903810567666,0.75,2.06805918751427));
#424=CARTESIAN_POINT('',(-1.09807621135332,1.09807621135332,2.04930918751427));
#425=CARTESIAN_POINT('',(-0.750000000000001,1.29903810567666,2.03055918751427));
#426=CARTESIAN_POINT('',(-0.401923788646685,1.5,2.01180918751427));
#427=CARTESIAN_POINT('',(-2.75545529808154E-16,1.5,1.99305918751427));
#428=CARTESIAN_POINT('',(0.401923788646683,1.5,1.97430918751427));
#429=CARTESIAN_POINT('',(0.749999999999999,1.29903810567666,1.95555918751427));
#430=CARTESIAN_POINT('',(1.09807621135332,1.09807621135332,1.93680918751427));
#431=CARTESIAN_POINT('',(1.29903810567666,0.750000000000001,1.91805918751427));
#432=CARTESIAN_POINT('',(1.5,0.401923788646685,1.89930918751427));
#433=CARTESIAN_POINT('',(1.5,0.,1.88055918751427));
#434=CARTESIAN_POINT('',(1.5,-0.401923788646684,1.86180918751427));
#435=CARTESIAN_POINT('',(1.29903810567666,-0.75,1.84305918751427));
#436=CARTESIAN_POINT('',(1.09807621135332,-1.09807621135332,1.82430918751427));
#437=CARTESIAN_POINT('',(0.75,-1.29903810567666,1.80555918751427));
#438=CARTESIAN_POINT('',(0.401923788646684,-1.5,1.78680918751427));
#439=CARTESIAN_POINT('',(9.18485099360515E-17,-1.5,1.76805918751427));
#440=CARTESIAN_POINT('',(-0.401923788646684,-1.5,1.74930918751427));
#441=CARTESIAN_POINT('',(-0.75,-1.29903810567666,1.73055918751427));
#442=CARTESIAN_POINT('',(-1.09807621135332,-1.09807621135332,1.71180918751427));
#443=CARTESIAN_POINT('',(-1.29903810567666,-0.750000000000001,1.69305918751427));
#444=CARTESIAN_POINT('',(-1.5,-0.401923788646685,1.67430918751427));
#445=CARTESIAN_POINT('',(-1.5,-1.83697019872103E-16,1.65555918751427));
#446=CARTESIAN_POINT('',(-1.5,0.401923788646683,1.63680918751427));
#447=CARTESIAN_POINT('',(-1.29903810567666,0.75,1.61805918751427));
#448=CARTESIAN_POINT('',(-1.09807621135332,1.09807621135332,1.59930918751427));
#449=CARTESIAN_POINT('',(-0.750000000000001,1.29903810567666,1.58055918751427));
#450=CARTESIAN_POINT('',(-0.401923788646685,1.5,1.56180918751427));
#451=CARTESIAN_POINT('',(-2.75545529808154E-16,1.5,1.54305918751427));
#452=CARTESIAN_POINT('',(0.401923788646683,1.5,1.52430918751427));
#453=CARTESIAN_POINT('',(0.749999999999999,1.29903810567666,1.50555918751427));
#454=CARTESIAN_POINT('',(1.09807621135332,1.09807621135332,1.48680918751427));
#455=CARTESIAN_POINT('',(1.29903810567666,0.750000000000001,1.46805918751427));
#456=CARTESIAN_POINT('',(1.5,0.401923788646685,1.44930918751427));
#457=CARTESIAN_POINT('',(1.5,0.,1.43055918751427));
#458=CARTESIAN_POINT('',(1.5,-0.401923788646684,1.41180918751427));
#459=CARTESIAN_POINT('',(1.29903810567666,-0.75,1.39305918751427));
#460=CARTESIAN_POINT('',(1.09807621135332,-1.09807621135332,1.37430918751427));
#461=CARTESIAN_POINT('',(0.75,-1.29903810567666,1.35555918751427));
#462=CARTESIAN_POINT('',(0.401923788646684,-1.5,1.33680918751427));
#463=CARTESIAN_POINT('',(9.18485099360515E-17,-1.5,1.31805918751427));
#464=CARTESIAN_POINT('',(-0.401923788646684,-1.5,1.29930918751427));
#465=CARTESIAN_POINT('',(-0.75,-1.29903810567666,1.28055918751427));
#466=CARTESIAN_POINT('',(-1.09807621135332,-1.09807621135332,1.26180918751427));
#467=CARTESIAN_POINT('',(-1.29903810567666,-0.750000000000001,1.24305918751427));
#468=CARTESIAN_POINT('',(-1.5,-0.401923788646685,1.22430918751427));
#469=CARTESIAN_POINT('',(-1.5,-1.83697019872103E-16,1.20555918751427));
#470=CARTESIAN_POINT('',(-1.5,0.401923788646683,1.18680918751427));
#471=CARTESIAN_POINT('',(-1.29903810567666,0.75,1.16805918751427));
#472=CARTESIAN_POINT('',(-1.09807621135332,1.09807621135332,1.14930918751427));
#473=CARTESIAN_POINT('',(-0.750000000000001,1.29903810567666,1.13055918751427));
#474=CARTESIAN_POINT('',(-0.401923788646685,1.5,1.11180918751427));
#475=CARTESIAN_POINT('',(-2.75545529808154E-16,1.5,1.09305918751427));
#476=CARTESIAN_POINT('',(0.401923788646683,1.5,1.07430918751427));
#477=CARTESIAN_POINT('',(0.749999999999999,1.29903810567666,1.05555918751427));
#478=CARTESIAN_POINT('',(1.09807621135332,1.09807621135332,1.03680918751427));
#479=CARTESIAN_POINT('',(1.29903810567666,0.750000000000001,1.01805918751427));
#480=CARTESIAN_POINT('',(1.5,0.401923788646685,0.999309187514275));
#481=CARTESIAN_POINT('',(1.5,0.,0.980559187514274));
#482=CARTESIAN_POINT('',(1.5,-0.401923788646684,0.961809187514274));
#483=CARTESIAN_POINT('',(1.29903810567666,-0.75,0.943059187514274));
#484=CARTESIAN_POINT('',(1.09807621135332,-1.09807621135332,0.924309187514274));
#485=CARTESIAN_POINT('',(0.75,-1.29903810567666,0.905559187514275));
#486=CARTESIAN_POINT('',(0.401923788646684,-1.5,0.886809187514274));
#487=CARTESIAN_POINT('',(9.18485099360515E-17,-1.5,0.868059187514274));
#488=CARTESIAN_POINT('',(-0.401923788646684,-1.5,0.849309187514274));
#489=CARTESIAN_POINT('',(-0.75,-1.29903810567666,0.830559187514274));
#490=CARTESIAN_POINT('',(-1.09807621135332,-1.09807621135332,0.811809187514275));
#491=CARTESIAN_POINT('',(-1.29903810567666,-0.750000000000001,0.793059187514274));
#492=CARTESIAN_POINT('',(-1.5,-0.401923788646685,0.774309187514274));
#493=CARTESIAN_POINT('',(-1.5,-1.83697019872103E-16,0.755559187514275));
#494=CARTESIAN_POINT('',(-1.5,0.401923788646683,0.736809187514274));
#495=CARTESIAN_POINT('',(-1.29903810567666,0.75,0.718059187514274));
#496=CARTESIAN_POINT('',(-1.09807621135332,1.09807621135332,0.699309187514274));
#497=CARTESIAN_POINT('',(-0.750000000000001,1.29903810567666,0.680559187514274));
#498=CARTESIAN_POINT('',(-0.401923788646685,1.5,0.661809187514275));
#499=CARTESIAN_POINT('',(-2.75545529808154E-16,1.5,0.643059187514274));
#500=CARTESIAN_POINT('',(0.401923788646683,1.5,0.624309187514274));
#501=CARTESIAN_POINT('',(0.749999999999999,1.29903810567666,0.605559187514274));
#502=CARTESIAN_POINT('',(1.09807621135332,1.09807621135332,0.586809187514274));
#503=CARTESIAN_POINT('',(1.29903810567666,0.750000000000001,0.568059187514275));
#504=CARTESIAN_POINT('',(1.5,0.401923788646685,0.549309187514274));
#505=CARTESIAN_POINT('',(1.5,0.,0.530559187514274));
#506=CARTESIAN_POINT('',(1.5,-0.401923788646684,0.511809187514275));
#507=CARTESIAN_POINT('',(1.29903810567666,-0.75,0.493059187514274));
#508=CARTESIAN_POINT('',(1.09807621135332,-1.09807621135332,0.474309187514274));
#509=CARTESIAN_POINT('',(0.75,-1.29903810567666,0.455559187514274));
#510=CARTESIAN_POINT('',(0.401923788646684,-1.5,0.436809187514274));
#511=CARTESIAN_POINT('',(9.18485099360515E-17,-1.5,0.418059187514275));
#512=CARTESIAN_POINT('',(-0.401923788646684,-1.5,0.399309187514274));
#513=CARTESIAN_POINT('',(-0.75,-1.29903810567666,0.380559187514274));
#514=CARTESIAN_POINT('',(-1.09807621135332,-1.09807621135332,0.361809187514274));
#515=CARTESIAN_POINT('',(-1.29903810567666,-0.750000000000001,0.343059187514274));
#516=CARTESIAN_POINT('',(-1.5,-0.401923788646685,0.324309187514274));
#517=CARTESIAN_POINT('',(-1.5,-1.83697019872103E-16,0.305559187514274));
#518=CARTESIAN_POINT('',(-1.5,0.401923788646683,0.286809187514274));
#519=CARTESIAN_POINT('',(-1.29903810567666,0.75,0.268059187514275));
#520=CARTESIAN_POINT('',(-1.09807621135332,1.09807621135332,0.249309187514274));
#521=CARTESIAN_POINT('',(-0.750000000000001,1.29903810567666,0.230559187514274));
#522=CARTESIAN_POINT('',(-0.401923788646685,1.5,0.211809187514274));
#523=CARTESIAN_POINT('',(-2.75545529808154E-16,1.5,0.193059187514274));
#524=CARTESIAN_POINT('',(0.401923788646683,1.5,0.174309187514274));
#525=CARTESIAN_POINT('',(0.749999999999999,1.29903810567666,0.155559187514274));
#526=CARTESIAN_POINT('',(1.09807621135332,1.09807621135332,0.136809187514274));
#527=CARTESIAN_POINT('',(1.29903810567666,0.750000000000001,0.118059187514275));
#528=CARTESIAN_POINT('',(1.5,0.401923788646685,0.099309187514274));
#529=CARTESIAN_POINT('',(1.5,0.,0.0805591875142744));
#530=CARTESIAN_POINT('',(1.5,-0.401923788646684,0.0618091875142738));
#531=CARTESIAN_POINT('',(1.29903810567666,-0.75,0.0430591875142742));
#532=CARTESIAN_POINT('',(1.09807621135332,-1.09807621135332,0.0243091875142745));
#533=CARTESIAN_POINT('',(0.75,-1.29903810567666,0.00555918751427396));
#534=CARTESIAN_POINT('',(0.401923788646684,-1.5,-0.0131908124857257));
#535=CARTESIAN_POINT('',(9.18485099360515E-17,-1.5,-0.0319408124857262));
#536=CARTESIAN_POINT('',(-0.401923788646684,-1.5,-0.0506908124857259));
#537=CARTESIAN_POINT('',(-0.75,-1.29903810567666,-0.0694408124857256));
#538=CARTESIAN_POINT('',(-1.09807621135332,-1.09807621135332,-0.0881908124857261));
#539=CARTESIAN_POINT('',(-1.29903810567666,-0.750000000000001,-0.106940812485726));
#540=CARTESIAN_POINT('',(-1.5,-0.401923788646685,-0.125690812485725));
#541=CARTESIAN_POINT('',(-1.5,-1.83697019872103E-16,-0.144440812485726));
#542=CARTESIAN_POINT('',(-1.5,0.401923788646683,-0.163190812485726));
#543=CARTESIAN_POINT('',(-1.29903810567666,0.75,-0.181940812485726));
#544=CARTESIAN_POINT('',(-1.09807621135332,1.09807621135332,-0.200690812485726));
#545=CARTESIAN_POINT('',(-0.750000000000001,1.29903810567666,-0.219440812485726));
#546=CARTESIAN_POINT('',(-0.401923788646685,1.5,-0.238190812485726));
#547=CARTESIAN_POINT('',(-2.75545529808154E-16,1.5,-0.256940812485726));
#548=CARTESIAN_POINT('',(0.401923788646683,1.5,-0.275690812485726));
#549=CARTESIAN_POINT('',(0.749999999999999,1.29903810567666,-0.294440812485726));
#550=CARTESIAN_POINT('',(1.09807621135332,1.09807621135332,-0.313190812485726));
#551=CARTESIAN_POINT('',(1.29903810567666,0.750000000000001,-0.331940812485726));
#552=CARTESIAN_POINT('',(1.5,0.401923788646685,-0.350690812485726));
#553=CARTESIAN_POINT('',(1.5,0.,-0.369440812485726));
#554=CARTESIAN_POINT('',(1.5,-0.401923788646684,-0.388190812485726));
#555=CARTESIAN_POINT('',(1.29903810567666,-0.75,-0.406940812485726));
#556=CARTESIAN_POINT('',(1.09807621135332,-1.09807621135332,-0.425690812485726));
#557=CARTESIAN_POINT('',(0.75,-1.29903810567666,-0.444440812485726));
#558=CARTESIAN_POINT('',(0.401923788646684,-1.5,-0.463190812485726));
#559=CARTESIAN_POINT('',(9.18485099360515E-17,-1.5,-0.481940812485726));
#560=CARTESIAN_POINT('',(-0.401923788646684,-1.5,-0.500690812485726));
#561=CARTESIAN_POINT('',(-0.75,-1.29903810567666,-0.519440812485725));
#562=CARTESIAN_POINT('',(-1.09807621135332,-1.09807621135332,-0.538190812485726));
#563=CARTESIAN_POINT('',(-1.29903810567666,-0.750000000000001,-0.556940812485726));
#564=CARTESIAN_POINT('',(-1.5,-0.401923788646685,-0.575690812485726));
#565=CARTESIAN_POINT('',(-1.5,-1.83697019872103E-16,-0.594440812485726));
#566=CARTESIAN_POINT('',(-1.5,0.401923788646683,-0.613190812485726));
#567=CARTESIAN_POINT('',(-1.29903810567666,0.75,-0.631940812485726));
#568=CARTESIAN_POINT('',(-1.09807621135332,1.09807621135332,-0.650690812485726));
#569=CARTESIAN_POINT('',(-0.750000000000001,1.29903810567666,-0.669440812485726));
#570=CARTESIAN_POINT('',(-0.401923788646685,1.5,-0.688190812485726));
#571=CARTESIAN_POINT('',(-2.75545529808154E-16,1.5,-0.706940812485726));
#572=CARTESIAN_POINT('',(0.401923788646683,1.5,-0.725690812485726));
#573=CARTESIAN_POINT('',(0.749999999999999,1.29903810567666,-0.744440812485726));
#574=CARTESIAN_POINT('',(1.09807621135332,1.09807621135332,-0.763190812485726));
#575=CARTESIAN_POINT('',(1.29903810567666,0.750000000000001,-0.781940812485726));
#576=CARTESIAN_POINT('',(1.5,0.401923788646685,-0.800690812485726));
#577=CARTESIAN_POINT('',(1.5,0.,-0.819440812485726));
#578=CARTESIAN_POINT('',(1.5,-0.401923788646684,-0.838190812485726));
#579=CARTESIAN_POINT('',(1.29903810567666,-0.75,-0.856940812485726));
#580=CARTESIAN_POINT('',(1.09807621135332,-1.09807621135332,-0.875690812485726));
#581=CARTESIAN_POINT('',(0.75,-1.29903810567666,-0.894440812485726));
#582=CARTESIAN_POINT('',(0.401923788646684,-1.5,-0.913190812485726));
#583=CARTESIAN_POINT('',(9.18485099360515E-17,-1.5,-0.931940812485726));
#584=CARTESIAN_POINT('',(-0.401923788646684,-1.5,-0.950690812485726));
#585=CARTESIAN_POINT('',(-0.75,-1.29903810567666,-0.969440812485726));
#586=CARTESIAN_POINT('',(-1.09807621135332,-1.09807621135332,-0.988190812485726));
#587=CARTESIAN_POINT('',(-1.29903810567666,-0.750000000000001,-1.00694081248573));
#588=CARTESIAN_POINT('',(-1.5,-0.401923788646685,-1.02569081248573));
#589=CARTESIAN_POINT('',(-1.5,-1.83697019872103E-16,-1.04444081248573));
#590=CARTESIAN_POINT('',(-1.5,0.401923788646683,-1.06319081248573));
#591=CARTESIAN_POINT('',(-1.29903810567666,0.75,-1.08194081248573));
#592=CARTESIAN_POINT('',(-1.09807621135332,1.09807621135332,-1.10069081248573));
#593=CARTESIAN_POINT('',(-0.750000000000001,1.29903810567666,-1.11944081248573));
#594=CARTESIAN_POINT('',(-0.401923788646685,1.5,-1.13819081248573));
#595=CARTESIAN_POINT('',(-2.75545529808154E-16,1.5,-1.15694081248573));
#596=CARTESIAN_POINT('',(0.401923788646683,1.5,-1.17569081248573));
#597=CARTESIAN_POINT('',(0.749999999999999,1.29903810567666,-1.19444081248573));
#598=CARTESIAN_POINT('',(1.09807621135332,1.09807621135332,-1.21319081248573));
#599=CARTESIAN_POINT('',(1.29903810567666,0.750000000000001,-1.23194081248573));
#600=CARTESIAN_POINT('',(1.5,0.401923788646685,-1.25069081248573));
#601=CARTESIAN_POINT('',(1.5,0.,-1.26944081248573));
#602=CARTESIAN_POINT('',(-1.0707261442708,1.05049775057667,5.20000000000388));
#603=CARTESIAN_POINT('',(0.,0.,5.2));
#604=CARTESIAN_POINT('',(-1.47978061887206,-0.245457369028968,5.2));
#605=CARTESIAN_POINT('',(1.5,0.,5.86329651558205));
#606=CARTESIAN_POINT('',(1.5,-0.401923788646684,5.84454651558205));
#607=CARTESIAN_POINT('',(1.29903810567666,-0.75,5.82579651558205));
#608=CARTESIAN_POINT('',(1.09807621135332,-1.09807621135332,5.80704651558205));
#609=CARTESIAN_POINT('',(0.75,-1.29903810567666,5.78829651558205));
#610=CARTESIAN_POINT('',(0.401923788646684,-1.5,5.76954651558205));
#611=CARTESIAN_POINT('',(9.18485099360515E-17,-1.5,5.75079651558205));
#612=CARTESIAN_POINT('',(-0.401923788646684,-1.5,5.73204651558205));
#613=CARTESIAN_POINT('',(-0.75,-1.29903810567666,5.71329651558205));
#614=CARTESIAN_POINT('',(-1.09807621135332,-1.09807621135332,5.69454651558205));
#615=CARTESIAN_POINT('',(-1.29903810567666,-0.750000000000001,5.67579651558205));
#616=CARTESIAN_POINT('',(-1.5,-0.401923788646685,5.65704651558205));
#617=CARTESIAN_POINT('',(-1.5,-1.83697019872103E-16,5.63829651558205));
#618=CARTESIAN_POINT('',(-1.5,0.401923788646683,5.61954651558205));
#619=CARTESIAN_POINT('',(-1.29903810567666,0.75,5.60079651558205));
#620=CARTESIAN_POINT('',(-1.09807621135332,1.09807621135332,5.58204651558205));
#621=CARTESIAN_POINT('',(-0.750000000000001,1.29903810567666,5.56329651558205));
#622=CARTESIAN_POINT('',(-0.401923788646685,1.5,5.54454651558205));
#623=CARTESIAN_POINT('',(-2.75545529808154E-16,1.5,5.52579651558205));
#624=CARTESIAN_POINT('',(0.401923788646683,1.5,5.50704651558205));
#625=CARTESIAN_POINT('',(0.749999999999999,1.29903810567666,5.48829651558205));
#626=CARTESIAN_POINT('',(1.09807621135332,1.09807621135332,5.46954651558205));
#627=CARTESIAN_POINT('',(1.29903810567666,0.750000000000001,5.45079651558205));
#628=CARTESIAN_POINT('',(1.5,0.401923788646685,5.43204651558205));
#629=CARTESIAN_POINT('',(1.5,0.,5.41329651558205));
#630=CARTESIAN_POINT('',(1.5,-0.401923788646684,5.39454651558205));
#631=CARTESIAN_POINT('',(1.29903810567666,-0.75,5.37579651558205));
#632=CARTESIAN_POINT('',(1.09807621135332,-1.09807621135332,5.35704651558205));
#633=CARTESIAN_POINT('',(0.75,-1.29903810567666,5.33829651558205));
#634=CARTESIAN_POINT('',(0.401923788646684,-1.5,5.31954651558205));
#635=CARTESIAN_POINT('',(9.18485099360515E-17,-1.5,5.30079651558205));
#636=CARTESIAN_POINT('',(-0.401923788646684,-1.5,5.28204651558205));
#637=CARTESIAN_POINT('',(-0.75,-1.29903810567666,5.26329651558205));
#638=CARTESIAN_POINT('',(-1.09807621135332,-1.09807621135332,5.24454651558205));
#639=CARTESIAN_POINT('',(-1.29903810567666,-0.750000000000001,5.22579651558205));
#640=CARTESIAN_POINT('',(-1.5,-0.401923788646685,5.20704651558205));
#641=CARTESIAN_POINT('',(-1.5,-1.83697019872103E-16,5.18829651558205));
#642=CARTESIAN_POINT('',(-1.5,0.401923788646683,5.16954651558205));
#643=CARTESIAN_POINT('',(-1.29903810567666,0.75,5.15079651558205));
#644=CARTESIAN_POINT('',(-1.09807621135332,1.09807621135332,5.13204651558205));
#645=CARTESIAN_POINT('',(-0.750000000000001,1.29903810567666,5.11329651558205));
#646=CARTESIAN_POINT('',(-0.401923788646685,1.5,5.09454651558205));
#647=CARTESIAN_POINT('',(-2.75545529808154E-16,1.5,5.07579651558205));
#648=CARTESIAN_POINT('',(0.401923788646683,1.5,5.05704651558205));
#649=CARTESIAN_POINT('',(0.749999999999999,1.29903810567666,5.03829651558205));
#650=CARTESIAN_POINT('',(1.09807621135332,1.09807621135332,5.01954651558205));
#651=CARTESIAN_POINT('',(1.29903810567666,0.750000000000001,5.00079651558205));
#652=CARTESIAN_POINT('',(1.5,0.401923788646685,4.98204651558205));
#653=CARTESIAN_POINT('',(1.5,0.,4.96329651558205));
#654=CARTESIAN_POINT('',(1.5,-0.401923788646684,4.94454651558205));
#655=CARTESIAN_POINT('',(1.29903810567666,-0.75,4.92579651558205));
#656=CARTESIAN_POINT('',(1.09807621135332,-1.09807621135332,4.90704651558205));
#657=CARTESIAN_POINT('',(0.75,-1.29903810567666,4.88829651558205));
#658=CARTESIAN_POINT('',(0.401923788646684,-1.5,4.86954651558205));
#659=CARTESIAN_POINT('',(9.18485099360515E-17,-1.5,4.85079651558205));
#660=CARTESIAN_POINT('',(-0.401923788646684,-1.5,4.83204651558205));
#661=CARTESIAN_POINT('',(-0.75,-1.29903810567666,4.81329651558205));
#662=CARTESIAN_POINT('',(-1.09807621135332,-1.09807621135332,4.79454651558205));
#663=CARTESIAN_POINT('',(-1.29903810567666,-0.750000000000001,4.77579651558205));
#664=CARTESIAN_POINT('',(-1.5,-0.401923788646685,4.75704651558205));
#665=CARTESIAN_POINT('',(-1.5,-1.83697019872103E-16,4.73829651558205));
#666=CARTESIAN_POINT('',(-1.5,0.401923788646683,4.71954651558205));
#667=CARTESIAN_POINT('',(-1.29903810567666,0.75,4.70079651558205));
#668=CARTESIAN_POINT('',(-1.09807621135332,1.09807621135332,4.68204651558205));
#669=CARTESIAN_POINT('',(-0.750000000000001,1.29903810567666,4.66329651558205));
#670=CARTESIAN_POINT('',(-0.401923788646685,1.5,4.64454651558205));
#671=CARTESIAN_POINT('',(-2.75545529808154E-16,1.5,4.62579651558205));
#672=CARTESIAN_POINT('',(0.401923788646683,1.5,4.60704651558205));
#673=CARTESIAN_POINT('',(0.749999999999999,1.29903810567666,4.58829651558205));
#674=CARTESIAN_POINT('',(1.09807621135332,1.09807621135332,4.56954651558205));
#675=CARTESIAN_POINT('',(1.29903810567666,0.750000000000001,4.55079651558205));
#676=CARTESIAN_POINT('',(1.5,0.401923788646685,4.53204651558205));
#677=CARTESIAN_POINT('',(1.5,0.,4.51329651558205));
#678=CARTESIAN_POINT('',(1.5,-0.401923788646684,4.49454651558205));
#679=CARTESIAN_POINT('',(1.29903810567666,-0.75,4.47579651558205));
#680=CARTESIAN_POINT('',(1.09807621135332,-1.09807621135332,4.45704651558205));
#681=CARTESIAN_POINT('',(0.75,-1.29903810567666,4.43829651558205));
#682=CARTESIAN_POINT('',(0.401923788646684,-1.5,4.41954651558205));
#683=CARTESIAN_POINT('',(9.18485099360515E-17,-1.5,4.40079651558205));
#684=CARTESIAN_POINT('',(-0.401923788646684,-1.5,4.38204651558205));
#685=CARTESIAN_POINT('',(-0.75,-1.29903810567666,4.36329651558205));
#686=CARTESIAN_POINT('',(-1.09807621135332,-1.09807621135332,4.34454651558205));
#687=CARTESIAN_POINT('',(-1.29903810567666,-0.750000000000001,4.32579651558205));
#688=CARTESIAN_POINT('',(-1.5,-0.401923788646685,4.30704651558205));
#689=CARTESIAN_POINT('',(-1.5,-1.83697019872103E-16,4.28829651558205));
#690=CARTESIAN_POINT('',(-1.5,0.401923788646683,4.26954651558204));
#691=CARTESIAN_POINT('',(-1.29903810567666,0.75,4.25079651558205));
#692=CARTESIAN_POINT('',(-1.09807621135332,1.09807621135332,4.23204651558205));
#693=CARTESIAN_POINT('',(-0.750000000000001,1.29903810567666,4.21329651558205));
#694=CARTESIAN_POINT('',(-0.401923788646685,1.5,4.19454651558205));
#695=CARTESIAN_POINT('',(-2.75545529808154E-16,1.5,4.17579651558205));
#696=CARTESIAN_POINT('',(0.401923788646683,1.5,4.15704651558205));
#697=CARTESIAN_POINT('',(0.749999999999999,1.29903810567666,4.13829651558205));
#698=CARTESIAN_POINT('',(1.09807621135332,1.09807621135332,4.11954651558205));
#699=CARTESIAN_POINT('',(1.29903810567666,0.750000000000001,4.10079651558205));
#700=CARTESIAN_POINT('',(1.5,0.401923788646685,4.08204651558205));
#701=CARTESIAN_POINT('',(1.5,0.,4.06329651558205));
#702=CARTESIAN_POINT('',(1.5,-0.401923788646684,4.04454651558205));
#703=CARTESIAN_POINT('',(1.29903810567666,-0.75,4.02579651558205));
#704=CARTESIAN_POINT('',(1.09807621135332,-1.09807621135332,4.00704651558205));
#705=CARTESIAN_POINT('',(0.75,-1.29903810567666,3.98829651558205));
#706=CARTESIAN_POINT('',(0.401923788646684,-1.5,3.96954651558205));
#707=CARTESIAN_POINT('',(9.18485099360515E-17,-1.5,3.95079651558205));
#708=CARTESIAN_POINT('',(-0.401923788646684,-1.5,3.93204651558205));
#709=CARTESIAN_POINT('',(-0.75,-1.29903810567666,3.91329651558205));
#710=CARTESIAN_POINT('',(-1.09807621135332,-1.09807621135332,3.89454651558205));
#711=CARTESIAN_POINT('',(-1.29903810567666,-0.750000000000001,3.87579651558205));
#712=CARTESIAN_POINT('',(-1.5,-0.401923788646685,3.85704651558205));
#713=CARTESIAN_POINT('',(-1.5,-1.83697019872103E-16,3.83829651558205));
#714=CARTESIAN_POINT('',(-1.5,0.401923788646683,3.81954651558205));
#715=CARTESIAN_POINT('',(-1.29903810567666,0.75,3.80079651558205));
#716=CARTESIAN_POINT('',(-1.09807621135332,1.09807621135332,3.78204651558205));
#717=CARTESIAN_POINT('',(-0.750000000000001,1.29903810567666,3.76329651558205));
#718=CARTESIAN_POINT('',(-0.401923788646685,1.5,3.74454651558205));
#719=CARTESIAN_POINT('',(-2.75545529808154E-16,1.5,3.72579651558205));
#720=CARTESIAN_POINT('',(0.401923788646683,1.5,3.70704651558205));
#721=CARTESIAN_POINT('',(0.749999999999999,1.29903810567666,3.68829651558205));
#722=CARTESIAN_POINT('',(1.09807621135332,1.09807621135332,3.66954651558205));
#723=CARTESIAN_POINT('',(1.29903810567666,0.750000000000001,3.65079651558205));
#724=CARTESIAN_POINT('',(1.5,0.401923788646685,3.63204651558205));
#725=CARTESIAN_POINT('',(1.5,0.,3.61329651558205));
#726=CARTESIAN_POINT('',(1.5,-0.401923788646684,3.59454651558205));
#727=CARTESIAN_POINT('',(1.29903810567666,-0.75,3.57579651558205));
#728=CARTESIAN_POINT('',(1.09807621135332,-1.09807621135332,3.55704651558205));
#729=CARTESIAN_POINT('',(0.75,-1.29903810567666,3.53829651558205));
#730=CARTESIAN_POINT('',(0.401923788646684,-1.5,3.51954651558205));
#731=CARTESIAN_POINT('',(9.18485099360515E-17,-1.5,3.50079651558205));
#732=CARTESIAN_POINT('',(-0.401923788646684,-1.5,3.48204651558205));
#733=CARTESIAN_POINT('',(-0.75,-1.29903810567666,3.46329651558205));
#734=CARTESIAN_POINT('',(-1.09807621135332,-1.09807621135332,3.44454651558205));
#735=CARTESIAN_POINT('',(-1.29903810567666,-0.750000000000001,3.42579651558205));
#736=CARTESIAN_POINT('',(-1.5,-0.401923788646685,3.40704651558205));
#737=CARTESIAN_POINT('',(-1.5,-1.83697019872103E-16,3.38829651558205));
#738=CARTESIAN_POINT('',(-1.5,0.401923788646683,3.36954651558205));
#739=CARTESIAN_POINT('',(-1.29903810567666,0.75,3.35079651558205));
#740=CARTESIAN_POINT('',(-1.09807621135332,1.09807621135332,3.33204651558205));
#741=CARTESIAN_POINT('',(-0.750000000000001,1.29903810567666,3.31329651558205));
#742=CARTESIAN_POINT('',(-0.401923788646685,1.5,3.29454651558205));
#743=CARTESIAN_POINT('',(-2.75545529808154E-16,1.5,3.27579651558205));
#744=CARTESIAN_POINT('',(0.401923788646683,1.5,3.25704651558205));
#745=CARTESIAN_POINT('',(0.749999999999999,1.29903810567666,3.23829651558205));
#746=CARTESIAN_POINT('',(1.09807621135332,1.09807621135332,3.21954651558205));
#747=CARTESIAN_POINT('',(1.29903810567666,0.750000000000001,3.20079651558205));
#748=CARTESIAN_POINT('',(1.5,0.401923788646685,3.18204651558205));
#749=CARTESIAN_POINT('',(1.5,0.,3.16329651558205));
#750=CARTESIAN_POINT('',(1.5,-0.401923788646684,3.14454651558205));
#751=CARTESIAN_POINT('',(1.29903810567666,-0.75,3.12579651558205));
#752=CARTESIAN_POINT('',(1.09807621135332,-1.09807621135332,3.10704651558205));
#753=CARTESIAN_POINT('',(0.75,-1.29903810567666,3.08829651558205));
#754=CARTESIAN_POINT('',(0.401923788646684,-1.5,3.06954651558205));
#755=CARTESIAN_POINT('',(9.18485099360515E-17,-1.5,3.05079651558205));
#756=CARTESIAN_POINT('',(-0.401923788646684,-1.5,3.03204651558205));
#757=CARTESIAN_POINT('',(-0.75,-1.29903810567666,3.01329651558205));
#758=CARTESIAN_POINT('',(-1.09807621135332,-1.09807621135332,2.99454651558205));
#759=CARTESIAN_POINT('',(-1.29903810567666,-0.750000000000001,2.97579651558205));
#760=CARTESIAN_POINT('',(-1.5,-0.401923788646685,2.95704651558205));
#761=CARTESIAN_POINT('',(-1.5,-1.83697019872103E-16,2.93829651558205));
#762=CARTESIAN_POINT('',(-1.5,0.401923788646683,2.91954651558205));
#763=CARTESIAN_POINT('',(-1.29903810567666,0.75,2.90079651558205));
#764=CARTESIAN_POINT('',(-1.09807621135332,1.09807621135332,2.88204651558205));
#765=CARTESIAN_POINT('',(-0.750000000000001,1.29903810567666,2.86329651558205));
#766=CARTESIAN_POINT('',(-0.401923788646685,1.5,2.84454651558205));
#767=CARTESIAN_POINT('',(-2.75545529808154E-16,1.5,2.82579651558205));
#768=CARTESIAN_POINT('',(0.401923788646683,1.5,2.80704651558205));
#769=CARTESIAN_POINT('',(0.749999999999999,1.29903810567666,2.78829651558205));
#770=CARTESIAN_POINT('',(1.09807621135332,1.09807621135332,2.76954651558205));
#771=CARTESIAN_POINT('',(1.29903810567666,0.750000000000001,2.75079651558205));
#772=CARTESIAN_POINT('',(1.5,0.401923788646685,2.73204651558205));
#773=CARTESIAN_POINT('',(1.5,0.,2.71329651558205));
#774=CARTESIAN_POINT('',(1.5,-0.401923788646684,2.69454651558205));
#775=CARTESIAN_POINT('',(1.29903810567666,-0.75,2.67579651558205));
#776=CARTESIAN_POINT('',(1.09807621135332,-1.09807621135332,2.65704651558205));
#777=CARTESIAN_POINT('',(0.75,-1.29903810567666,2.63829651558205));
#778=CARTESIAN_POINT('',(0.401923788646684,-1.5,2.61954651558205));
#779=CARTESIAN_POINT('',(9.18485099360515E-17,-1.5,2.60079651558205));
#780=CARTESIAN_POINT('',(-0.401923788646684,-1.5,2.58204651558205));
#781=CARTESIAN_POINT('',(-0.75,-1.29903810567666,2.56329651558205));
#782=CARTESIAN_POINT('',(-1.09807621135332,-1.09807621135332,2.54454651558205));
#783=CARTESIAN_POINT('',(-1.29903810567666,-0.750000000000001,2.52579651558205));
#784=CARTESIAN_POINT('',(-1.5,-0.401923788646685,2.50704651558205));
#785=CARTESIAN_POINT('',(-1.5,-1.83697019872103E-16,2.48829651558205));
#786=CARTESIAN_POINT('',(-1.5,0.401923788646683,2.46954651558205));
#787=CARTESIAN_POINT('',(-1.29903810567666,0.75,2.45079651558205));
#788=CARTESIAN_POINT('',(-1.09807621135332,1.09807621135332,2.43204651558205));
#789=CARTESIAN_POINT('',(-0.750000000000001,1.29903810567666,2.41329651558205));
#790=CARTESIAN_POINT('',(-0.401923788646685,1.5,2.39454651558205));
#791=CARTESIAN_POINT('',(-2.75545529808154E-16,1.5,2.37579651558205));
#792=CARTESIAN_POINT('',(0.401923788646683,1.5,2.35704651558205));
#793=CARTESIAN_POINT('',(0.749999999999999,1.29903810567666,2.33829651558205));
#794=CARTESIAN_POINT('',(1.09807621135332,1.09807621135332,2.31954651558205));
#795=CARTESIAN_POINT('',(1.29903810567666,0.750000000000001,2.30079651558205));
#796=CARTESIAN_POINT('',(1.5,0.401923788646685,2.28204651558205));
#797=CARTESIAN_POINT('',(1.5,0.,2.26329651558205));
#798=CARTESIAN_POINT('',(1.5,-0.401923788646684,2.24454651558205));
#799=CARTESIAN_POINT('',(1.29903810567666,-0.75,2.22579651558205));
#800=CARTESIAN_POINT('',(1.09807621135332,-1.09807621135332,2.20704651558205));
#801=CARTESIAN_POINT('',(0.75,-1.29903810567666,2.18829651558205));
#802=CARTESIAN_POINT('',(0.401923788646684,-1.5,2.16954651558205));
#803=CARTESIAN_POINT('',(9.18485099360515E-17,-1.5,2.15079651558205));
#804=CARTESIAN_POINT('',(-0.401923788646684,-1.5,2.13204651558205));
#805=CARTESIAN_POINT('',(-0.75,-1.29903810567666,2.11329651558205));
#806=CARTESIAN_POINT('',(-1.09807621135332,-1.09807621135332,2.09454651558205));
#807=CARTESIAN_POINT('',(-1.29903810567666,-0.750000000000001,2.07579651558205));
#808=CARTESIAN_POINT('',(-1.5,-0.401923788646685,2.05704651558205));
#809=CARTESIAN_POINT('',(-1.5,-1.83697019872103E-16,2.03829651558205));
#810=CARTESIAN_POINT('',(-1.5,0.401923788646683,2.01954651558205));
#811=CARTESIAN_POINT('',(-1.29903810567666,0.75,2.00079651558205));
#812=CARTESIAN_POINT('',(-1.09807621135332,1.09807621135332,1.98204651558205));
#813=CARTESIAN_POINT('',(-0.750000000000001,1.29903810567666,1.96329651558205));
#814=CARTESIAN_POINT('',(-0.401923788646685,1.5,1.94454651558205));
#815=CARTESIAN_POINT('',(-2.75545529808154E-16,1.5,1.92579651558205));
#816=CARTESIAN_POINT('',(0.401923788646683,1.5,1.90704651558205));
#817=CARTESIAN_POINT('',(0.749999999999999,1.29903810567666,1.88829651558205));
#818=CARTESIAN_POINT('',(1.09807621135332,1.09807621135332,1.86954651558205));
#819=CARTESIAN_POINT('',(1.29903810567666,0.750000000000001,1.85079651558205));
#820=CARTESIAN_POINT('',(1.5,0.401923788646685,1.83204651558205));
#821=CARTESIAN_POINT('',(1.5,0.,1.81329651558205));
#822=CARTESIAN_POINT('',(1.5,-0.401923788646684,1.79454651558205));
#823=CARTESIAN_POINT('',(1.29903810567666,-0.75,1.77579651558205));
#824=CARTESIAN_POINT('',(1.09807621135332,-1.09807621135332,1.75704651558205));
#825=CARTESIAN_POINT('',(0.75,-1.29903810567666,1.73829651558205));
#826=CARTESIAN_POINT('',(0.401923788646684,-1.5,1.71954651558205));
#827=CARTESIAN_POINT('',(9.18485099360515E-17,-1.5,1.70079651558205));
#828=CARTESIAN_POINT('',(-0.401923788646684,-1.5,1.68204651558205));
#829=CARTESIAN_POINT('',(-0.75,-1.29903810567666,1.66329651558205));
#830=CARTESIAN_POINT('',(-1.09807621135332,-1.09807621135332,1.64454651558205));
#831=CARTESIAN_POINT('',(-1.29903810567666,-0.750000000000001,1.62579651558205));
#832=CARTESIAN_POINT('',(-1.5,-0.401923788646685,1.60704651558205));
#833=CARTESIAN_POINT('',(-1.5,-1.83697019872103E-16,1.58829651558205));
#834=CARTESIAN_POINT('',(-1.5,0.401923788646683,1.56954651558205));
#835=CARTESIAN_POINT('',(-1.29903810567666,0.75,1.55079651558205));
#836=CARTESIAN_POINT('',(-1.09807621135332,1.09807621135332,1.53204651558205));
#837=CARTESIAN_POINT('',(-0.750000000000001,1.29903810567666,1.51329651558205));
#838=CARTESIAN_POINT('',(-0.401923788646685,1.5,1.49454651558205));
#839=CARTESIAN_POINT('',(-2.75545529808154E-16,1.5,1.47579651558205));
#840=CARTESIAN_POINT('',(0.401923788646683,1.5,1.45704651558205));
#841=CARTESIAN_POINT('',(0.749999999999999,1.29903810567666,1.43829651558205));
#842=CARTESIAN_POINT('',(1.09807621135332,1.09807621135332,1.41954651558205));
#843=CARTESIAN_POINT('',(1.29903810567666,0.750000000000001,1.40079651558205));
#844=CARTESIAN_POINT('',(1.5,0.401923788646685,1.38204651558205));
#845=CARTESIAN_POINT('',(1.5,0.,1.36329651558205));
#846=CARTESIAN_POINT('',(1.5,-0.401923788646684,1.34454651558205));
#847=CARTESIAN_POINT('',(1.29903810567666,-0.75,1.32579651558205));
#848=CARTESIAN_POINT('',(1.09807621135332,-1.09807621135332,1.30704651558205));
#849=CARTESIAN_POINT('',(0.75,-1.29903810567666,1.28829651558205));
#850=CARTESIAN_POINT('',(0.401923788646684,-1.5,1.26954651558205));
#851=CARTESIAN_POINT('',(9.18485099360515E-17,-1.5,1.25079651558205));
#852=CARTESIAN_POINT('',(-0.401923788646684,-1.5,1.23204651558205));
#853=CARTESIAN_POINT('',(-0.75,-1.29903810567666,1.21329651558205));
#854=CARTESIAN_POINT('',(-1.09807621135332,-1.09807621135332,1.19454651558205));
#855=CARTESIAN_POINT('',(-1.29903810567666,-0.750000000000001,1.17579651558205));
#856=CARTESIAN_POINT('',(-1.5,-0.401923788646685,1.15704651558205));
#857=CARTESIAN_POINT('',(-1.5,-1.83697019872103E-16,1.13829651558205));
#858=CARTESIAN_POINT('',(-1.5,0.401923788646683,1.11954651558205));
#859=CARTESIAN_POINT('',(-1.29903810567666,0.75,1.10079651558205));
#860=CARTESIAN_POINT('',(-1.09807621135332,1.09807621135332,1.08204651558205));
#861=CARTESIAN_POINT('',(-0.750000000000001,1.29903810567666,1.06329651558205));
#862=CARTESIAN_POINT('',(-0.401923788646685,1.5,1.04454651558205));
#863=CARTESIAN_POINT('',(-2.75545529808154E-16,1.5,1.02579651558205));
#864=CARTESIAN_POINT('',(0.401923788646683,1.5,1.00704651558205));
#865=CARTESIAN_POINT('',(0.749999999999999,1.29903810567666,0.988296515582046));
#866=CARTESIAN_POINT('',(1.09807621135332,1.09807621135332,0.969546515582046));
#867=CARTESIAN_POINT('',(1.29903810567666,0.750000000000001,0.950796515582046));
#868=CARTESIAN_POINT('',(1.5,0.401923788646685,0.932046515582046));
#869=CARTESIAN_POINT('',(1.5,0.,0.913296515582046));
#870=CARTESIAN_POINT('',(1.5,-0.401923788646684,0.894546515582047));
#871=CARTESIAN_POINT('',(1.29903810567666,-0.75,0.875796515582046));
#872=CARTESIAN_POINT('',(1.09807621135332,-1.09807621135332,0.857046515582046));
#873=CARTESIAN_POINT('',(0.75,-1.29903810567666,0.838296515582046));
#874=CARTESIAN_POINT('',(0.401923788646684,-1.5,0.819546515582046));
#875=CARTESIAN_POINT('',(9.18485099360515E-17,-1.5,0.800796515582046));
#876=CARTESIAN_POINT('',(-0.401923788646684,-1.5,0.782046515582046));
#877=CARTESIAN_POINT('',(-0.75,-1.29903810567666,0.763296515582046));
#878=CARTESIAN_POINT('',(-1.09807621135332,-1.09807621135332,0.744546515582046));
#879=CARTESIAN_POINT('',(-1.29903810567666,-0.750000000000001,0.725796515582046));
#880=CARTESIAN_POINT('',(-1.5,-0.401923788646685,0.707046515582046));
#881=CARTESIAN_POINT('',(-1.5,-1.83697019872103E-16,0.688296515582046));
#882=CARTESIAN_POINT('',(-1.5,0.401923788646683,0.669546515582046));
#883=CARTESIAN_POINT('',(-1.29903810567666,0.75,0.650796515582047));
#884=CARTESIAN_POINT('',(-1.09807621135332,1.09807621135332,0.632046515582046));
#885=CARTESIAN_POINT('',(-0.750000000000001,1.29903810567666,0.613296515582046));
#886=CARTESIAN_POINT('',(-0.401923788646685,1.5,0.594546515582046));
#887=CARTESIAN_POINT('',(-2.75545529808154E-16,1.5,0.575796515582046));
#888=CARTESIAN_POINT('',(0.401923788646683,1.5,0.557046515582046));
#889=CARTESIAN_POINT('',(0.749999999999999,1.29903810567666,0.538296515582046));
#890=CARTESIAN_POINT('',(1.09807621135332,1.09807621135332,0.519546515582046));
#891=CARTESIAN_POINT('',(1.29903810567666,0.750000000000001,0.500796515582047));
#892=CARTESIAN_POINT('',(1.5,0.401923788646685,0.482046515582046));
#893=CARTESIAN_POINT('',(1.5,0.,0.463296515582046));
#894=CARTESIAN_POINT('',(1.5,-0.401923788646684,0.444546515582046));
#895=CARTESIAN_POINT('',(1.29903810567666,-0.75,0.425796515582046));
#896=CARTESIAN_POINT('',(1.09807621135332,-1.09807621135332,0.407046515582046));
#897=CARTESIAN_POINT('',(0.75,-1.29903810567666,0.388296515582046));
#898=CARTESIAN_POINT('',(0.401923788646684,-1.5,0.369546515582046));
#899=CARTESIAN_POINT('',(9.18485099360515E-17,-1.5,0.350796515582046));
#900=CARTESIAN_POINT('',(-0.401923788646684,-1.5,0.332046515582046));
#901=CARTESIAN_POINT('',(-0.75,-1.29903810567666,0.313296515582046));
#902=CARTESIAN_POINT('',(-1.09807621135332,-1.09807621135332,0.294546515582046));
#903=CARTESIAN_POINT('',(-1.29903810567666,-0.750000000000001,0.275796515582046));
#904=CARTESIAN_POINT('',(-1.5,-0.401923788646685,0.257046515582046));
#905=CARTESIAN_POINT('',(-1.5,-1.83697019872103E-16,0.238296515582046));
#906=CARTESIAN_POINT('',(-1.5,0.401923788646683,0.219546515582046));
#907=CARTESIAN_POINT('',(-1.29903810567666,0.75,0.200796515582046));
#908=CARTESIAN_POINT('',(-1.09807621135332,1.09807621135332,0.182046515582046));
#909=CARTESIAN_POINT('',(-0.750000000000001,1.29903810567666,0.163296515582046));
#910=CARTESIAN_POINT('',(-0.401923788646685,1.5,0.144546515582046));
#911=CARTESIAN_POINT('',(-2.75545529808154E-16,1.5,0.125796515582046));
#912=CARTESIAN_POINT('',(0.401923788646683,1.5,0.107046515582046));
#913=CARTESIAN_POINT('',(0.749999999999999,1.29903810567666,0.088296515582046));
#914=CARTESIAN_POINT('',(1.09807621135332,1.09807621135332,0.0695465155820463));
#915=CARTESIAN_POINT('',(1.29903810567666,0.750000000000001,0.0507965155820458));
#916=CARTESIAN_POINT('',(1.5,0.401923788646685,0.0320465155820462));
#917=CARTESIAN_POINT('',(1.5,0.,0.0132965155820465));
#918=CARTESIAN_POINT('',(1.5,-0.401923788646684,-0.00545348441795405));
#919=CARTESIAN_POINT('',(1.29903810567666,-0.75,-0.0242034844179537));
#920=CARTESIAN_POINT('',(1.09807621135332,-1.09807621135332,-0.0429534844179543));
#921=CARTESIAN_POINT('',(0.75,-1.29903810567666,-0.0617034844179539));
#922=CARTESIAN_POINT('',(0.401923788646684,-1.5,-0.0804534844179536));
#923=CARTESIAN_POINT('',(9.18485099360515E-17,-1.5,-0.0992034844179541));
#924=CARTESIAN_POINT('',(-0.401923788646684,-1.5,-0.117953484417954));
#925=CARTESIAN_POINT('',(-0.75,-1.29903810567666,-0.136703484417953));
#926=CARTESIAN_POINT('',(-1.09807621135332,-1.09807621135332,-0.155453484417954));
#927=CARTESIAN_POINT('',(-1.29903810567666,-0.750000000000001,-0.174203484417954));
#928=CARTESIAN_POINT('',(-1.5,-0.401923788646685,-0.192953484417954));
#929=CARTESIAN_POINT('',(-1.5,-1.83697019872103E-16,-0.211703484417954));
#930=CARTESIAN_POINT('',(-1.5,0.401923788646683,-0.230453484417954));
#931=CARTESIAN_POINT('',(-1.29903810567666,0.75,-0.249203484417954));
#932=CARTESIAN_POINT('',(-1.09807621135332,1.09807621135332,-0.267953484417954));
#933=CARTESIAN_POINT('',(-0.750000000000001,1.29903810567666,-0.286703484417954));
#934=CARTESIAN_POINT('',(-0.401923788646685,1.5,-0.305453484417954));
#935=CARTESIAN_POINT('',(-2.75545529808154E-16,1.5,-0.324203484417954));
#936=CARTESIAN_POINT('',(0.401923788646683,1.5,-0.342953484417954));
#937=CARTESIAN_POINT('',(0.749999999999999,1.29903810567666,-0.361703484417954));
#938=CARTESIAN_POINT('',(1.09807621135332,1.09807621135332,-0.380453484417954));
#939=CARTESIAN_POINT('',(1.29903810567666,0.750000000000001,-0.399203484417954));
#940=CARTESIAN_POINT('',(1.5,0.401923788646685,-0.417953484417954));
#941=CARTESIAN_POINT('',(1.5,0.,-0.436703484417954));
#942=CARTESIAN_POINT('',(1.5,-0.401923788646684,-0.455453484417954));
#943=CARTESIAN_POINT('',(1.29903810567666,-0.75,-0.474203484417954));
#944=CARTESIAN_POINT('',(1.09807621135332,-1.09807621135332,-0.492953484417954));
#945=CARTESIAN_POINT('',(0.75,-1.29903810567666,-0.511703484417954));
#946=CARTESIAN_POINT('',(0.401923788646684,-1.5,-0.530453484417954));
#947=CARTESIAN_POINT('',(9.18485099360515E-17,-1.5,-0.549203484417954));
#948=CARTESIAN_POINT('',(-0.401923788646684,-1.5,-0.567953484417954));
#949=CARTESIAN_POINT('',(-0.75,-1.29903810567666,-0.586703484417954));
#950=CARTESIAN_POINT('',(-1.09807621135332,-1.09807621135332,-0.605453484417954));
#951=CARTESIAN_POINT('',(-1.29903810567666,-0.750000000000001,-0.624203484417954));
#952=CARTESIAN_POINT('',(-1.5,-0.401923788646685,-0.642953484417954));
#953=CARTESIAN_POINT('',(-1.5,-1.83697019872103E-16,-0.661703484417954));
#954=CARTESIAN_POINT('',(-1.5,0.401923788646683,-0.680453484417954));
#955=CARTESIAN_POINT('',(-1.29903810567666,0.75,-0.699203484417954));
#956=CARTESIAN_POINT('',(-1.09807621135332,1.09807621135332,-0.717953484417954));
#957=CARTESIAN_POINT('',(-0.750000000000001,1.29903810567666,-0.736703484417954));
#958=CARTESIAN_POINT('',(-0.401923788646685,1.5,-0.755453484417954));
#959=CARTESIAN_POINT('',(-2.75545529808154E-16,1.5,-0.774203484417954));
#960=CARTESIAN_POINT('',(0.401923788646683,1.5,-0.792953484417954));
#961=CARTESIAN_POINT('',(0.749999999999999,1.29903810567666,-0.811703484417954));
#962=CARTESIAN_POINT('',(1.09807621135332,1.09807621135332,-0.830453484417954));
#963=CARTESIAN_POINT('',(1.29903810567666,0.750000000000001,-0.849203484417954));
#964=CARTESIAN_POINT('',(1.5,0.401923788646685,-0.867953484417954));
#965=CARTESIAN_POINT('',(1.5,0.,-0.886703484417954));
#966=CARTESIAN_POINT('',(0.,0.,0.));
#967=CARTESIAN_POINT('',(0.,0.,0.));
#968=CARTESIAN_POINT('',(-1.7,0.,0.));
#969=CARTESIAN_POINT('',(0.,0.,0.016799435099576));
#970=CARTESIAN_POINT('',(-0.858340840201958,1.44790025337469,0.0167994350995757));
#971=CARTESIAN_POINT('',(-1.54122182081915,-0.676608779659268,0.0167994350995751));
#972=CARTESIAN_POINT('',(-1.54122182081915,-0.676608779659268,0.0167994350995751));
#973=CARTESIAN_POINT('',(-1.29140202111328,-1.20942131432252,0.0313681610286512));
#974=CARTESIAN_POINT('',(-0.199171123365398,-1.96726495187061,0.0605008359845297));
#975=CARTESIAN_POINT('',(1.61982572590633,-1.08360574445633,0.105582116586083));
#976=CARTESIAN_POINT('',(1.65231526378159,0.956642146194067,0.151961315004469));
#977=CARTESIAN_POINT('',(0.437646860481625,1.56670733605511,0.183665146394984));
#978=CARTESIAN_POINT('',(-0.146852016290868,1.49279418719145,0.19999999999958));
#979=CARTESIAN_POINT('',(-1.29043015460807,0.764715643934519,0.2));
#980=CARTESIAN_POINT('',(-1.20966887370114,1.02528189369297,0.136638469823629));
#981=CARTESIAN_POINT('',(-1.05992200236276,1.26205294344,0.0738710788767086));
#982=CARTESIAN_POINT('',(-0.858340840201963,1.44790025337469,0.0167994350995766));
#983=CARTESIAN_POINT('',(0.,0.,5.4));
#984=CARTESIAN_POINT('',(0.,0.,5.4));
#985=CARTESIAN_POINT('',(-1.7,0.,5.4));
#986=CARTESIAN_POINT('',(-1.0707261442708,1.05049775057667,5.20000000000388));
#987=CARTESIAN_POINT('',(-1.38648303158738,0.822516072146355,5.26572994275046));
#988=CARTESIAN_POINT('',(-1.60174876062278,0.47524456972972,5.32552528539242));
#989=CARTESIAN_POINT('',(-1.6806377829186,0.0928481788057904,5.38320056490042));
#990=CARTESIAN_POINT('',(-1.6806377829186,0.0928481788057904,5.38320056490042));
#991=CARTESIAN_POINT('',(0.,0.,5.38320056490042));
#992=CARTESIAN_POINT('',(-0.112258337328873,1.67945294884414,5.38320056490042));
#993=CARTESIAN_POINT('',(-0.112258337328873,1.67945294884414,5.38320056490042));
#994=CARTESIAN_POINT('',(0.504854770471032,1.70621693606648,5.36874760268702));
#995=CARTESIAN_POINT('',(1.41918998006745,1.18986101377645,5.34684029942798));
#996=CARTESIAN_POINT('',(1.70489254332112,-0.057421739108439,5.31704076010985));
#997=CARTESIAN_POINT('',(1.38689349676518,-0.956325193810859,5.29441507817208));
#998=CARTESIAN_POINT('',(0.628118709285848,-1.54003648320958,5.27138166076115));
#999=CARTESIAN_POINT('',(-0.653819764076741,-1.6346400821315,5.24014042494265));
#1000=CARTESIAN_POINT('',(-1.3948870018829,-0.857887580112223,5.21646771949337));
#1001=CARTESIAN_POINT('',(-1.47978061887201,-0.245457369029275,5.20000000000001));
#1002=CARTESIAN_POINT('',(0.,0.,1.4));
#1003=CARTESIAN_POINT('',(0.,0.,1.4));
#1004=CARTESIAN_POINT('',(2.1,0.,1.4));
#1005=CARTESIAN_POINT('',(0.,0.,0.));
#1006=CARTESIAN_POINT('',(2.1,0.,0.));
#1007=CARTESIAN_POINT('',(0.,0.,0.));
#1008=CARTESIAN_POINT('',(0.,0.,5.4));
#1009=CARTESIAN_POINT('',(0.,0.,5.4));
#1010=CARTESIAN_POINT('',(3.,0.,5.4));
#1011=CARTESIAN_POINT('',(0.,0.,1.4));
#1012=CARTESIAN_POINT('',(3.,0.,1.4));
#1013=CARTESIAN_POINT('',(0.,0.,5.4));
#1014=CARTESIAN_POINT('',(0.,0.,1.4));
#1015=CARTESIAN_POINT('',(-0.741276773224935,1.30403556143122,5.56282710331598));
#1016=CARTESIAN_POINT('',(-0.396541033620083,1.5,5.54429540664149));
#1017=CARTESIAN_POINT('',(-2.75545529808154E-16,1.5,5.52579651558205));
#1018=CARTESIAN_POINT('',(0.401923788646683,1.5,5.50704651558205));
#1019=CARTESIAN_POINT('',(0.749999999999999,1.29903810567666,5.48829651558205));
#1020=CARTESIAN_POINT('',(1.09807621135332,1.09807621135332,5.46954651558205));
#1021=CARTESIAN_POINT('',(1.29903810567666,0.750000000000001,5.45079651558205));
#1022=CARTESIAN_POINT('',(1.5,0.401923788646685,5.43204651558205));
#1023=CARTESIAN_POINT('',(1.5,0.,5.41329651558205));
#1024=CARTESIAN_POINT('',(1.5,-0.401923788646684,5.39454651558205));
#1025=CARTESIAN_POINT('',(1.29903810567666,-0.75,5.37579651558205));
#1026=CARTESIAN_POINT('',(1.09807621135332,-1.09807621135332,5.35704651558205));
#1027=CARTESIAN_POINT('',(0.75,-1.29903810567666,5.33829651558205));
#1028=CARTESIAN_POINT('',(0.401923788646684,-1.5,5.31954651558205));
#1029=CARTESIAN_POINT('',(9.18485099360515E-17,-1.5,5.30079651558205));
#1030=CARTESIAN_POINT('',(-0.401923788646684,-1.5,5.28204651558205));
#1031=CARTESIAN_POINT('',(-0.75,-1.29903810567666,5.26329651558205));
#1032=CARTESIAN_POINT('',(-1.09807621135332,-1.09807621135332,5.24454651558205));
#1033=CARTESIAN_POINT('',(-1.29903810567666,-0.750000000000001,5.22579651558205));
#1034=CARTESIAN_POINT('',(-1.5,-0.401923788646685,5.20704651558205));
#1035=CARTESIAN_POINT('',(-1.5,-1.83697019872103E-16,5.18829651558205));
#1036=CARTESIAN_POINT('',(-1.5,0.401923788646683,5.16954651558205));
#1037=CARTESIAN_POINT('',(-1.29903810567666,0.75,5.15079651558205));
#1038=CARTESIAN_POINT('',(-1.09807621135332,1.09807621135332,5.13204651558205));
#1039=CARTESIAN_POINT('',(-0.750000000000001,1.29903810567666,5.11329651558205));
#1040=CARTESIAN_POINT('',(-0.401923788646685,1.5,5.09454651558205));
#1041=CARTESIAN_POINT('',(-2.75545529808154E-16,1.5,5.07579651558205));
#1042=CARTESIAN_POINT('',(0.401923788646683,1.5,5.05704651558205));
#1043=CARTESIAN_POINT('',(0.749999999999999,1.29903810567666,5.03829651558205));
#1044=CARTESIAN_POINT('',(1.09807621135332,1.09807621135332,5.01954651558205));
#1045=CARTESIAN_POINT('',(1.29903810567666,0.750000000000001,5.00079651558205));
#1046=CARTESIAN_POINT('',(1.5,0.401923788646685,4.98204651558205));
#1047=CARTESIAN_POINT('',(1.5,0.,4.96329651558205));
#1048=CARTESIAN_POINT('',(1.5,-0.401923788646684,4.94454651558205));
#1049=CARTESIAN_POINT('',(1.29903810567666,-0.75,4.92579651558205));
#1050=CARTESIAN_POINT('',(1.09807621135332,-1.09807621135332,4.90704651558205));
#1051=CARTESIAN_POINT('',(0.75,-1.29903810567666,4.88829651558205));
#1052=CARTESIAN_POINT('',(0.401923788646684,-1.5,4.86954651558205));
#1053=CARTESIAN_POINT('',(9.18485099360515E-17,-1.5,4.85079651558205));
#1054=CARTESIAN_POINT('',(-0.401923788646684,-1.5,4.83204651558205));
#1055=CARTESIAN_POINT('',(-0.75,-1.29903810567666,4.81329651558205));
#1056=CARTESIAN_POINT('',(-1.09807621135332,-1.09807621135332,4.79454651558205));
#1057=CARTESIAN_POINT('',(-1.29903810567666,-0.750000000000001,4.77579651558205));
#1058=CARTESIAN_POINT('',(-1.5,-0.401923788646685,4.75704651558205));
#1059=CARTESIAN_POINT('',(-1.5,-1.83697019872103E-16,4.73829651558205));
#1060=CARTESIAN_POINT('',(-1.5,0.401923788646683,4.71954651558205));
#1061=CARTESIAN_POINT('',(-1.29903810567666,0.75,4.70079651558205));
#1062=CARTESIAN_POINT('',(-1.09807621135332,1.09807621135332,4.68204651558205));
#1063=CARTESIAN_POINT('',(-0.750000000000001,1.29903810567666,4.66329651558205));
#1064=CARTESIAN_POINT('',(-0.401923788646685,1.5,4.64454651558205));
#1065=CARTESIAN_POINT('',(-2.75545529808154E-16,1.5,4.62579651558205));
#1066=CARTESIAN_POINT('',(0.401923788646683,1.5,4.60704651558205));
#1067=CARTESIAN_POINT('',(0.749999999999999,1.29903810567666,4.58829651558205));
#1068=CARTESIAN_POINT('',(1.09807621135332,1.09807621135332,4.56954651558205));
#1069=CARTESIAN_POINT('',(1.29903810567666,0.750000000000001,4.55079651558205));
#1070=CARTESIAN_POINT('',(1.5,0.401923788646685,4.53204651558205));
#1071=CARTESIAN_POINT('',(1.5,0.,4.51329651558205));
#1072=CARTESIAN_POINT('',(1.5,-0.401923788646684,4.49454651558205));
#1073=CARTESIAN_POINT('',(1.29903810567666,-0.75,4.47579651558205));
#1074=CARTESIAN_POINT('',(1.09807621135332,-1.09807621135332,4.45704651558205));
#1075=CARTESIAN_POINT('',(0.75,-1.29903810567666,4.43829651558205));
#1076=CARTESIAN_POINT('',(0.401923788646684,-1.5,4.41954651558205));
#1077=CARTESIAN_POINT('',(9.18485099360515E-17,-1.5,4.40079651558205));
#1078=CARTESIAN_POINT('',(-0.401923788646684,-1.5,4.38204651558205));
#1079=CARTESIAN_POINT('',(-0.75,-1.29903810567666,4.36329651558205));
#1080=CARTESIAN_POINT('',(-1.09807621135332,-1.09807621135332,4.34454651558205));
#1081=CARTESIAN_POINT('',(-1.29903810567666,-0.750000000000001,4.32579651558205));
#1082=CARTESIAN_POINT('',(-1.5,-0.401923788646685,4.30704651558205));
#1083=CARTESIAN_POINT('',(-1.5,-1.83697019872103E-16,4.28829651558205));
#1084=CARTESIAN_POINT('',(-1.5,0.401923788646683,4.26954651558204));
#1085=CARTESIAN_POINT('',(-1.29903810567666,0.75,4.25079651558205));
#1086=CARTESIAN_POINT('',(-1.09807621135332,1.09807621135332,4.23204651558205));
#1087=CARTESIAN_POINT('',(-0.750000000000001,1.29903810567666,4.21329651558205));
#1088=CARTESIAN_POINT('',(-0.401923788646685,1.5,4.19454651558205));
#1089=CARTESIAN_POINT('',(-2.75545529808154E-16,1.5,4.17579651558205));
#1090=CARTESIAN_POINT('',(0.401923788646683,1.5,4.15704651558205));
#1091=CARTESIAN_POINT('',(0.749999999999999,1.29903810567666,4.13829651558205));
#1092=CARTESIAN_POINT('',(1.09807621135332,1.09807621135332,4.11954651558205));
#1093=CARTESIAN_POINT('',(1.29903810567666,0.750000000000001,4.10079651558205));
#1094=CARTESIAN_POINT('',(1.5,0.401923788646685,4.08204651558205));
#1095=CARTESIAN_POINT('',(1.5,0.,4.06329651558205));
#1096=CARTESIAN_POINT('',(1.5,-0.401923788646684,4.04454651558205));
#1097=CARTESIAN_POINT('',(1.29903810567666,-0.75,4.02579651558205));
#1098=CARTESIAN_POINT('',(1.09807621135332,-1.09807621135332,4.00704651558205));
#1099=CARTESIAN_POINT('',(0.75,-1.29903810567666,3.98829651558205));
#1100=CARTESIAN_POINT('',(0.401923788646684,-1.5,3.96954651558205));
#1101=CARTESIAN_POINT('',(9.18485099360515E-17,-1.5,3.95079651558205));
#1102=CARTESIAN_POINT('',(-0.401923788646684,-1.5,3.93204651558205));
#1103=CARTESIAN_POINT('',(-0.75,-1.29903810567666,3.91329651558205));
#1104=CARTESIAN_POINT('',(-1.09807621135332,-1.09807621135332,3.89454651558205));
#1105=CARTESIAN_POINT('',(-1.29903810567666,-0.750000000000001,3.87579651558205));
#1106=CARTESIAN_POINT('',(-1.5,-0.401923788646685,3.85704651558205));
#1107=CARTESIAN_POINT('',(-1.5,-1.83697019872103E-16,3.83829651558205));
#1108=CARTESIAN_POINT('',(-1.5,0.401923788646683,3.81954651558205));
#1109=CARTESIAN_POINT('',(-1.29903810567666,0.75,3.80079651558205));
#1110=CARTESIAN_POINT('',(-1.09807621135332,1.09807621135332,3.78204651558205));
#1111=CARTESIAN_POINT('',(-0.750000000000001,1.29903810567666,3.76329651558205));
#1112=CARTESIAN_POINT('',(-0.401923788646685,1.5,3.74454651558205));
#1113=CARTESIAN_POINT('',(-2.75545529808154E-16,1.5,3.72579651558205));
#1114=CARTESIAN_POINT('',(0.401923788646683,1.5,3.70704651558205));
#1115=CARTESIAN_POINT('',(0.749999999999999,1.29903810567666,3.68829651558205));
#1116=CARTESIAN_POINT('',(1.09807621135332,1.09807621135332,3.66954651558205));
#1117=CARTESIAN_POINT('',(1.29903810567666,0.750000000000001,3.65079651558205));
#1118=CARTESIAN_POINT('',(1.5,0.401923788646685,3.63204651558205));
#1119=CARTESIAN_POINT('',(1.5,0.,3.61329651558205));
#1120=CARTESIAN_POINT('',(1.5,-0.401923788646684,3.59454651558205));
#1121=CARTESIAN_POINT('',(1.29903810567666,-0.75,3.57579651558205));
#1122=CARTESIAN_POINT('',(1.09807621135332,-1.09807621135332,3.55704651558205));
#1123=CARTESIAN_POINT('',(0.75,-1.29903810567666,3.53829651558205));
#1124=CARTESIAN_POINT('',(0.401923788646684,-1.5,3.51954651558205));
#1125=CARTESIAN_POINT('',(9.18485099360515E-17,-1.5,3.50079651558205));
#1126=CARTESIAN_POINT('',(-0.401923788646684,-1.5,3.48204651558205));
#1127=CARTESIAN_POINT('',(-0.75,-1.29903810567666,3.46329651558205));
#1128=CARTESIAN_POINT('',(-1.09807621135332,-1.09807621135332,3.44454651558205));
#1129=CARTESIAN_POINT('',(-1.29903810567666,-0.750000000000001,3.42579651558205));
#1130=CARTESIAN_POINT('',(-1.5,-0.401923788646685,3.40704651558205));
#1131=CARTESIAN_POINT('',(-1.5,-1.83697019872103E-16,3.38829651558205));
#1132=CARTESIAN_POINT('',(-1.5,0.401923788646683,3.36954651558205));
#1133=CARTESIAN_POINT('',(-1.29903810567666,0.75,3.35079651558205));
#1134=CARTESIAN_POINT('',(-1.09807621135332,1.09807621135332,3.33204651558205));
#1135=CARTESIAN_POINT('',(-0.750000000000001,1.29903810567666,3.31329651558205));
#1136=CARTESIAN_POINT('',(-0.401923788646685,1.5,3.29454651558205));
#1137=CARTESIAN_POINT('',(-2.75545529808154E-16,1.5,3.27579651558205));
#1138=CARTESIAN_POINT('',(0.401923788646683,1.5,3.25704651558205));
#1139=CARTESIAN_POINT('',(0.749999999999999,1.29903810567666,3.23829651558205));
#1140=CARTESIAN_POINT('',(1.09807621135332,1.09807621135332,3.21954651558205));
#1141=CARTESIAN_POINT('',(1.29903810567666,0.750000000000001,3.20079651558205));
#1142=CARTESIAN_POINT('',(1.5,0.401923788646685,3.18204651558205));
#1143=CARTESIAN_POINT('',(1.5,0.,3.16329651558205));
#1144=CARTESIAN_POINT('',(1.5,-0.401923788646684,3.14454651558205));
#1145=CARTESIAN_POINT('',(1.29903810567666,-0.75,3.12579651558205));
#1146=CARTESIAN_POINT('',(1.09807621135332,-1.09807621135332,3.10704651558205));
#1147=CARTESIAN_POINT('',(0.75,-1.29903810567666,3.08829651558205));
#1148=CARTESIAN_POINT('',(0.401923788646684,-1.5,3.06954651558205));
#1149=CARTESIAN_POINT('',(9.18485099360515E-17,-1.5,3.05079651558205));
#1150=CARTESIAN_POINT('',(-0.401923788646684,-1.5,3.03204651558205));
#1151=CARTESIAN_POINT('',(-0.75,-1.29903810567666,3.01329651558205));
#1152=CARTESIAN_POINT('',(-1.09807621135332,-1.09807621135332,2.99454651558205));
#1153=CARTESIAN_POINT('',(-1.29903810567666,-0.750000000000001,2.97579651558205));
#1154=CARTESIAN_POINT('',(-1.5,-0.401923788646685,2.95704651558205));
#1155=CARTESIAN_POINT('',(-1.5,-1.83697019872103E-16,2.93829651558205));
#1156=CARTESIAN_POINT('',(-1.5,0.401923788646683,2.91954651558205));
#1157=CARTESIAN_POINT('',(-1.29903810567666,0.75,2.90079651558205));
#1158=CARTESIAN_POINT('',(-1.09807621135332,1.09807621135332,2.88204651558205));
#1159=CARTESIAN_POINT('',(-0.750000000000001,1.29903810567666,2.86329651558205));
#1160=CARTESIAN_POINT('',(-0.401923788646685,1.5,2.84454651558205));
#1161=CARTESIAN_POINT('',(-2.75545529808154E-16,1.5,2.82579651558205));
#1162=CARTESIAN_POINT('',(0.401923788646683,1.5,2.80704651558205));
#1163=CARTESIAN_POINT('',(0.749999999999999,1.29903810567666,2.78829651558205));
#1164=CARTESIAN_POINT('',(1.09807621135332,1.09807621135332,2.76954651558205));
#1165=CARTESIAN_POINT('',(1.29903810567666,0.750000000000001,2.75079651558205));
#1166=CARTESIAN_POINT('',(1.5,0.401923788646685,2.73204651558205));
#1167=CARTESIAN_POINT('',(1.5,0.,2.71329651558205));
#1168=CARTESIAN_POINT('',(1.5,-0.401923788646684,2.69454651558205));
#1169=CARTESIAN_POINT('',(1.29903810567666,-0.75,2.67579651558205));
#1170=CARTESIAN_POINT('',(1.09807621135332,-1.09807621135332,2.65704651558205));
#1171=CARTESIAN_POINT('',(0.75,-1.29903810567666,2.63829651558205));
#1172=CARTESIAN_POINT('',(0.401923788646684,-1.5,2.61954651558205));
#1173=CARTESIAN_POINT('',(9.18485099360515E-17,-1.5,2.60079651558205));
#1174=CARTESIAN_POINT('',(-0.401923788646684,-1.5,2.58204651558205));
#1175=CARTESIAN_POINT('',(-0.75,-1.29903810567666,2.56329651558205));
#1176=CARTESIAN_POINT('',(-1.09807621135332,-1.09807621135332,2.54454651558205));
#1177=CARTESIAN_POINT('',(-1.29903810567666,-0.750000000000001,2.52579651558205));
#1178=CARTESIAN_POINT('',(-1.5,-0.401923788646685,2.50704651558205));
#1179=CARTESIAN_POINT('',(-1.5,-1.83697019872103E-16,2.48829651558205));
#1180=CARTESIAN_POINT('',(-1.5,0.401923788646683,2.46954651558205));
#1181=CARTESIAN_POINT('',(-1.29903810567666,0.75,2.45079651558205));
#1182=CARTESIAN_POINT('',(-1.09807621135332,1.09807621135332,2.43204651558205));
#1183=CARTESIAN_POINT('',(-0.750000000000001,1.29903810567666,2.41329651558205));
#1184=CARTESIAN_POINT('',(-0.401923788646685,1.5,2.39454651558205));
#1185=CARTESIAN_POINT('',(-2.75545529808154E-16,1.5,2.37579651558205));
#1186=CARTESIAN_POINT('',(0.401923788646683,1.5,2.35704651558205));
#1187=CARTESIAN_POINT('',(0.749999999999999,1.29903810567666,2.33829651558205));
#1188=CARTESIAN_POINT('',(1.09807621135332,1.09807621135332,2.31954651558205));
#1189=CARTESIAN_POINT('',(1.29903810567666,0.750000000000001,2.30079651558205));
#1190=CARTESIAN_POINT('',(1.5,0.401923788646685,2.28204651558205));
#1191=CARTESIAN_POINT('',(1.5,0.,2.26329651558205));
#1192=CARTESIAN_POINT('',(1.5,-0.401923788646684,2.24454651558205));
#1193=CARTESIAN_POINT('',(1.29903810567666,-0.75,2.22579651558205));
#1194=CARTESIAN_POINT('',(1.09807621135332,-1.09807621135332,2.20704651558205));
#1195=CARTESIAN_POINT('',(0.75,-1.29903810567666,2.18829651558205));
#1196=CARTESIAN_POINT('',(0.401923788646684,-1.5,2.16954651558205));
#1197=CARTESIAN_POINT('',(9.18485099360515E-17,-1.5,2.15079651558205));
#1198=CARTESIAN_POINT('',(-0.401923788646684,-1.5,2.13204651558205));
#1199=CARTESIAN_POINT('',(-0.75,-1.29903810567666,2.11329651558205));
#1200=CARTESIAN_POINT('',(-1.09807621135332,-1.09807621135332,2.09454651558205));
#1201=CARTESIAN_POINT('',(-1.29903810567666,-0.750000000000001,2.07579651558205));
#1202=CARTESIAN_POINT('',(-1.5,-0.401923788646685,2.05704651558205));
#1203=CARTESIAN_POINT('',(-1.5,-1.83697019872103E-16,2.03829651558205));
#1204=CARTESIAN_POINT('',(-1.5,0.401923788646683,2.01954651558205));
#1205=CARTESIAN_POINT('',(-1.29903810567666,0.75,2.00079651558205));
#1206=CARTESIAN_POINT('',(-1.09807621135332,1.09807621135332,1.98204651558205));
#1207=CARTESIAN_POINT('',(-0.750000000000001,1.29903810567666,1.96329651558205));
#1208=CARTESIAN_POINT('',(-0.401923788646685,1.5,1.94454651558205));
#1209=CARTESIAN_POINT('',(-2.75545529808154E-16,1.5,1.92579651558205));
#1210=CARTESIAN_POINT('',(0.401923788646683,1.5,1.90704651558205));
#1211=CARTESIAN_POINT('',(0.749999999999999,1.29903810567666,1.88829651558205));
#1212=CARTESIAN_POINT('',(1.09807621135332,1.09807621135332,1.86954651558205));
#1213=CARTESIAN_POINT('',(1.29903810567666,0.750000000000001,1.85079651558205));
#1214=CARTESIAN_POINT('',(1.5,0.401923788646685,1.83204651558205));
#1215=CARTESIAN_POINT('',(1.5,0.,1.81329651558205));
#1216=CARTESIAN_POINT('',(1.5,-0.401923788646684,1.79454651558205));
#1217=CARTESIAN_POINT('',(1.29903810567666,-0.75,1.77579651558205));
#1218=CARTESIAN_POINT('',(1.09807621135332,-1.09807621135332,1.75704651558205));
#1219=CARTESIAN_POINT('',(0.75,-1.29903810567666,1.73829651558205));
#1220=CARTESIAN_POINT('',(0.401923788646684,-1.5,1.71954651558205));
#1221=CARTESIAN_POINT('',(9.18485099360515E-17,-1.5,1.70079651558205));
#1222=CARTESIAN_POINT('',(-0.401923788646684,-1.5,1.68204651558205));
#1223=CARTESIAN_POINT('',(-0.75,-1.29903810567666,1.66329651558205));
#1224=CARTESIAN_POINT('',(-1.09807621135332,-1.09807621135332,1.64454651558205));
#1225=CARTESIAN_POINT('',(-1.29903810567666,-0.750000000000001,1.62579651558205));
#1226=CARTESIAN_POINT('',(-1.5,-0.401923788646685,1.60704651558205));
#1227=CARTESIAN_POINT('',(-1.5,-1.83697019872103E-16,1.58829651558205));
#1228=CARTESIAN_POINT('',(-1.5,0.401923788646683,1.56954651558205));
#1229=CARTESIAN_POINT('',(-1.29903810567666,0.75,1.55079651558205));
#1230=CARTESIAN_POINT('',(-1.09807621135332,1.09807621135332,1.53204651558205));
#1231=CARTESIAN_POINT('',(-0.750000000000001,1.29903810567666,1.51329651558205));
#1232=CARTESIAN_POINT('',(-0.401923788646685,1.5,1.49454651558205));
#1233=CARTESIAN_POINT('',(-2.75545529808154E-16,1.5,1.47579651558205));
#1234=CARTESIAN_POINT('',(0.401923788646683,1.5,1.45704651558205));
#1235=CARTESIAN_POINT('',(0.749999999999999,1.29903810567666,1.43829651558205));
#1236=CARTESIAN_POINT('',(1.09807621135332,1.09807621135332,1.41954651558205));
#1237=CARTESIAN_POINT('',(1.29903810567666,0.750000000000001,1.40079651558205));
#1238=CARTESIAN_POINT('',(1.5,0.401923788646685,1.38204651558205));
#1239=CARTESIAN_POINT('',(1.5,0.,1.36329651558205));
#1240=CARTESIAN_POINT('',(1.5,-0.401923788646684,1.34454651558205));
#1241=CARTESIAN_POINT('',(1.29903810567666,-0.75,1.32579651558205));
#1242=CARTESIAN_POINT('',(1.09807621135332,-1.09807621135332,1.30704651558205));
#1243=CARTESIAN_POINT('',(0.75,-1.29903810567666,1.28829651558205));
#1244=CARTESIAN_POINT('',(0.401923788646684,-1.5,1.26954651558205));
#1245=CARTESIAN_POINT('',(9.18485099360515E-17,-1.5,1.25079651558205));
#1246=CARTESIAN_POINT('',(-0.401923788646684,-1.5,1.23204651558205));
#1247=CARTESIAN_POINT('',(-0.75,-1.29903810567666,1.21329651558205));
#1248=CARTESIAN_POINT('',(-1.09807621135332,-1.09807621135332,1.19454651558205));
#1249=CARTESIAN_POINT('',(-1.29903810567666,-0.750000000000001,1.17579651558205));
#1250=CARTESIAN_POINT('',(-1.5,-0.401923788646685,1.15704651558205));
#1251=CARTESIAN_POINT('',(-1.5,-1.83697019872103E-16,1.13829651558205));
#1252=CARTESIAN_POINT('',(-1.5,0.401923788646683,1.11954651558205));
#1253=CARTESIAN_POINT('',(-1.29903810567666,0.75,1.10079651558205));
#1254=CARTESIAN_POINT('',(-1.09807621135332,1.09807621135332,1.08204651558205));
#1255=CARTESIAN_POINT('',(-0.750000000000001,1.29903810567666,1.06329651558205));
#1256=CARTESIAN_POINT('',(-0.401923788646685,1.5,1.04454651558205));
#1257=CARTESIAN_POINT('',(-2.75545529808154E-16,1.5,1.02579651558205));
#1258=CARTESIAN_POINT('',(0.401923788646683,1.5,1.00704651558205));
#1259=CARTESIAN_POINT('',(0.749999999999999,1.29903810567666,0.988296515582046));
#1260=CARTESIAN_POINT('',(1.09807621135332,1.09807621135332,0.969546515582046));
#1261=CARTESIAN_POINT('',(1.29903810567666,0.750000000000001,0.950796515582046));
#1262=CARTESIAN_POINT('',(1.5,0.401923788646685,0.932046515582046));
#1263=CARTESIAN_POINT('',(1.5,0.,0.913296515582046));
#1264=CARTESIAN_POINT('',(1.5,-0.401923788646684,0.894546515582047));
#1265=CARTESIAN_POINT('',(1.29903810567666,-0.75,0.875796515582046));
#1266=CARTESIAN_POINT('',(1.09807621135332,-1.09807621135332,0.857046515582046));
#1267=CARTESIAN_POINT('',(0.75,-1.29903810567666,0.838296515582046));
#1268=CARTESIAN_POINT('',(0.401923788646684,-1.5,0.819546515582046));
#1269=CARTESIAN_POINT('',(9.18485099360515E-17,-1.5,0.800796515582046));
#1270=CARTESIAN_POINT('',(-0.401923788646684,-1.5,0.782046515582046));
#1271=CARTESIAN_POINT('',(-0.75,-1.29903810567666,0.763296515582046));
#1272=CARTESIAN_POINT('',(-1.09807621135332,-1.09807621135332,0.744546515582046));
#1273=CARTESIAN_POINT('',(-1.29903810567666,-0.750000000000001,0.725796515582046));
#1274=CARTESIAN_POINT('',(-1.5,-0.401923788646685,0.707046515582046));
#1275=CARTESIAN_POINT('',(-1.5,-1.83697019872103E-16,0.688296515582046));
#1276=CARTESIAN_POINT('',(-1.5,0.401923788646683,0.669546515582046));
#1277=CARTESIAN_POINT('',(-1.29903810567666,0.75,0.650796515582046));
#1278=CARTESIAN_POINT('',(-1.09807621135332,1.09807621135332,0.632046515582046));
#1279=CARTESIAN_POINT('',(-0.750000000000001,1.29903810567666,0.613296515582046));
#1280=CARTESIAN_POINT('',(-0.401923788646685,1.5,0.594546515582046));
#1281=CARTESIAN_POINT('',(-2.75545529808154E-16,1.5,0.575796515582046));
#1282=CARTESIAN_POINT('',(0.401923788646683,1.5,0.557046515582046));
#1283=CARTESIAN_POINT('',(0.749999999999999,1.29903810567666,0.538296515582046));
#1284=CARTESIAN_POINT('',(1.09807621135332,1.09807621135332,0.519546515582046));
#1285=CARTESIAN_POINT('',(1.29903810567666,0.750000000000001,0.500796515582046));
#1286=CARTESIAN_POINT('',(1.5,0.401923788646685,0.482046515582046));
#1287=CARTESIAN_POINT('',(1.5,0.,0.463296515582046));
#1288=CARTESIAN_POINT('',(1.5,-0.401923788646684,0.444546515582046));
#1289=CARTESIAN_POINT('',(1.29903810567666,-0.75,0.425796515582046));
#1290=CARTESIAN_POINT('',(1.09807621135332,-1.09807621135332,0.407046515582046));
#1291=CARTESIAN_POINT('',(0.75,-1.29903810567666,0.388296515582046));
#1292=CARTESIAN_POINT('',(0.401923788646684,-1.5,0.369546515582046));
#1293=CARTESIAN_POINT('',(9.18485099360515E-17,-1.5,0.350796515582046));
#1294=CARTESIAN_POINT('',(-0.401923788646684,-1.5,0.332046515582046));
#1295=CARTESIAN_POINT('',(-0.75,-1.29903810567666,0.313296515582046));
#1296=CARTESIAN_POINT('',(-1.09807621135332,-1.09807621135332,0.294546515582046));
#1297=CARTESIAN_POINT('',(-1.29903810567666,-0.750000000000001,0.275796515582046));
#1298=CARTESIAN_POINT('',(-1.5,-0.401923788646685,0.257046515582046));
#1299=CARTESIAN_POINT('',(-1.5,-1.83697019872103E-16,0.238296515582046));
#1300=CARTESIAN_POINT('',(-1.5,0.401923788646683,0.219546515582046));
#1301=CARTESIAN_POINT('',(-1.29903810567666,0.75,0.200796515582046));
#1302=CARTESIAN_POINT('',(-1.09807621135332,1.09807621135332,0.182046515582046));
#1303=CARTESIAN_POINT('',(-0.750000000000001,1.29903810567666,0.163296515582046));
#1304=CARTESIAN_POINT('',(-0.460541992987752,1.46615676394427,0.147704132493359));
#1305=CARTESIAN_POINT('',(-0.127514574661823,1.49457018344701,0.131813024180752));
#1306=CARTESIAN_POINT('',(-0.831811655626516,1.46330226243418,5.41552247319181));
#1307=CARTESIAN_POINT('',(-0.444972061197014,1.68320056490042,5.39699077651732));
#1308=CARTESIAN_POINT('',(-3.09198927619248E-16,1.68320056490042,5.37849188545787));
#1309=CARTESIAN_POINT('',(0.451012232064677,1.68320056490042,5.35974188545787));
#1310=CARTESIAN_POINT('',(0.841600282450211,1.45769444886809,5.34099188545787));
#1311=CARTESIAN_POINT('',(1.23218833283575,1.23218833283575,5.32224188545787));
#1312=CARTESIAN_POINT('',(1.45769444886808,0.841600282450213,5.30349188545787));
#1313=CARTESIAN_POINT('',(1.68320056490042,0.45101223206468,5.28474188545787));
#1314=CARTESIAN_POINT('',(1.68320056490042,0.,5.26599188545787));
#1315=CARTESIAN_POINT('',(1.68320056490042,-0.451012232064678,5.24724188545787));
#1316=CARTESIAN_POINT('',(1.45769444886809,-0.841600282450212,5.22849188545787));
#1317=CARTESIAN_POINT('',(1.23218833283575,-1.23218833283575,5.20974188545787));
#1318=CARTESIAN_POINT('',(0.841600282450212,-1.45769444886808,5.19099188545787));
#1319=CARTESIAN_POINT('',(0.451012232064679,-1.68320056490042,5.17224188545787));
#1320=CARTESIAN_POINT('',(1.03066309206416E-16,-1.68320056490042,5.15349188545787));
#1321=CARTESIAN_POINT('',(-0.451012232064678,-1.68320056490042,5.13474188545787));
#1322=CARTESIAN_POINT('',(-0.841600282450212,-1.45769444886809,5.11599188545787));
#1323=CARTESIAN_POINT('',(-1.23218833283575,-1.23218833283575,5.09724188545787));
#1324=CARTESIAN_POINT('',(-1.45769444886808,-0.841600282450213,5.07849188545787));
#1325=CARTESIAN_POINT('',(-1.68320056490042,-0.451012232064679,5.05974188545787));
#1326=CARTESIAN_POINT('',(-1.68320056490042,-2.06132618412832E-16,5.04099188545787));
#1327=CARTESIAN_POINT('',(-1.68320056490042,0.451012232064677,5.02224188545787));
#1328=CARTESIAN_POINT('',(-1.45769444886809,0.841600282450212,5.00349188545787));
#1329=CARTESIAN_POINT('',(-1.23218833283575,1.23218833283575,4.98474188545787));
#1330=CARTESIAN_POINT('',(-0.841600282450213,1.45769444886808,4.96599188545787));
#1331=CARTESIAN_POINT('',(-0.451012232064679,1.68320056490042,4.94724188545787));
#1332=CARTESIAN_POINT('',(-3.09198927619248E-16,1.68320056490042,4.92849188545787));
#1333=CARTESIAN_POINT('',(0.451012232064677,1.68320056490042,4.90974188545787));
#1334=CARTESIAN_POINT('',(0.841600282450211,1.45769444886809,4.89099188545787));
#1335=CARTESIAN_POINT('',(1.23218833283575,1.23218833283575,4.87224188545787));
#1336=CARTESIAN_POINT('',(1.45769444886808,0.841600282450213,4.85349188545787));
#1337=CARTESIAN_POINT('',(1.68320056490042,0.45101223206468,4.83474188545787));
#1338=CARTESIAN_POINT('',(1.68320056490042,0.,4.81599188545787));
#1339=CARTESIAN_POINT('',(1.68320056490042,-0.451012232064678,4.79724188545787));
#1340=CARTESIAN_POINT('',(1.45769444886809,-0.841600282450212,4.77849188545787));
#1341=CARTESIAN_POINT('',(1.23218833283575,-1.23218833283575,4.75974188545787));
#1342=CARTESIAN_POINT('',(0.841600282450212,-1.45769444886808,4.74099188545787));
#1343=CARTESIAN_POINT('',(0.451012232064679,-1.68320056490042,4.72224188545787));
#1344=CARTESIAN_POINT('',(1.03066309206416E-16,-1.68320056490042,4.70349188545787));
#1345=CARTESIAN_POINT('',(-0.451012232064678,-1.68320056490042,4.68474188545787));
#1346=CARTESIAN_POINT('',(-0.841600282450212,-1.45769444886809,4.66599188545787));
#1347=CARTESIAN_POINT('',(-1.23218833283575,-1.23218833283575,4.64724188545787));
#1348=CARTESIAN_POINT('',(-1.45769444886808,-0.841600282450213,4.62849188545787));
#1349=CARTESIAN_POINT('',(-1.68320056490042,-0.451012232064679,4.60974188545787));
#1350=CARTESIAN_POINT('',(-1.68320056490042,-2.06132618412832E-16,4.59099188545787));
#1351=CARTESIAN_POINT('',(-1.68320056490042,0.451012232064677,4.57224188545787));
#1352=CARTESIAN_POINT('',(-1.45769444886809,0.841600282450212,4.55349188545787));
#1353=CARTESIAN_POINT('',(-1.23218833283575,1.23218833283575,4.53474188545787));
#1354=CARTESIAN_POINT('',(-0.841600282450213,1.45769444886808,4.51599188545787));
#1355=CARTESIAN_POINT('',(-0.451012232064679,1.68320056490042,4.49724188545787));
#1356=CARTESIAN_POINT('',(-3.09198927619248E-16,1.68320056490042,4.47849188545787));
#1357=CARTESIAN_POINT('',(0.451012232064677,1.68320056490042,4.45974188545787));
#1358=CARTESIAN_POINT('',(0.841600282450211,1.45769444886809,4.44099188545787));
#1359=CARTESIAN_POINT('',(1.23218833283575,1.23218833283575,4.42224188545787));
#1360=CARTESIAN_POINT('',(1.45769444886808,0.841600282450213,4.40349188545787));
#1361=CARTESIAN_POINT('',(1.68320056490042,0.45101223206468,4.38474188545787));
#1362=CARTESIAN_POINT('',(1.68320056490042,0.,4.36599188545787));
#1363=CARTESIAN_POINT('',(1.68320056490042,-0.451012232064678,4.34724188545787));
#1364=CARTESIAN_POINT('',(1.45769444886809,-0.841600282450212,4.32849188545787));
#1365=CARTESIAN_POINT('',(1.23218833283575,-1.23218833283575,4.30974188545787));
#1366=CARTESIAN_POINT('',(0.841600282450212,-1.45769444886808,4.29099188545787));
#1367=CARTESIAN_POINT('',(0.451012232064679,-1.68320056490042,4.27224188545787));
#1368=CARTESIAN_POINT('',(1.03066309206416E-16,-1.68320056490042,4.25349188545787));
#1369=CARTESIAN_POINT('',(-0.451012232064678,-1.68320056490042,4.23474188545787));
#1370=CARTESIAN_POINT('',(-0.841600282450212,-1.45769444886809,4.21599188545787));
#1371=CARTESIAN_POINT('',(-1.23218833283575,-1.23218833283575,4.19724188545787));
#1372=CARTESIAN_POINT('',(-1.45769444886808,-0.841600282450213,4.17849188545787));
#1373=CARTESIAN_POINT('',(-1.68320056490042,-0.451012232064679,4.15974188545787));
#1374=CARTESIAN_POINT('',(-1.68320056490042,-2.06132618412832E-16,4.14099188545787));
#1375=CARTESIAN_POINT('',(-1.68320056490042,0.451012232064677,4.12224188545787));
#1376=CARTESIAN_POINT('',(-1.45769444886809,0.841600282450212,4.10349188545787));
#1377=CARTESIAN_POINT('',(-1.23218833283575,1.23218833283575,4.08474188545787));
#1378=CARTESIAN_POINT('',(-0.841600282450213,1.45769444886808,4.06599188545787));
#1379=CARTESIAN_POINT('',(-0.451012232064679,1.68320056490042,4.04724188545787));
#1380=CARTESIAN_POINT('',(-3.09198927619248E-16,1.68320056490042,4.02849188545787));
#1381=CARTESIAN_POINT('',(0.451012232064677,1.68320056490042,4.00974188545787));
#1382=CARTESIAN_POINT('',(0.841600282450211,1.45769444886809,3.99099188545787));
#1383=CARTESIAN_POINT('',(1.23218833283575,1.23218833283575,3.97224188545787));
#1384=CARTESIAN_POINT('',(1.45769444886808,0.841600282450213,3.95349188545787));
#1385=CARTESIAN_POINT('',(1.68320056490042,0.45101223206468,3.93474188545787));
#1386=CARTESIAN_POINT('',(1.68320056490042,0.,3.91599188545787));
#1387=CARTESIAN_POINT('',(1.68320056490042,-0.451012232064678,3.89724188545787));
#1388=CARTESIAN_POINT('',(1.45769444886809,-0.841600282450212,3.87849188545787));
#1389=CARTESIAN_POINT('',(1.23218833283575,-1.23218833283575,3.85974188545787));
#1390=CARTESIAN_POINT('',(0.841600282450212,-1.45769444886808,3.84099188545787));
#1391=CARTESIAN_POINT('',(0.451012232064679,-1.68320056490042,3.82224188545787));
#1392=CARTESIAN_POINT('',(1.03066309206416E-16,-1.68320056490042,3.80349188545787));
#1393=CARTESIAN_POINT('',(-0.451012232064678,-1.68320056490042,3.78474188545787));
#1394=CARTESIAN_POINT('',(-0.841600282450212,-1.45769444886809,3.76599188545787));
#1395=CARTESIAN_POINT('',(-1.23218833283575,-1.23218833283575,3.74724188545787));
#1396=CARTESIAN_POINT('',(-1.45769444886808,-0.841600282450213,3.72849188545787));
#1397=CARTESIAN_POINT('',(-1.68320056490042,-0.451012232064679,3.70974188545787));
#1398=CARTESIAN_POINT('',(-1.68320056490042,-2.06132618412832E-16,3.69099188545787));
#1399=CARTESIAN_POINT('',(-1.68320056490042,0.451012232064677,3.67224188545787));
#1400=CARTESIAN_POINT('',(-1.45769444886809,0.841600282450212,3.65349188545787));
#1401=CARTESIAN_POINT('',(-1.23218833283575,1.23218833283575,3.63474188545787));
#1402=CARTESIAN_POINT('',(-0.841600282450213,1.45769444886808,3.61599188545787));
#1403=CARTESIAN_POINT('',(-0.451012232064679,1.68320056490042,3.59724188545787));
#1404=CARTESIAN_POINT('',(-3.09198927619248E-16,1.68320056490042,3.57849188545787));
#1405=CARTESIAN_POINT('',(0.451012232064677,1.68320056490042,3.55974188545787));
#1406=CARTESIAN_POINT('',(0.841600282450211,1.45769444886809,3.54099188545787));
#1407=CARTESIAN_POINT('',(1.23218833283575,1.23218833283575,3.52224188545787));
#1408=CARTESIAN_POINT('',(1.45769444886808,0.841600282450213,3.50349188545787));
#1409=CARTESIAN_POINT('',(1.68320056490042,0.45101223206468,3.48474188545787));
#1410=CARTESIAN_POINT('',(1.68320056490042,0.,3.46599188545787));
#1411=CARTESIAN_POINT('',(1.68320056490042,-0.451012232064678,3.44724188545787));
#1412=CARTESIAN_POINT('',(1.45769444886809,-0.841600282450212,3.42849188545787));
#1413=CARTESIAN_POINT('',(1.23218833283575,-1.23218833283575,3.40974188545787));
#1414=CARTESIAN_POINT('',(0.841600282450212,-1.45769444886808,3.39099188545787));
#1415=CARTESIAN_POINT('',(0.451012232064679,-1.68320056490042,3.37224188545787));
#1416=CARTESIAN_POINT('',(1.03066309206416E-16,-1.68320056490042,3.35349188545787));
#1417=CARTESIAN_POINT('',(-0.451012232064678,-1.68320056490042,3.33474188545787));
#1418=CARTESIAN_POINT('',(-0.841600282450212,-1.45769444886809,3.31599188545787));
#1419=CARTESIAN_POINT('',(-1.23218833283575,-1.23218833283575,3.29724188545787));
#1420=CARTESIAN_POINT('',(-1.45769444886808,-0.841600282450213,3.27849188545787));
#1421=CARTESIAN_POINT('',(-1.68320056490042,-0.451012232064679,3.25974188545787));
#1422=CARTESIAN_POINT('',(-1.68320056490042,-2.06132618412832E-16,3.24099188545787));
#1423=CARTESIAN_POINT('',(-1.68320056490042,0.451012232064677,3.22224188545787));
#1424=CARTESIAN_POINT('',(-1.45769444886809,0.841600282450212,3.20349188545787));
#1425=CARTESIAN_POINT('',(-1.23218833283575,1.23218833283575,3.18474188545787));
#1426=CARTESIAN_POINT('',(-0.841600282450213,1.45769444886808,3.16599188545787));
#1427=CARTESIAN_POINT('',(-0.451012232064679,1.68320056490042,3.14724188545787));
#1428=CARTESIAN_POINT('',(-3.09198927619248E-16,1.68320056490042,3.12849188545787));
#1429=CARTESIAN_POINT('',(0.451012232064677,1.68320056490042,3.10974188545787));
#1430=CARTESIAN_POINT('',(0.841600282450211,1.45769444886809,3.09099188545787));
#1431=CARTESIAN_POINT('',(1.23218833283575,1.23218833283575,3.07224188545787));
#1432=CARTESIAN_POINT('',(1.45769444886808,0.841600282450213,3.05349188545787));
#1433=CARTESIAN_POINT('',(1.68320056490042,0.45101223206468,3.03474188545787));
#1434=CARTESIAN_POINT('',(1.68320056490042,0.,3.01599188545787));
#1435=CARTESIAN_POINT('',(1.68320056490042,-0.451012232064678,2.99724188545787));
#1436=CARTESIAN_POINT('',(1.45769444886809,-0.841600282450212,2.97849188545787));
#1437=CARTESIAN_POINT('',(1.23218833283575,-1.23218833283575,2.95974188545787));
#1438=CARTESIAN_POINT('',(0.841600282450212,-1.45769444886808,2.94099188545787));
#1439=CARTESIAN_POINT('',(0.451012232064679,-1.68320056490042,2.92224188545787));
#1440=CARTESIAN_POINT('',(1.03066309206416E-16,-1.68320056490042,2.90349188545787));
#1441=CARTESIAN_POINT('',(-0.451012232064678,-1.68320056490042,2.88474188545787));
#1442=CARTESIAN_POINT('',(-0.841600282450212,-1.45769444886809,2.86599188545787));
#1443=CARTESIAN_POINT('',(-1.23218833283575,-1.23218833283575,2.84724188545787));
#1444=CARTESIAN_POINT('',(-1.45769444886808,-0.841600282450213,2.82849188545787));
#1445=CARTESIAN_POINT('',(-1.68320056490042,-0.451012232064679,2.80974188545787));
#1446=CARTESIAN_POINT('',(-1.68320056490042,-2.06132618412832E-16,2.79099188545787));
#1447=CARTESIAN_POINT('',(-1.68320056490042,0.451012232064677,2.77224188545787));
#1448=CARTESIAN_POINT('',(-1.45769444886809,0.841600282450212,2.75349188545787));
#1449=CARTESIAN_POINT('',(-1.23218833283575,1.23218833283575,2.73474188545787));
#1450=CARTESIAN_POINT('',(-0.841600282450213,1.45769444886808,2.71599188545787));
#1451=CARTESIAN_POINT('',(-0.451012232064679,1.68320056490042,2.69724188545787));
#1452=CARTESIAN_POINT('',(-3.09198927619248E-16,1.68320056490042,2.67849188545787));
#1453=CARTESIAN_POINT('',(0.451012232064677,1.68320056490042,2.65974188545787));
#1454=CARTESIAN_POINT('',(0.841600282450211,1.45769444886809,2.64099188545787));
#1455=CARTESIAN_POINT('',(1.23218833283575,1.23218833283575,2.62224188545787));
#1456=CARTESIAN_POINT('',(1.45769444886808,0.841600282450213,2.60349188545787));
#1457=CARTESIAN_POINT('',(1.68320056490042,0.45101223206468,2.58474188545787));
#1458=CARTESIAN_POINT('',(1.68320056490042,0.,2.56599188545787));
#1459=CARTESIAN_POINT('',(1.68320056490042,-0.451012232064678,2.54724188545787));
#1460=CARTESIAN_POINT('',(1.45769444886809,-0.841600282450212,2.52849188545787));
#1461=CARTESIAN_POINT('',(1.23218833283575,-1.23218833283575,2.50974188545787));
#1462=CARTESIAN_POINT('',(0.841600282450212,-1.45769444886808,2.49099188545787));
#1463=CARTESIAN_POINT('',(0.451012232064679,-1.68320056490042,2.47224188545787));
#1464=CARTESIAN_POINT('',(1.03066309206416E-16,-1.68320056490042,2.45349188545787));
#1465=CARTESIAN_POINT('',(-0.451012232064678,-1.68320056490042,2.43474188545787));
#1466=CARTESIAN_POINT('',(-0.841600282450212,-1.45769444886809,2.41599188545787));
#1467=CARTESIAN_POINT('',(-1.23218833283575,-1.23218833283575,2.39724188545787));
#1468=CARTESIAN_POINT('',(-1.45769444886808,-0.841600282450213,2.37849188545787));
#1469=CARTESIAN_POINT('',(-1.68320056490042,-0.451012232064679,2.35974188545787));
#1470=CARTESIAN_POINT('',(-1.68320056490042,-2.06132618412832E-16,2.34099188545787));
#1471=CARTESIAN_POINT('',(-1.68320056490042,0.451012232064677,2.32224188545787));
#1472=CARTESIAN_POINT('',(-1.45769444886809,0.841600282450212,2.30349188545787));
#1473=CARTESIAN_POINT('',(-1.23218833283575,1.23218833283575,2.28474188545787));
#1474=CARTESIAN_POINT('',(-0.841600282450213,1.45769444886808,2.26599188545787));
#1475=CARTESIAN_POINT('',(-0.451012232064679,1.68320056490042,2.24724188545787));
#1476=CARTESIAN_POINT('',(-3.09198927619248E-16,1.68320056490042,2.22849188545787));
#1477=CARTESIAN_POINT('',(0.451012232064677,1.68320056490042,2.20974188545787));
#1478=CARTESIAN_POINT('',(0.841600282450211,1.45769444886809,2.19099188545787));
#1479=CARTESIAN_POINT('',(1.23218833283575,1.23218833283575,2.17224188545787));
#1480=CARTESIAN_POINT('',(1.45769444886808,0.841600282450213,2.15349188545787));
#1481=CARTESIAN_POINT('',(1.68320056490042,0.45101223206468,2.13474188545787));
#1482=CARTESIAN_POINT('',(1.68320056490042,0.,2.11599188545787));
#1483=CARTESIAN_POINT('',(1.68320056490042,-0.451012232064678,2.09724188545787));
#1484=CARTESIAN_POINT('',(1.45769444886809,-0.841600282450212,2.07849188545787));
#1485=CARTESIAN_POINT('',(1.23218833283575,-1.23218833283575,2.05974188545787));
#1486=CARTESIAN_POINT('',(0.841600282450212,-1.45769444886808,2.04099188545787));
#1487=CARTESIAN_POINT('',(0.451012232064679,-1.68320056490042,2.02224188545787));
#1488=CARTESIAN_POINT('',(1.03066309206416E-16,-1.68320056490042,2.00349188545787));
#1489=CARTESIAN_POINT('',(-0.451012232064678,-1.68320056490042,1.98474188545787));
#1490=CARTESIAN_POINT('',(-0.841600282450212,-1.45769444886809,1.96599188545787));
#1491=CARTESIAN_POINT('',(-1.23218833283575,-1.23218833283575,1.94724188545787));
#1492=CARTESIAN_POINT('',(-1.45769444886808,-0.841600282450213,1.92849188545787));
#1493=CARTESIAN_POINT('',(-1.68320056490042,-0.451012232064679,1.90974188545787));
#1494=CARTESIAN_POINT('',(-1.68320056490042,-2.06132618412832E-16,1.89099188545787));
#1495=CARTESIAN_POINT('',(-1.68320056490042,0.451012232064677,1.87224188545787));
#1496=CARTESIAN_POINT('',(-1.45769444886809,0.841600282450212,1.85349188545787));
#1497=CARTESIAN_POINT('',(-1.23218833283575,1.23218833283575,1.83474188545787));
#1498=CARTESIAN_POINT('',(-0.841600282450213,1.45769444886808,1.81599188545787));
#1499=CARTESIAN_POINT('',(-0.451012232064679,1.68320056490042,1.79724188545787));
#1500=CARTESIAN_POINT('',(-3.09198927619248E-16,1.68320056490042,1.77849188545787));
#1501=CARTESIAN_POINT('',(0.451012232064677,1.68320056490042,1.75974188545787));
#1502=CARTESIAN_POINT('',(0.841600282450211,1.45769444886809,1.74099188545787));
#1503=CARTESIAN_POINT('',(1.23218833283575,1.23218833283575,1.72224188545787));
#1504=CARTESIAN_POINT('',(1.45769444886808,0.841600282450213,1.70349188545787));
#1505=CARTESIAN_POINT('',(1.68320056490042,0.45101223206468,1.68474188545787));
#1506=CARTESIAN_POINT('',(1.68320056490042,0.,1.66599188545787));
#1507=CARTESIAN_POINT('',(1.68320056490042,-0.451012232064678,1.64724188545787));
#1508=CARTESIAN_POINT('',(1.45769444886809,-0.841600282450212,1.62849188545787));
#1509=CARTESIAN_POINT('',(1.23218833283575,-1.23218833283575,1.60974188545787));
#1510=CARTESIAN_POINT('',(0.841600282450212,-1.45769444886808,1.59099188545787));
#1511=CARTESIAN_POINT('',(0.451012232064679,-1.68320056490042,1.57224188545787));
#1512=CARTESIAN_POINT('',(1.03066309206416E-16,-1.68320056490042,1.55349188545787));
#1513=CARTESIAN_POINT('',(-0.451012232064678,-1.68320056490042,1.53474188545787));
#1514=CARTESIAN_POINT('',(-0.841600282450212,-1.45769444886809,1.51599188545787));
#1515=CARTESIAN_POINT('',(-1.23218833283575,-1.23218833283575,1.49724188545787));
#1516=CARTESIAN_POINT('',(-1.45769444886808,-0.841600282450213,1.47849188545787));
#1517=CARTESIAN_POINT('',(-1.68320056490042,-0.451012232064679,1.45974188545787));
#1518=CARTESIAN_POINT('',(-1.68320056490042,-2.06132618412832E-16,1.44099188545787));
#1519=CARTESIAN_POINT('',(-1.68320056490042,0.451012232064677,1.42224188545787));
#1520=CARTESIAN_POINT('',(-1.45769444886809,0.841600282450212,1.40349188545787));
#1521=CARTESIAN_POINT('',(-1.23218833283575,1.23218833283575,1.38474188545787));
#1522=CARTESIAN_POINT('',(-0.841600282450213,1.45769444886808,1.36599188545787));
#1523=CARTESIAN_POINT('',(-0.451012232064679,1.68320056490042,1.34724188545787));
#1524=CARTESIAN_POINT('',(-3.09198927619248E-16,1.68320056490042,1.32849188545787));
#1525=CARTESIAN_POINT('',(0.451012232064677,1.68320056490042,1.30974188545787));
#1526=CARTESIAN_POINT('',(0.841600282450211,1.45769444886809,1.29099188545787));
#1527=CARTESIAN_POINT('',(1.23218833283575,1.23218833283575,1.27224188545787));
#1528=CARTESIAN_POINT('',(1.45769444886808,0.841600282450213,1.25349188545787));
#1529=CARTESIAN_POINT('',(1.68320056490042,0.45101223206468,1.23474188545787));
#1530=CARTESIAN_POINT('',(1.68320056490042,0.,1.21599188545787));
#1531=CARTESIAN_POINT('',(1.68320056490042,-0.451012232064678,1.19724188545787));
#1532=CARTESIAN_POINT('',(1.45769444886809,-0.841600282450212,1.17849188545787));
#1533=CARTESIAN_POINT('',(1.23218833283575,-1.23218833283575,1.15974188545787));
#1534=CARTESIAN_POINT('',(0.841600282450212,-1.45769444886808,1.14099188545787));
#1535=CARTESIAN_POINT('',(0.451012232064679,-1.68320056490042,1.12224188545787));
#1536=CARTESIAN_POINT('',(1.03066309206416E-16,-1.68320056490042,1.10349188545787));
#1537=CARTESIAN_POINT('',(-0.451012232064678,-1.68320056490042,1.08474188545787));
#1538=CARTESIAN_POINT('',(-0.841600282450212,-1.45769444886809,1.06599188545787));
#1539=CARTESIAN_POINT('',(-1.23218833283575,-1.23218833283575,1.04724188545787));
#1540=CARTESIAN_POINT('',(-1.45769444886808,-0.841600282450213,1.02849188545787));
#1541=CARTESIAN_POINT('',(-1.68320056490042,-0.451012232064679,1.00974188545787));
#1542=CARTESIAN_POINT('',(-1.68320056490042,-2.06132618412832E-16,0.990991885457873));
#1543=CARTESIAN_POINT('',(-1.68320056490042,0.451012232064677,0.972241885457872));
#1544=CARTESIAN_POINT('',(-1.45769444886809,0.841600282450212,0.953491885457873));
#1545=CARTESIAN_POINT('',(-1.23218833283575,1.23218833283575,0.934741885457872));
#1546=CARTESIAN_POINT('',(-0.841600282450213,1.45769444886808,0.915991885457872));
#1547=CARTESIAN_POINT('',(-0.451012232064679,1.68320056490042,0.897241885457873));
#1548=CARTESIAN_POINT('',(-3.09198927619248E-16,1.68320056490042,0.878491885457872));
#1549=CARTESIAN_POINT('',(0.451012232064677,1.68320056490042,0.859741885457873));
#1550=CARTESIAN_POINT('',(0.841600282450211,1.45769444886809,0.840991885457872));
#1551=CARTESIAN_POINT('',(1.23218833283575,1.23218833283575,0.822241885457872));
#1552=CARTESIAN_POINT('',(1.45769444886808,0.841600282450213,0.803491885457873));
#1553=CARTESIAN_POINT('',(1.68320056490042,0.45101223206468,0.784741885457872));
#1554=CARTESIAN_POINT('',(1.68320056490042,0.,0.765991885457873));
#1555=CARTESIAN_POINT('',(1.68320056490042,-0.451012232064678,0.747241885457873));
#1556=CARTESIAN_POINT('',(1.45769444886809,-0.841600282450212,0.728491885457872));
#1557=CARTESIAN_POINT('',(1.23218833283575,-1.23218833283575,0.709741885457873));
#1558=CARTESIAN_POINT('',(0.841600282450212,-1.45769444886808,0.690991885457872));
#1559=CARTESIAN_POINT('',(0.451012232064679,-1.68320056490042,0.672241885457872));
#1560=CARTESIAN_POINT('',(1.03066309206416E-16,-1.68320056490042,0.653491885457873));
#1561=CARTESIAN_POINT('',(-0.451012232064678,-1.68320056490042,0.634741885457872));
#1562=CARTESIAN_POINT('',(-0.841600282450212,-1.45769444886809,0.615991885457873));
#1563=CARTESIAN_POINT('',(-1.23218833283575,-1.23218833283575,0.597241885457872));
#1564=CARTESIAN_POINT('',(-1.45769444886808,-0.841600282450213,0.578491885457872));
#1565=CARTESIAN_POINT('',(-1.68320056490042,-0.451012232064679,0.559741885457873));
#1566=CARTESIAN_POINT('',(-1.68320056490042,-2.06132618412832E-16,0.540991885457872));
#1567=CARTESIAN_POINT('',(-1.68320056490042,0.451012232064677,0.522241885457873));
#1568=CARTESIAN_POINT('',(-1.45769444886809,0.841600282450212,0.503491885457873));
#1569=CARTESIAN_POINT('',(-1.23218833283575,1.23218833283575,0.484741885457872));
#1570=CARTESIAN_POINT('',(-0.841600282450213,1.45769444886808,0.465991885457873));
#1571=CARTESIAN_POINT('',(-0.451012232064679,1.68320056490042,0.447241885457872));
#1572=CARTESIAN_POINT('',(-3.09198927619248E-16,1.68320056490042,0.428491885457872));
#1573=CARTESIAN_POINT('',(0.451012232064677,1.68320056490042,0.409741885457873));
#1574=CARTESIAN_POINT('',(0.841600282450211,1.45769444886809,0.390991885457872));
#1575=CARTESIAN_POINT('',(1.23218833283575,1.23218833283575,0.372241885457873));
#1576=CARTESIAN_POINT('',(1.45769444886808,0.841600282450213,0.353491885457873));
#1577=CARTESIAN_POINT('',(1.68320056490042,0.45101223206468,0.334741885457872));
#1578=CARTESIAN_POINT('',(1.68320056490042,0.,0.315991885457873));
#1579=CARTESIAN_POINT('',(1.68320056490042,-0.451012232064678,0.297241885457872));
#1580=CARTESIAN_POINT('',(1.45769444886809,-0.841600282450212,0.278491885457872));
#1581=CARTESIAN_POINT('',(1.23218833283575,-1.23218833283575,0.259741885457873));
#1582=CARTESIAN_POINT('',(0.841600282450212,-1.45769444886808,0.240991885457872));
#1583=CARTESIAN_POINT('',(0.451012232064679,-1.68320056490042,0.222241885457873));
#1584=CARTESIAN_POINT('',(1.03066309206416E-16,-1.68320056490042,0.203491885457872));
#1585=CARTESIAN_POINT('',(-0.451012232064678,-1.68320056490042,0.184741885457872));
#1586=CARTESIAN_POINT('',(-0.841600282450212,-1.45769444886809,0.165991885457873));
#1587=CARTESIAN_POINT('',(-1.23218833283575,-1.23218833283575,0.147241885457872));
#1588=CARTESIAN_POINT('',(-1.45769444886808,-0.841600282450213,0.128491885457872));
#1589=CARTESIAN_POINT('',(-1.68320056490042,-0.451012232064679,0.109741885457873));
#1590=CARTESIAN_POINT('',(-1.68320056490042,-2.06132618412832E-16,0.0909918854578723));
#1591=CARTESIAN_POINT('',(-1.68320056490042,0.451012232064677,0.0722418854578726));
#1592=CARTESIAN_POINT('',(-1.45769444886809,0.841600282450212,0.0534918854578721));
#1593=CARTESIAN_POINT('',(-1.23218833283575,1.23218833283575,0.0347418854578724));
#1594=CARTESIAN_POINT('',(-0.841600282450213,1.45769444886808,0.0159918854578727));
#1595=CARTESIAN_POINT('',(-0.516789695171567,1.64522392886905,0.000399502369185336));
#1596=CARTESIAN_POINT('',(-0.143088402735879,1.67710758470755,-0.0154916059434219));
#1597=CARTESIAN_POINT('',(1.68320056490042,0.,5.71599188545787));
#1598=CARTESIAN_POINT('',(1.68320056490042,-0.451012232064678,5.69724188545787));
#1599=CARTESIAN_POINT('',(1.45769444886809,-0.841600282450212,5.67849188545787));
#1600=CARTESIAN_POINT('',(1.23218833283575,-1.23218833283575,5.65974188545787));
#1601=CARTESIAN_POINT('',(0.841600282450212,-1.45769444886808,5.64099188545787));
#1602=CARTESIAN_POINT('',(0.451012232064679,-1.68320056490042,5.62224188545787));
#1603=CARTESIAN_POINT('',(1.03066309206416E-16,-1.68320056490042,5.60349188545787));
#1604=CARTESIAN_POINT('',(-0.451012232064678,-1.68320056490042,5.58474188545787));
#1605=CARTESIAN_POINT('',(-0.841600282450212,-1.45769444886809,5.56599188545787));
#1606=CARTESIAN_POINT('',(-1.23218833283575,-1.23218833283575,5.54724188545787));
#1607=CARTESIAN_POINT('',(-1.45769444886808,-0.841600282450213,5.52849188545787));
#1608=CARTESIAN_POINT('',(-1.68320056490042,-0.451012232064679,5.50974188545787));
#1609=CARTESIAN_POINT('',(-1.68320056490042,-2.06132618412832E-16,5.49099188545787));
#1610=CARTESIAN_POINT('',(-1.68320056490042,0.451012232064677,5.47224188545787));
#1611=CARTESIAN_POINT('',(-1.45769444886809,0.841600282450212,5.45349188545787));
#1612=CARTESIAN_POINT('',(-1.23218833283575,1.23218833283575,5.43474188545787));
#1613=CARTESIAN_POINT('',(-0.841600282450213,1.45769444886808,5.41599188545787));
#1614=CARTESIAN_POINT('',(-0.451012232064679,1.68320056490042,5.39724188545787));
#1615=CARTESIAN_POINT('',(-3.09198927619248E-16,1.68320056490042,5.37849188545787));
#1616=CARTESIAN_POINT('',(0.451012232064677,1.68320056490042,5.35974188545787));
#1617=CARTESIAN_POINT('',(0.841600282450211,1.45769444886809,5.34099188545787));
#1618=CARTESIAN_POINT('',(1.23218833283575,1.23218833283575,5.32224188545787));
#1619=CARTESIAN_POINT('',(1.45769444886808,0.841600282450213,5.30349188545787));
#1620=CARTESIAN_POINT('',(1.68320056490042,0.45101223206468,5.28474188545787));
#1621=CARTESIAN_POINT('',(1.68320056490042,4.12265236825664E-16,5.26599188545787));
#1622=CARTESIAN_POINT('',(1.68320056490042,-0.451012232064677,5.24724188545787));
#1623=CARTESIAN_POINT('',(1.45769444886809,-0.841600282450211,5.22849188545787));
#1624=CARTESIAN_POINT('',(1.23218833283575,-1.23218833283574,5.20974188545787));
#1625=CARTESIAN_POINT('',(0.841600282450213,-1.45769444886808,5.19099188545787));
#1626=CARTESIAN_POINT('',(0.45101223206468,-1.68320056490042,5.17224188545787));
#1627=CARTESIAN_POINT('',(2.0103139638037E-15,-1.68320056490042,5.15349188545787));
#1628=CARTESIAN_POINT('',(-0.451012232064677,-1.68320056490042,5.13474188545787));
#1629=CARTESIAN_POINT('',(-0.841600282450211,-1.45769444886809,5.11599188545787));
#1630=CARTESIAN_POINT('',(-1.23218833283574,-1.23218833283575,5.09724188545787));
#1631=CARTESIAN_POINT('',(-1.45769444886808,-0.841600282450214,5.07849188545787));
#1632=CARTESIAN_POINT('',(-1.68320056490042,-0.451012232064681,5.05974188545787));
#1633=CARTESIAN_POINT('',(-1.68320056490042,-6.18397855238496E-16,5.04099188545787));
#1634=CARTESIAN_POINT('',(-1.68320056490042,0.451012232064677,5.02224188545787));
#1635=CARTESIAN_POINT('',(-1.45769444886809,0.841600282450211,5.00349188545787));
#1636=CARTESIAN_POINT('',(-1.23218833283575,1.23218833283574,4.98474188545787));
#1637=CARTESIAN_POINT('',(-0.841600282450214,1.45769444886808,4.96599188545787));
#1638=CARTESIAN_POINT('',(-0.451012232064681,1.68320056490042,4.94724188545787));
#1639=CARTESIAN_POINT('',(-7.21464164444912E-16,1.68320056490042,4.92849188545787));
#1640=CARTESIAN_POINT('',(0.451012232064677,1.68320056490042,4.90974188545787));
#1641=CARTESIAN_POINT('',(0.841600282450211,1.45769444886809,4.89099188545787));
#1642=CARTESIAN_POINT('',(1.23218833283574,1.23218833283575,4.87224188545787));
#1643=CARTESIAN_POINT('',(1.45769444886808,0.841600282450214,4.85349188545787));
#1644=CARTESIAN_POINT('',(1.68320056490042,0.451012232064682,4.83474188545787));
#1645=CARTESIAN_POINT('',(1.68320056490042,8.24530473651328E-16,4.81599188545787));
#1646=CARTESIAN_POINT('',(1.68320056490042,-0.451012232064677,4.79724188545787));
#1647=CARTESIAN_POINT('',(1.45769444886809,-0.84160028245021,4.77849188545787));
#1648=CARTESIAN_POINT('',(1.23218833283575,-1.23218833283574,4.75974188545787));
#1649=CARTESIAN_POINT('',(0.841600282450214,-1.45769444886808,4.74099188545787));
#1650=CARTESIAN_POINT('',(0.451012232064682,-1.68320056490042,4.72224188545787));
#1651=CARTESIAN_POINT('',(3.91756161840098E-15,-1.68320056490042,4.70349188545787));
#1652=CARTESIAN_POINT('',(-0.451012232064677,-1.68320056490042,4.68474188545787));
#1653=CARTESIAN_POINT('',(-0.84160028245021,-1.45769444886809,4.66599188545787));
#1654=CARTESIAN_POINT('',(-1.23218833283574,-1.23218833283575,4.64724188545787));
#1655=CARTESIAN_POINT('',(-1.45769444886808,-0.841600282450215,4.62849188545787));
#1656=CARTESIAN_POINT('',(-1.68320056490042,-0.451012232064682,4.60974188545787));
#1657=CARTESIAN_POINT('',(-1.68320056490042,-4.02062792760739E-15,4.59099188545787));
#1658=CARTESIAN_POINT('',(-1.68320056490042,0.451012232064677,4.57224188545787));
#1659=CARTESIAN_POINT('',(-1.45769444886809,0.84160028245021,4.55349188545787));
#1660=CARTESIAN_POINT('',(-1.23218833283575,1.23218833283574,4.53474188545787));
#1661=CARTESIAN_POINT('',(-0.841600282450215,1.45769444886808,4.51599188545787));
#1662=CARTESIAN_POINT('',(-0.451012232064679,1.68320056490042,4.49724188545787));
#1663=CARTESIAN_POINT('',(-4.12369423681381E-15,1.68320056490042,4.47849188545787));
#1664=CARTESIAN_POINT('',(0.451012232064676,1.68320056490042,4.45974188545787));
#1665=CARTESIAN_POINT('',(0.841600282450208,1.45769444886809,4.44099188545787));
#1666=CARTESIAN_POINT('',(1.23218833283574,1.23218833283575,4.42224188545787));
#1667=CARTESIAN_POINT('',(1.45769444886808,0.841600282450217,4.40349188545787));
#1668=CARTESIAN_POINT('',(1.68320056490042,0.451012232064682,4.38474188545787));
#1669=CARTESIAN_POINT('',(1.68320056490042,1.23679571047699E-15,4.36599188545787));
#1670=CARTESIAN_POINT('',(1.68320056490043,-0.451012232064673,4.34724188545787));
#1671=CARTESIAN_POINT('',(1.45769444886809,-0.84160028245021,4.32849188545787));
#1672=CARTESIAN_POINT('',(1.23218833283575,-1.23218833283574,4.30974188545787));
#1673=CARTESIAN_POINT('',(0.841600282450215,-1.45769444886808,4.29099188545787));
#1674=CARTESIAN_POINT('',(0.451012232064679,-1.68320056490042,4.27224188545787));
#1675=CARTESIAN_POINT('',(4.32982685522664E-15,-1.68320056490042,4.25349188545787));
#1676=CARTESIAN_POINT('',(-0.451012232064676,-1.68320056490042,4.23474188545787));
#1677=CARTESIAN_POINT('',(-0.841600282450207,-1.45769444886809,4.21599188545787));
#1678=CARTESIAN_POINT('',(-1.23218833283574,-1.23218833283575,4.19724188545787));
#1679=CARTESIAN_POINT('',(-1.45769444886808,-0.841600282450218,4.17849188545787));
#1680=CARTESIAN_POINT('',(-1.68320056490042,-0.451012232064682,4.15974188545787));
#1681=CARTESIAN_POINT('',(-1.68320056490042,-1.44292832888982E-15,4.14099188545787));
#1682=CARTESIAN_POINT('',(-1.68320056490043,0.451012232064673,4.12224188545787));
#1683=CARTESIAN_POINT('',(-1.45769444886809,0.84160028245021,4.10349188545787));
#1684=CARTESIAN_POINT('',(-1.23218833283575,1.23218833283574,4.08474188545787));
#1685=CARTESIAN_POINT('',(-0.841600282450215,1.45769444886808,4.06599188545787));
#1686=CARTESIAN_POINT('',(-0.451012232064685,1.68320056490042,4.04724188545787));
#1687=CARTESIAN_POINT('',(-4.53595947363947E-15,1.68320056490042,4.02849188545787));
#1688=CARTESIAN_POINT('',(0.451012232064676,1.68320056490042,4.00974188545787));
#1689=CARTESIAN_POINT('',(0.841600282450207,1.45769444886809,3.99099188545787));
#1690=CARTESIAN_POINT('',(1.23218833283574,1.23218833283575,3.97224188545787));
#1691=CARTESIAN_POINT('',(1.45769444886808,0.841600282450218,3.95349188545787));
#1692=CARTESIAN_POINT('',(1.68320056490042,0.451012232064682,3.93474188545787));
#1693=CARTESIAN_POINT('',(1.68320056490042,1.64906094730266E-15,3.91599188545787));
#1694=CARTESIAN_POINT('',(1.68320056490043,-0.451012232064673,3.89724188545787));
#1695=CARTESIAN_POINT('',(1.45769444886809,-0.84160028245021,3.87849188545787));
#1696=CARTESIAN_POINT('',(1.23218833283575,-1.23218833283574,3.85974188545787));
#1697=CARTESIAN_POINT('',(0.841600282450215,-1.45769444886808,3.84099188545787));
#1698=CARTESIAN_POINT('',(0.451012232064685,-1.68320056490042,3.82224188545787));
#1699=CARTESIAN_POINT('',(4.74209209205231E-15,-1.68320056490042,3.80349188545787));
#1700=CARTESIAN_POINT('',(-0.451012232064676,-1.68320056490042,3.78474188545787));
#1701=CARTESIAN_POINT('',(-0.841600282450207,-1.45769444886809,3.76599188545787));
#1702=CARTESIAN_POINT('',(-1.23218833283574,-1.23218833283575,3.74724188545787));
#1703=CARTESIAN_POINT('',(-1.45769444886808,-0.841600282450218,3.72849188545787));
#1704=CARTESIAN_POINT('',(-1.68320056490042,-0.451012232064682,3.70974188545787));
#1705=CARTESIAN_POINT('',(-1.68320056490042,-7.83512323680196E-15,3.69099188545787));
#1706=CARTESIAN_POINT('',(-1.68320056490043,0.451012232064673,3.67224188545787));
#1707=CARTESIAN_POINT('',(-1.45769444886809,0.84160028245021,3.65349188545787));
#1708=CARTESIAN_POINT('',(-1.23218833283575,1.23218833283574,3.63474188545787));
#1709=CARTESIAN_POINT('',(-0.841600282450215,1.45769444886808,3.61599188545787));
#1710=CARTESIAN_POINT('',(-0.451012232064686,1.68320056490042,3.59724188545787));
#1711=CARTESIAN_POINT('',(-4.94822471046514E-15,1.68320056490042,3.57849188545787));
#1712=CARTESIAN_POINT('',(0.45101223206467,1.68320056490043,3.55974188545787));
#1713=CARTESIAN_POINT('',(0.841600282450207,1.45769444886809,3.54099188545787));
#1714=CARTESIAN_POINT('',(1.23218833283574,1.23218833283575,3.52224188545787));
#1715=CARTESIAN_POINT('',(1.45769444886808,0.841600282450218,3.50349188545787));
#1716=CARTESIAN_POINT('',(1.68320056490042,0.451012232064683,3.48474188545787));
#1717=CARTESIAN_POINT('',(1.68320056490042,8.04125585521479E-15,3.46599188545787));
#1718=CARTESIAN_POINT('',(1.68320056490043,-0.451012232064673,3.44724188545787));
#1719=CARTESIAN_POINT('',(1.45769444886809,-0.841600282450209,3.42849188545787));
#1720=CARTESIAN_POINT('',(1.23218833283575,-1.23218833283574,3.40974188545787));
#1721=CARTESIAN_POINT('',(0.841600282450216,-1.45769444886808,3.39099188545787));
#1722=CARTESIAN_POINT('',(0.45101223206468,-1.68320056490042,3.37224188545787));
#1723=CARTESIAN_POINT('',(1.11342869999644E-14,-1.68320056490042,3.35349188545787));
#1724=CARTESIAN_POINT('',(-0.45101223206467,-1.68320056490043,3.33474188545787));
#1725=CARTESIAN_POINT('',(-0.841600282450207,-1.45769444886809,3.31599188545787));
#1726=CARTESIAN_POINT('',(-1.23218833283574,-1.23218833283575,3.29724188545787));
#1727=CARTESIAN_POINT('',(-1.45769444886808,-0.841600282450213,3.27849188545787));
#1728=CARTESIAN_POINT('',(-1.68320056490042,-0.451012232064689,3.25974188545787));
#1729=CARTESIAN_POINT('',(-1.68320056490042,-8.24738847362762E-15,3.24099188545787));
#1730=CARTESIAN_POINT('',(-1.68320056490043,0.451012232064673,3.22224188545787));
#1731=CARTESIAN_POINT('',(-1.45769444886809,0.841600282450209,3.20349188545787));
#1732=CARTESIAN_POINT('',(-1.23218833283575,1.23218833283575,3.18474188545787));
#1733=CARTESIAN_POINT('',(-0.841600282450221,1.45769444886808,3.16599188545787));
#1734=CARTESIAN_POINT('',(-0.451012232064686,1.68320056490042,3.14724188545787));
#1735=CARTESIAN_POINT('',(-5.3604899472908E-15,1.68320056490042,3.12849188545787));
#1736=CARTESIAN_POINT('',(0.451012232064675,1.68320056490042,3.10974188545787));
#1737=CARTESIAN_POINT('',(0.841600282450201,1.45769444886809,3.09099188545787));
#1738=CARTESIAN_POINT('',(1.23218833283574,1.23218833283575,3.07224188545787));
#1739=CARTESIAN_POINT('',(1.45769444886808,0.841600282450218,3.05349188545787));
#1740=CARTESIAN_POINT('',(1.68320056490042,0.451012232064683,3.03474188545787));
#1741=CARTESIAN_POINT('',(1.68320056490042,2.47359142095399E-15,3.01599188545787));
#1742=CARTESIAN_POINT('',(1.68320056490043,-0.451012232064666,2.99724188545787));
#1743=CARTESIAN_POINT('',(1.45769444886809,-0.841600282450204,2.97849188545787));
#1744=CARTESIAN_POINT('',(1.23218833283575,-1.23218833283574,2.95974188545787));
#1745=CARTESIAN_POINT('',(0.841600282450216,-1.45769444886808,2.94099188545787));
#1746=CARTESIAN_POINT('',(0.45101223206468,-1.68320056490042,2.92224188545787));
#1747=CARTESIAN_POINT('',(1.15465522367901E-14,-1.68320056490042,2.90349188545787));
#1748=CARTESIAN_POINT('',(-0.451012232064669,-1.68320056490043,2.88474188545787));
#1749=CARTESIAN_POINT('',(-0.841600282450206,-1.45769444886809,2.86599188545787));
#1750=CARTESIAN_POINT('',(-1.23218833283574,-1.23218833283575,2.84724188545787));
#1751=CARTESIAN_POINT('',(-1.45769444886808,-0.841600282450214,2.82849188545787));
#1752=CARTESIAN_POINT('',(-1.68320056490042,-0.451012232064689,2.80974188545787));
#1753=CARTESIAN_POINT('',(-1.68320056490042,-8.65965371045328E-15,2.79099188545787));
#1754=CARTESIAN_POINT('',(-1.68320056490043,0.451012232064672,2.77224188545787));
#1755=CARTESIAN_POINT('',(-1.45769444886809,0.841600282450209,2.75349188545787));
#1756=CARTESIAN_POINT('',(-1.23218833283576,1.23218833283574,2.73474188545787));
#1757=CARTESIAN_POINT('',(-0.841600282450221,1.45769444886808,2.71599188545787));
#1758=CARTESIAN_POINT('',(-0.451012232064686,1.68320056490042,2.69724188545787));
#1759=CARTESIAN_POINT('',(-5.77275518411647E-15,1.68320056490042,2.67849188545787));
#1760=CARTESIAN_POINT('',(0.451012232064675,1.68320056490042,2.65974188545787));
#1761=CARTESIAN_POINT('',(0.841600282450201,1.45769444886809,2.64099188545787));
#1762=CARTESIAN_POINT('',(1.23218833283574,1.23218833283575,2.62224188545787));
#1763=CARTESIAN_POINT('',(1.45769444886808,0.841600282450219,2.60349188545787));
#1764=CARTESIAN_POINT('',(1.68320056490042,0.451012232064684,2.58474188545787));
#1765=CARTESIAN_POINT('',(1.68320056490042,2.88585665777965E-15,2.56599188545787));
#1766=CARTESIAN_POINT('',(1.68320056490043,-0.451012232064666,2.54724188545787));
#1767=CARTESIAN_POINT('',(1.45769444886809,-0.841600282450203,2.52849188545787));
#1768=CARTESIAN_POINT('',(1.23218833283575,-1.23218833283574,2.50974188545787));
#1769=CARTESIAN_POINT('',(0.841600282450216,-1.45769444886808,2.49099188545787));
#1770=CARTESIAN_POINT('',(0.451012232064681,-1.68320056490042,2.47224188545787));
#1771=CARTESIAN_POINT('',(1.19588174736158E-14,-1.68320056490042,2.45349188545787));
#1772=CARTESIAN_POINT('',(-0.451012232064669,-1.68320056490043,2.43474188545787));
#1773=CARTESIAN_POINT('',(-0.841600282450206,-1.45769444886809,2.41599188545787));
#1774=CARTESIAN_POINT('',(-1.23218833283574,-1.23218833283575,2.39724188545787));
#1775=CARTESIAN_POINT('',(-1.45769444886808,-0.841600282450224,2.37849188545787));
#1776=CARTESIAN_POINT('',(-1.68320056490042,-0.45101223206469,2.35974188545787));
#1777=CARTESIAN_POINT('',(-1.68320056490042,-9.07191894727895E-15,2.34099188545787));
#1778=CARTESIAN_POINT('',(-1.68320056490043,0.451012232064672,2.32224188545787));
#1779=CARTESIAN_POINT('',(-1.45769444886809,0.841600282450208,2.30349188545787));
#1780=CARTESIAN_POINT('',(-1.23218833283576,1.23218833283574,2.28474188545787));
#1781=CARTESIAN_POINT('',(-0.841600282450222,1.45769444886808,2.26599188545787));
#1782=CARTESIAN_POINT('',(-0.451012232064687,1.68320056490042,2.24724188545787));
#1783=CARTESIAN_POINT('',(-6.18502042094213E-15,1.68320056490042,2.22849188545787));
#1784=CARTESIAN_POINT('',(0.451012232064674,1.68320056490043,2.20974188545787));
#1785=CARTESIAN_POINT('',(0.841600282450201,1.45769444886809,2.19099188545787));
#1786=CARTESIAN_POINT('',(1.23218833283574,1.23218833283575,2.17224188545787));
#1787=CARTESIAN_POINT('',(1.45769444886808,0.841600282450219,2.15349188545787));
#1788=CARTESIAN_POINT('',(1.68320056490042,0.451012232064684,2.13474188545787));
#1789=CARTESIAN_POINT('',(1.68320056490042,3.29812189460531E-15,2.11599188545787));
#1790=CARTESIAN_POINT('',(1.68320056490043,-0.451012232064665,2.09724188545787));
#1791=CARTESIAN_POINT('',(1.45769444886809,-0.841600282450203,2.07849188545787));
#1792=CARTESIAN_POINT('',(1.23218833283575,-1.23218833283574,2.05974188545787));
#1793=CARTESIAN_POINT('',(0.841600282450217,-1.45769444886808,2.04099188545787));
#1794=CARTESIAN_POINT('',(0.451012232064693,-1.68320056490042,2.02224188545787));
#1795=CARTESIAN_POINT('',(1.23710827104414E-14,-1.68320056490042,2.00349188545787));
#1796=CARTESIAN_POINT('',(-0.451012232064668,-1.68320056490043,1.98474188545787));
#1797=CARTESIAN_POINT('',(-0.841600282450206,-1.45769444886809,1.96599188545787));
#1798=CARTESIAN_POINT('',(-1.23218833283574,-1.23218833283575,1.94724188545787));
#1799=CARTESIAN_POINT('',(-1.45769444886808,-0.841600282450225,1.92849188545787));
#1800=CARTESIAN_POINT('',(-1.68320056490042,-0.45101223206469,1.90974188545787));
#1801=CARTESIAN_POINT('',(-1.68320056490042,-9.48418418410461E-15,1.89099188545787));
#1802=CARTESIAN_POINT('',(-1.68320056490043,0.451012232064671,1.87224188545787));
#1803=CARTESIAN_POINT('',(-1.45769444886809,0.841600282450208,1.85349188545787));
#1804=CARTESIAN_POINT('',(-1.23218833283576,1.23218833283574,1.83474188545787));
#1805=CARTESIAN_POINT('',(-0.841600282450222,1.45769444886808,1.81599188545787));
#1806=CARTESIAN_POINT('',(-0.451012232064687,1.68320056490042,1.79724188545787));
#1807=CARTESIAN_POINT('',(-6.5972856577678E-15,1.68320056490042,1.77849188545787));
#1808=CARTESIAN_POINT('',(0.451012232064662,1.68320056490043,1.75974188545787));
#1809=CARTESIAN_POINT('',(0.8416002824502,1.45769444886809,1.74099188545787));
#1810=CARTESIAN_POINT('',(1.23218833283574,1.23218833283575,1.72224188545787));
#1811=CARTESIAN_POINT('',(1.45769444886808,0.84160028245022,1.70349188545787));
#1812=CARTESIAN_POINT('',(1.68320056490042,0.451012232064684,1.68474188545787));
#1813=CARTESIAN_POINT('',(1.68320056490042,1.56702464736039E-14,1.66599188545787));
#1814=CARTESIAN_POINT('',(1.68320056490043,-0.451012232064665,1.64724188545787));
#1815=CARTESIAN_POINT('',(1.45769444886809,-0.841600282450203,1.62849188545787));
#1816=CARTESIAN_POINT('',(1.23218833283575,-1.23218833283574,1.60974188545787));
#1817=CARTESIAN_POINT('',(0.841600282450217,-1.45769444886808,1.59099188545787));
#1818=CARTESIAN_POINT('',(0.451012232064693,-1.68320056490042,1.57224188545787));
#1819=CARTESIAN_POINT('',(1.27833479472671E-14,-1.68320056490042,1.55349188545787));
#1820=CARTESIAN_POINT('',(-0.451012232064668,-1.68320056490043,1.53474188545787));
#1821=CARTESIAN_POINT('',(-0.841600282450205,-1.45769444886809,1.51599188545787));
#1822=CARTESIAN_POINT('',(-1.23218833283574,-1.23218833283575,1.49724188545787));
#1823=CARTESIAN_POINT('',(-1.45769444886808,-0.841600282450225,1.47849188545787));
#1824=CARTESIAN_POINT('',(-1.68320056490042,-0.45101223206469,1.45974188545787));
#1825=CARTESIAN_POINT('',(-1.68320056490042,-9.89644942093028E-15,1.44099188545787));
#1826=CARTESIAN_POINT('',(-1.68320056490043,0.451012232064671,1.42224188545787));
#1827=CARTESIAN_POINT('',(-1.45769444886809,0.841600282450197,1.40349188545787));
#1828=CARTESIAN_POINT('',(-1.23218833283576,1.23218833283574,1.38474188545787));
#1829=CARTESIAN_POINT('',(-0.841600282450222,1.45769444886808,1.36599188545787));
#1830=CARTESIAN_POINT('',(-0.451012232064688,1.68320056490042,1.34724188545787));
#1831=CARTESIAN_POINT('',(-7.00955089459346E-15,1.68320056490042,1.32849188545787));
#1832=CARTESIAN_POINT('',(0.451012232064662,1.68320056490043,1.30974188545787));
#1833=CARTESIAN_POINT('',(0.8416002824502,1.45769444886809,1.29099188545787));
#1834=CARTESIAN_POINT('',(1.23218833283574,1.23218833283575,1.27224188545787));
#1835=CARTESIAN_POINT('',(1.45769444886808,0.84160028245022,1.25349188545787));
#1836=CARTESIAN_POINT('',(1.68320056490042,0.451012232064685,1.23474188545787));
#1837=CARTESIAN_POINT('',(1.68320056490042,1.60825117104296E-14,1.21599188545787));
#1838=CARTESIAN_POINT('',(1.68320056490043,-0.451012232064665,1.19724188545787));
#1839=CARTESIAN_POINT('',(1.45769444886809,-0.841600282450202,1.17849188545787));
#1840=CARTESIAN_POINT('',(1.23218833283575,-1.23218833283574,1.15974188545787));
#1841=CARTESIAN_POINT('',(0.841600282450217,-1.45769444886808,1.14099188545787));
#1842=CARTESIAN_POINT('',(0.451012232064682,-1.68320056490042,1.12224188545787));
#1843=CARTESIAN_POINT('',(1.31956131840928E-14,-1.68320056490042,1.10349188545787));
#1844=CARTESIAN_POINT('',(-0.451012232064655,-1.68320056490043,1.08474188545787));
#1845=CARTESIAN_POINT('',(-0.841600282450205,-1.45769444886809,1.06599188545787));
#1846=CARTESIAN_POINT('',(-1.23218833283573,-1.23218833283576,1.04724188545787));
#1847=CARTESIAN_POINT('',(-1.45769444886808,-0.841600282450215,1.02849188545787));
#1848=CARTESIAN_POINT('',(-1.68320056490042,-0.451012232064691,1.00974188545787));
#1849=CARTESIAN_POINT('',(-1.68320056490042,-2.22685739999289E-14,0.990991885457873));
#1850=CARTESIAN_POINT('',(-1.68320056490043,0.45101223206467,0.972241885457872));
#1851=CARTESIAN_POINT('',(-1.45769444886809,0.841600282450197,0.953491885457873));
#1852=CARTESIAN_POINT('',(-1.23218833283575,1.23218833283574,0.934741885457872));
#1853=CARTESIAN_POINT('',(-0.841600282450223,1.45769444886808,0.915991885457872));
#1854=CARTESIAN_POINT('',(-0.4510122320647,1.68320056490042,0.897241885457873));
#1855=CARTESIAN_POINT('',(-7.42181613141912E-15,1.68320056490042,0.878491885457872));
#1856=CARTESIAN_POINT('',(0.451012232064661,1.68320056490043,0.859741885457873));
#1857=CARTESIAN_POINT('',(0.84160028245021,1.45769444886809,0.840991885457872));
#1858=CARTESIAN_POINT('',(1.23218833283574,1.23218833283575,0.822241885457872));
#1859=CARTESIAN_POINT('',(1.45769444886807,0.841600282450231,0.803491885457873));
#1860=CARTESIAN_POINT('',(1.68320056490042,0.451012232064685,0.784741885457872));
#1861=CARTESIAN_POINT('',(1.68320056490042,1.64947769472552E-14,0.765991885457873));
#1862=CARTESIAN_POINT('',(1.68320056490042,-0.451012232064676,0.747241885457873));
#1863=CARTESIAN_POINT('',(1.45769444886809,-0.841600282450202,0.728491885457872));
#1864=CARTESIAN_POINT('',(1.23218833283576,-1.23218833283573,0.709741885457873));
#1865=CARTESIAN_POINT('',(0.841600282450218,-1.45769444886808,0.690991885457872));
#1866=CARTESIAN_POINT('',(0.451012232064694,-1.68320056490042,0.672241885457872));
#1867=CARTESIAN_POINT('',(1.64801907874549E-15,-1.68320056490042,0.653491885457873));
#1868=CARTESIAN_POINT('',(-0.451012232064667,-1.68320056490043,0.634741885457872));
#1869=CARTESIAN_POINT('',(-0.841600282450194,-1.4576944488681,0.615991885457873));
#1870=CARTESIAN_POINT('',(-1.23218833283574,-1.23218833283575,0.597241885457872));
#1871=CARTESIAN_POINT('',(-1.45769444886808,-0.841600282450226,0.578491885457872));
#1872=CARTESIAN_POINT('',(-1.68320056490042,-0.451012232064703,0.559741885457873));
#1873=CARTESIAN_POINT('',(-1.68320056490042,-1.07209798945816E-14,0.540991885457872));
#1874=CARTESIAN_POINT('',(-1.68320056490043,0.451012232064658,0.522241885457873));
#1875=CARTESIAN_POINT('',(-1.45769444886809,0.841600282450207,0.503491885457873));
#1876=CARTESIAN_POINT('',(-1.23218833283576,1.23218833283573,0.484741885457872));
#1877=CARTESIAN_POINT('',(-0.841600282450234,1.45769444886807,0.465991885457873));
#1878=CARTESIAN_POINT('',(-0.451012232064688,1.68320056490042,0.447241885457872));
#1879=CARTESIAN_POINT('',(-1.97939407104177E-14,1.68320056490042,0.428491885457872));
#1880=CARTESIAN_POINT('',(0.451012232064673,1.68320056490043,0.409741885457873));
#1881=CARTESIAN_POINT('',(0.841600282450199,1.45769444886809,0.390991885457872));
#1882=CARTESIAN_POINT('',(1.23218833283573,1.23218833283576,0.372241885457873));
#1883=CARTESIAN_POINT('',(1.45769444886808,0.841600282450221,0.353491885457873));
#1884=CARTESIAN_POINT('',(1.68320056490042,0.451012232064698,0.334741885457872));
#1885=CARTESIAN_POINT('',(1.68320056490042,4.94718284190797E-15,0.315991885457873));
#1886=CARTESIAN_POINT('',(1.68320056490043,-0.451012232064664,0.297241885457872));
#1887=CARTESIAN_POINT('',(1.4576944488681,-0.841600282450191,0.278491885457872));
#1888=CARTESIAN_POINT('',(1.23218833283575,-1.23218833283574,0.259741885457873));
#1889=CARTESIAN_POINT('',(0.841600282450229,-1.45769444886808,0.240991885457872));
#1890=CARTESIAN_POINT('',(0.451012232064683,-1.68320056490042,0.222241885457873));
#1891=CARTESIAN_POINT('',(1.40201436577441E-14,-1.68320056490042,0.203491885457872));
#1892=CARTESIAN_POINT('',(-0.451012232064655,-1.68320056490043,0.184741885457872));
#1893=CARTESIAN_POINT('',(-0.841600282450204,-1.45769444886809,0.165991885457873));
#1894=CARTESIAN_POINT('',(-1.23218833283573,-1.23218833283576,0.147241885457872));
#1895=CARTESIAN_POINT('',(-1.45769444886808,-0.841600282450216,0.128491885457872));
#1896=CARTESIAN_POINT('',(-1.68320056490042,-0.451012232064692,0.109741885457873));
#1897=CARTESIAN_POINT('',(-1.68320056490042,-2.30931044735802E-14,0.0909918854578723));
#1898=CARTESIAN_POINT('',(-1.68320056490043,0.45101223206467,0.0722418854578726));
#1899=CARTESIAN_POINT('',(-1.45769444886809,0.841600282450196,0.0534918854578721));
#1900=CARTESIAN_POINT('',(-1.23218833283575,1.23218833283574,0.0347418854578724));
#1901=CARTESIAN_POINT('',(-0.841600282450223,1.45769444886808,0.0159918854578727));
#1902=CARTESIAN_POINT('',(-0.451012232064701,1.68320056490042,-0.00275811454212779));
#1903=CARTESIAN_POINT('',(-8.24634660507045E-15,1.68320056490042,-0.0215081145421275));
#1904=CARTESIAN_POINT('',(0.45101223206466,1.68320056490043,-0.040258114542128));
#1905=CARTESIAN_POINT('',(0.841600282450209,1.45769444886809,-0.0590081145421277));
#1906=CARTESIAN_POINT('',(1.23218833283574,1.23218833283576,-0.0777581145421273));
#1907=CARTESIAN_POINT('',(1.45769444886807,0.841600282450231,-0.0965081145421279));
#1908=CARTESIAN_POINT('',(1.68320056490042,0.451012232064686,-0.115258114542128));
#1909=CARTESIAN_POINT('',(1.68320056490042,1.73193074209066E-14,-0.134008114542127));
#1910=CARTESIAN_POINT('',(1.68320056490043,-0.451012232064651,-0.152758114542128));
#1911=CARTESIAN_POINT('',(1.45769444886809,-0.841600282450201,-0.171508114542127));
#1912=CARTESIAN_POINT('',(1.23218833283576,-1.23218833283573,-0.190258114542128));
#1913=CARTESIAN_POINT('',(0.841600282450218,-1.45769444886808,-0.209008114542128));
#1914=CARTESIAN_POINT('',(0.451012232064695,-1.68320056490042,-0.227758114542127));
#1915=CARTESIAN_POINT('',(2.63922682367427E-14,-1.68320056490042,-0.246508114542128));
#1916=CARTESIAN_POINT('',(-0.451012232064666,-1.68320056490043,-0.265258114542127));
#1917=CARTESIAN_POINT('',(-0.841600282450193,-1.4576944488681,-0.284008114542127));
#1918=CARTESIAN_POINT('',(-1.23218833283574,-1.23218833283575,-0.302758114542128));
#1919=CARTESIAN_POINT('',(-1.45769444886808,-0.841600282450226,-0.321508114542127));
#1920=CARTESIAN_POINT('',(-1.68320056490042,-0.451012232064704,-0.340258114542128));
#1921=CARTESIAN_POINT('',(-1.68320056490042,-1.15455103682329E-14,-0.359008114542128));
#1922=CARTESIAN_POINT('',(-1.68320056490043,0.451012232064657,-0.377758114542127));
#1923=CARTESIAN_POINT('',(-1.45769444886809,0.841600282450206,-0.396508114542128));
#1924=CARTESIAN_POINT('',(-1.23218833283576,1.23218833283573,-0.415258114542127));
#1925=CARTESIAN_POINT('',(-0.841600282450234,1.45769444886807,-0.434008114542128));
#1926=CARTESIAN_POINT('',(-0.451012232064689,1.68320056490042,-0.452758114542128));
#1927=CARTESIAN_POINT('',(-2.06184711840691E-14,1.68320056490042,-0.471508114542127));
#1928=CARTESIAN_POINT('',(0.451012232064672,1.68320056490043,-0.490258114542128));
#1929=CARTESIAN_POINT('',(0.841600282450198,1.45769444886809,-0.509008114542128));
#1930=CARTESIAN_POINT('',(1.23218833283573,1.23218833283576,-0.527758114542127));
#1931=CARTESIAN_POINT('',(1.45769444886808,0.841600282450221,-0.546508114542128));
#1932=CARTESIAN_POINT('',(1.68320056490042,0.451012232064698,-0.565258114542127));
#1933=CARTESIAN_POINT('',(1.68320056490042,5.7717133155593E-15,-0.584008114542128));
#1934=CARTESIAN_POINT('',(1.68320056490043,-0.451012232064663,-0.602758114542128));
#1935=CARTESIAN_POINT('',(1.4576944488681,-0.841600282450191,-0.621508114542127));
#1936=CARTESIAN_POINT('',(1.23218833283575,-1.23218833283574,-0.640258114542128));
#1937=CARTESIAN_POINT('',(0.841600282450229,-1.45769444886808,-0.659008114542127));
#1938=CARTESIAN_POINT('',(0.451012232064684,-1.68320056490042,-0.677758114542128));
#1939=CARTESIAN_POINT('',(1.48446741313954E-14,-1.68320056490042,-0.696508114542128));
#1940=CARTESIAN_POINT('',(-0.451012232064654,-1.68320056490043,-0.715258114542127));
#1941=CARTESIAN_POINT('',(-0.841600282450203,-1.45769444886809,-0.734008114542128));
#1942=CARTESIAN_POINT('',(-1.23218833283573,-1.23218833283576,-0.752758114542128));
#1943=CARTESIAN_POINT('',(-1.45769444886808,-0.841600282450216,-0.771508114542127));
#1944=CARTESIAN_POINT('',(-1.68320056490042,-0.451012232064693,-0.790258114542128));
#1945=CARTESIAN_POINT('',(-1.68320056490042,-2.39176349472315E-14,-0.809008114542128));
#1946=CARTESIAN_POINT('',(-1.68320056490043,0.451012232064669,-0.827758114542128));
#1947=CARTESIAN_POINT('',(-1.45769444886809,0.841600282450196,-0.846508114542128));
#1948=CARTESIAN_POINT('',(-1.23218833283577,1.23218833283573,-0.865258114542127));
#1949=CARTESIAN_POINT('',(-0.841600282450224,1.45769444886808,-0.884008114542128));
#1950=CARTESIAN_POINT('',(-0.451012232064702,1.68320056490042,-0.902758114542128));
#1951=CARTESIAN_POINT('',(-9.07087707872178E-15,1.68320056490042,-0.921508114542128));
#1952=CARTESIAN_POINT('',(0.45101223206466,1.68320056490043,-0.940258114542128));
#1953=CARTESIAN_POINT('',(0.841600282450188,1.4576944488681,-0.959008114542127));
#1954=CARTESIAN_POINT('',(1.23218833283574,1.23218833283576,-0.977758114542128));
#1955=CARTESIAN_POINT('',(1.45769444886807,0.841600282450232,-0.996508114542128));
#1956=CARTESIAN_POINT('',(1.68320056490042,0.451012232064687,-1.01525811454213));
#1957=CARTESIAN_POINT('',(1.68320056490042,1.81438378945579E-14,-1.03400811454213));
#1958=CARTESIAN_POINT('',(-1.55390904815448,-0.646939573487941,5.41542466341356));
#1959=CARTESIAN_POINT('',(-1.68320056490042,-0.336389305805343,5.40107386810908));
#1960=CARTESIAN_POINT('',(-1.68320056490042,-2.06132618412832E-16,5.38708910442545));
#1961=CARTESIAN_POINT('',(-1.68320056490042,0.451012232064677,5.36833910442545));
#1962=CARTESIAN_POINT('',(-1.45769444886809,0.841600282450212,5.34958910442545));
#1963=CARTESIAN_POINT('',(-1.23218833283575,1.23218833283575,5.33083910442545));
#1964=CARTESIAN_POINT('',(-0.841600282450213,1.45769444886808,5.31208910442545));
#1965=CARTESIAN_POINT('',(-0.451012232064679,1.68320056490042,5.29333910442545));
#1966=CARTESIAN_POINT('',(-3.09198927619248E-16,1.68320056490042,5.27458910442545));
#1967=CARTESIAN_POINT('',(0.451012232064677,1.68320056490042,5.25583910442545));
#1968=CARTESIAN_POINT('',(0.841600282450211,1.45769444886809,5.23708910442545));
#1969=CARTESIAN_POINT('',(1.23218833283575,1.23218833283575,5.21833910442545));
#1970=CARTESIAN_POINT('',(1.45769444886808,0.841600282450213,5.19958910442545));
#1971=CARTESIAN_POINT('',(1.68320056490042,0.45101223206468,5.18083910442545));
#1972=CARTESIAN_POINT('',(1.68320056490042,0.,5.16208910442545));
#1973=CARTESIAN_POINT('',(1.68320056490042,-0.451012232064678,5.14333910442545));
#1974=CARTESIAN_POINT('',(1.45769444886809,-0.841600282450212,5.12458910442545));
#1975=CARTESIAN_POINT('',(1.23218833283575,-1.23218833283575,5.10583910442545));
#1976=CARTESIAN_POINT('',(0.841600282450212,-1.45769444886808,5.08708910442545));
#1977=CARTESIAN_POINT('',(0.451012232064679,-1.68320056490042,5.06833910442545));
#1978=CARTESIAN_POINT('',(1.03066309206416E-16,-1.68320056490042,5.04958910442545));
#1979=CARTESIAN_POINT('',(-0.451012232064678,-1.68320056490042,5.03083910442545));
#1980=CARTESIAN_POINT('',(-0.841600282450212,-1.45769444886809,5.01208910442545));
#1981=CARTESIAN_POINT('',(-1.23218833283575,-1.23218833283575,4.99333910442545));
#1982=CARTESIAN_POINT('',(-1.45769444886808,-0.841600282450213,4.97458910442545));
#1983=CARTESIAN_POINT('',(-1.68320056490042,-0.451012232064679,4.95583910442545));
#1984=CARTESIAN_POINT('',(-1.68320056490042,-2.06132618412832E-16,4.93708910442545));
#1985=CARTESIAN_POINT('',(-1.68320056490042,0.451012232064677,4.91833910442545));
#1986=CARTESIAN_POINT('',(-1.45769444886809,0.841600282450212,4.89958910442545));
#1987=CARTESIAN_POINT('',(-1.23218833283575,1.23218833283575,4.88083910442545));
#1988=CARTESIAN_POINT('',(-0.841600282450213,1.45769444886808,4.86208910442545));
#1989=CARTESIAN_POINT('',(-0.451012232064679,1.68320056490042,4.84333910442545));
#1990=CARTESIAN_POINT('',(-3.09198927619248E-16,1.68320056490042,4.82458910442545));
#1991=CARTESIAN_POINT('',(0.451012232064677,1.68320056490042,4.80583910442545));
#1992=CARTESIAN_POINT('',(0.841600282450211,1.45769444886809,4.78708910442545));
#1993=CARTESIAN_POINT('',(1.23218833283575,1.23218833283575,4.76833910442545));
#1994=CARTESIAN_POINT('',(1.45769444886808,0.841600282450213,4.74958910442545));
#1995=CARTESIAN_POINT('',(1.68320056490042,0.45101223206468,4.73083910442545));
#1996=CARTESIAN_POINT('',(1.68320056490042,0.,4.71208910442545));
#1997=CARTESIAN_POINT('',(1.68320056490042,-0.451012232064678,4.69333910442545));
#1998=CARTESIAN_POINT('',(1.45769444886809,-0.841600282450212,4.67458910442545));
#1999=CARTESIAN_POINT('',(1.23218833283575,-1.23218833283575,4.65583910442545));
#2000=CARTESIAN_POINT('',(0.841600282450212,-1.45769444886808,4.63708910442545));
#2001=CARTESIAN_POINT('',(0.451012232064679,-1.68320056490042,4.61833910442545));
#2002=CARTESIAN_POINT('',(1.03066309206416E-16,-1.68320056490042,4.59958910442545));
#2003=CARTESIAN_POINT('',(-0.451012232064678,-1.68320056490042,4.58083910442545));
#2004=CARTESIAN_POINT('',(-0.841600282450212,-1.45769444886809,4.56208910442545));
#2005=CARTESIAN_POINT('',(-1.23218833283575,-1.23218833283575,4.54333910442545));
#2006=CARTESIAN_POINT('',(-1.45769444886808,-0.841600282450213,4.52458910442545));
#2007=CARTESIAN_POINT('',(-1.68320056490042,-0.451012232064679,4.50583910442545));
#2008=CARTESIAN_POINT('',(-1.68320056490042,-2.06132618412832E-16,4.48708910442545));
#2009=CARTESIAN_POINT('',(-1.68320056490042,0.451012232064677,4.46833910442545));
#2010=CARTESIAN_POINT('',(-1.45769444886809,0.841600282450212,4.44958910442545));
#2011=CARTESIAN_POINT('',(-1.23218833283575,1.23218833283575,4.43083910442545));
#2012=CARTESIAN_POINT('',(-0.841600282450213,1.45769444886808,4.41208910442545));
#2013=CARTESIAN_POINT('',(-0.451012232064679,1.68320056490042,4.39333910442545));
#2014=CARTESIAN_POINT('',(-3.09198927619248E-16,1.68320056490042,4.37458910442545));
#2015=CARTESIAN_POINT('',(0.451012232064677,1.68320056490042,4.35583910442545));
#2016=CARTESIAN_POINT('',(0.841600282450211,1.45769444886809,4.33708910442545));
#2017=CARTESIAN_POINT('',(1.23218833283575,1.23218833283575,4.31833910442545));
#2018=CARTESIAN_POINT('',(1.45769444886808,0.841600282450213,4.29958910442545));
#2019=CARTESIAN_POINT('',(1.68320056490042,0.45101223206468,4.28083910442545));
#2020=CARTESIAN_POINT('',(1.68320056490042,0.,4.26208910442545));
#2021=CARTESIAN_POINT('',(1.68320056490042,-0.451012232064678,4.24333910442545));
#2022=CARTESIAN_POINT('',(1.45769444886809,-0.841600282450212,4.22458910442545));
#2023=CARTESIAN_POINT('',(1.23218833283575,-1.23218833283575,4.20583910442545));
#2024=CARTESIAN_POINT('',(0.841600282450212,-1.45769444886808,4.18708910442545));
#2025=CARTESIAN_POINT('',(0.451012232064679,-1.68320056490042,4.16833910442545));
#2026=CARTESIAN_POINT('',(1.03066309206416E-16,-1.68320056490042,4.14958910442545));
#2027=CARTESIAN_POINT('',(-0.451012232064678,-1.68320056490042,4.13083910442545));
#2028=CARTESIAN_POINT('',(-0.841600282450212,-1.45769444886809,4.11208910442545));
#2029=CARTESIAN_POINT('',(-1.23218833283575,-1.23218833283575,4.09333910442545));
#2030=CARTESIAN_POINT('',(-1.45769444886808,-0.841600282450213,4.07458910442545));
#2031=CARTESIAN_POINT('',(-1.68320056490042,-0.451012232064679,4.05583910442545));
#2032=CARTESIAN_POINT('',(-1.68320056490042,-2.06132618412832E-16,4.03708910442545));
#2033=CARTESIAN_POINT('',(-1.68320056490042,0.451012232064677,4.01833910442545));
#2034=CARTESIAN_POINT('',(-1.45769444886809,0.841600282450212,3.99958910442545));
#2035=CARTESIAN_POINT('',(-1.23218833283575,1.23218833283575,3.98083910442545));
#2036=CARTESIAN_POINT('',(-0.841600282450213,1.45769444886808,3.96208910442545));
#2037=CARTESIAN_POINT('',(-0.451012232064679,1.68320056490042,3.94333910442545));
#2038=CARTESIAN_POINT('',(-3.09198927619248E-16,1.68320056490042,3.92458910442545));
#2039=CARTESIAN_POINT('',(0.451012232064677,1.68320056490042,3.90583910442545));
#2040=CARTESIAN_POINT('',(0.841600282450211,1.45769444886809,3.88708910442545));
#2041=CARTESIAN_POINT('',(1.23218833283575,1.23218833283575,3.86833910442545));
#2042=CARTESIAN_POINT('',(1.45769444886808,0.841600282450213,3.84958910442545));
#2043=CARTESIAN_POINT('',(1.68320056490042,0.45101223206468,3.83083910442545));
#2044=CARTESIAN_POINT('',(1.68320056490042,0.,3.81208910442545));
#2045=CARTESIAN_POINT('',(1.68320056490042,-0.451012232064678,3.79333910442545));
#2046=CARTESIAN_POINT('',(1.45769444886809,-0.841600282450212,3.77458910442545));
#2047=CARTESIAN_POINT('',(1.23218833283575,-1.23218833283575,3.75583910442545));
#2048=CARTESIAN_POINT('',(0.841600282450212,-1.45769444886808,3.73708910442545));
#2049=CARTESIAN_POINT('',(0.451012232064679,-1.68320056490042,3.71833910442545));
#2050=CARTESIAN_POINT('',(1.03066309206416E-16,-1.68320056490042,3.69958910442545));
#2051=CARTESIAN_POINT('',(-0.451012232064678,-1.68320056490042,3.68083910442545));
#2052=CARTESIAN_POINT('',(-0.841600282450212,-1.45769444886809,3.66208910442545));
#2053=CARTESIAN_POINT('',(-1.23218833283575,-1.23218833283575,3.64333910442545));
#2054=CARTESIAN_POINT('',(-1.45769444886808,-0.841600282450213,3.62458910442545));
#2055=CARTESIAN_POINT('',(-1.68320056490042,-0.451012232064679,3.60583910442545));
#2056=CARTESIAN_POINT('',(-1.68320056490042,-2.06132618412832E-16,3.58708910442545));
#2057=CARTESIAN_POINT('',(-1.68320056490042,0.451012232064677,3.56833910442545));
#2058=CARTESIAN_POINT('',(-1.45769444886809,0.841600282450212,3.54958910442545));
#2059=CARTESIAN_POINT('',(-1.23218833283575,1.23218833283575,3.53083910442545));
#2060=CARTESIAN_POINT('',(-0.841600282450213,1.45769444886808,3.51208910442545));
#2061=CARTESIAN_POINT('',(-0.451012232064679,1.68320056490042,3.49333910442545));
#2062=CARTESIAN_POINT('',(-3.09198927619248E-16,1.68320056490042,3.47458910442545));
#2063=CARTESIAN_POINT('',(0.451012232064677,1.68320056490042,3.45583910442545));
#2064=CARTESIAN_POINT('',(0.841600282450211,1.45769444886809,3.43708910442545));
#2065=CARTESIAN_POINT('',(1.23218833283575,1.23218833283575,3.41833910442545));
#2066=CARTESIAN_POINT('',(1.45769444886808,0.841600282450213,3.39958910442545));
#2067=CARTESIAN_POINT('',(1.68320056490042,0.45101223206468,3.38083910442545));
#2068=CARTESIAN_POINT('',(1.68320056490042,0.,3.36208910442545));
#2069=CARTESIAN_POINT('',(1.68320056490042,-0.451012232064678,3.34333910442545));
#2070=CARTESIAN_POINT('',(1.45769444886809,-0.841600282450212,3.32458910442545));
#2071=CARTESIAN_POINT('',(1.23218833283575,-1.23218833283575,3.30583910442545));
#2072=CARTESIAN_POINT('',(0.841600282450212,-1.45769444886808,3.28708910442545));
#2073=CARTESIAN_POINT('',(0.451012232064679,-1.68320056490042,3.26833910442545));
#2074=CARTESIAN_POINT('',(1.03066309206416E-16,-1.68320056490042,3.24958910442545));
#2075=CARTESIAN_POINT('',(-0.451012232064678,-1.68320056490042,3.23083910442545));
#2076=CARTESIAN_POINT('',(-0.841600282450212,-1.45769444886809,3.21208910442545));
#2077=CARTESIAN_POINT('',(-1.23218833283575,-1.23218833283575,3.19333910442545));
#2078=CARTESIAN_POINT('',(-1.45769444886808,-0.841600282450213,3.17458910442545));
#2079=CARTESIAN_POINT('',(-1.68320056490042,-0.451012232064679,3.15583910442545));
#2080=CARTESIAN_POINT('',(-1.68320056490042,-2.06132618412832E-16,3.13708910442545));
#2081=CARTESIAN_POINT('',(-1.68320056490042,0.451012232064677,3.11833910442545));
#2082=CARTESIAN_POINT('',(-1.45769444886809,0.841600282450212,3.09958910442545));
#2083=CARTESIAN_POINT('',(-1.23218833283575,1.23218833283575,3.08083910442545));
#2084=CARTESIAN_POINT('',(-0.841600282450213,1.45769444886808,3.06208910442545));
#2085=CARTESIAN_POINT('',(-0.451012232064679,1.68320056490042,3.04333910442545));
#2086=CARTESIAN_POINT('',(-3.09198927619248E-16,1.68320056490042,3.02458910442545));
#2087=CARTESIAN_POINT('',(0.451012232064677,1.68320056490042,3.00583910442545));
#2088=CARTESIAN_POINT('',(0.841600282450211,1.45769444886809,2.98708910442545));
#2089=CARTESIAN_POINT('',(1.23218833283575,1.23218833283575,2.96833910442545));
#2090=CARTESIAN_POINT('',(1.45769444886808,0.841600282450213,2.94958910442545));
#2091=CARTESIAN_POINT('',(1.68320056490042,0.45101223206468,2.93083910442545));
#2092=CARTESIAN_POINT('',(1.68320056490042,0.,2.91208910442545));
#2093=CARTESIAN_POINT('',(1.68320056490042,-0.451012232064678,2.89333910442545));
#2094=CARTESIAN_POINT('',(1.45769444886809,-0.841600282450212,2.87458910442545));
#2095=CARTESIAN_POINT('',(1.23218833283575,-1.23218833283575,2.85583910442545));
#2096=CARTESIAN_POINT('',(0.841600282450212,-1.45769444886808,2.83708910442545));
#2097=CARTESIAN_POINT('',(0.451012232064679,-1.68320056490042,2.81833910442545));
#2098=CARTESIAN_POINT('',(1.03066309206416E-16,-1.68320056490042,2.79958910442545));
#2099=CARTESIAN_POINT('',(-0.451012232064678,-1.68320056490042,2.78083910442545));
#2100=CARTESIAN_POINT('',(-0.841600282450212,-1.45769444886809,2.76208910442545));
#2101=CARTESIAN_POINT('',(-1.23218833283575,-1.23218833283575,2.74333910442545));
#2102=CARTESIAN_POINT('',(-1.45769444886808,-0.841600282450213,2.72458910442545));
#2103=CARTESIAN_POINT('',(-1.68320056490042,-0.451012232064679,2.70583910442545));
#2104=CARTESIAN_POINT('',(-1.68320056490042,-2.06132618412832E-16,2.68708910442545));
#2105=CARTESIAN_POINT('',(-1.68320056490042,0.451012232064677,2.66833910442545));
#2106=CARTESIAN_POINT('',(-1.45769444886809,0.841600282450212,2.64958910442545));
#2107=CARTESIAN_POINT('',(-1.23218833283575,1.23218833283575,2.63083910442545));
#2108=CARTESIAN_POINT('',(-0.841600282450213,1.45769444886808,2.61208910442545));
#2109=CARTESIAN_POINT('',(-0.451012232064679,1.68320056490042,2.59333910442545));
#2110=CARTESIAN_POINT('',(-3.09198927619248E-16,1.68320056490042,2.57458910442545));
#2111=CARTESIAN_POINT('',(0.451012232064677,1.68320056490042,2.55583910442545));
#2112=CARTESIAN_POINT('',(0.841600282450211,1.45769444886809,2.53708910442545));
#2113=CARTESIAN_POINT('',(1.23218833283575,1.23218833283575,2.51833910442545));
#2114=CARTESIAN_POINT('',(1.45769444886808,0.841600282450213,2.49958910442545));
#2115=CARTESIAN_POINT('',(1.68320056490042,0.45101223206468,2.48083910442545));
#2116=CARTESIAN_POINT('',(1.68320056490042,0.,2.46208910442545));
#2117=CARTESIAN_POINT('',(1.68320056490042,-0.451012232064678,2.44333910442545));
#2118=CARTESIAN_POINT('',(1.45769444886809,-0.841600282450212,2.42458910442545));
#2119=CARTESIAN_POINT('',(1.23218833283575,-1.23218833283575,2.40583910442545));
#2120=CARTESIAN_POINT('',(0.841600282450212,-1.45769444886808,2.38708910442545));
#2121=CARTESIAN_POINT('',(0.451012232064679,-1.68320056490042,2.36833910442545));
#2122=CARTESIAN_POINT('',(1.03066309206416E-16,-1.68320056490042,2.34958910442545));
#2123=CARTESIAN_POINT('',(-0.451012232064678,-1.68320056490042,2.33083910442545));
#2124=CARTESIAN_POINT('',(-0.841600282450212,-1.45769444886809,2.31208910442545));
#2125=CARTESIAN_POINT('',(-1.23218833283575,-1.23218833283575,2.29333910442545));
#2126=CARTESIAN_POINT('',(-1.45769444886808,-0.841600282450213,2.27458910442545));
#2127=CARTESIAN_POINT('',(-1.68320056490042,-0.451012232064679,2.25583910442545));
#2128=CARTESIAN_POINT('',(-1.68320056490042,-2.06132618412832E-16,2.23708910442545));
#2129=CARTESIAN_POINT('',(-1.68320056490042,0.451012232064677,2.21833910442545));
#2130=CARTESIAN_POINT('',(-1.45769444886809,0.841600282450212,2.19958910442545));
#2131=CARTESIAN_POINT('',(-1.23218833283575,1.23218833283575,2.18083910442545));
#2132=CARTESIAN_POINT('',(-0.841600282450213,1.45769444886808,2.16208910442545));
#2133=CARTESIAN_POINT('',(-0.451012232064679,1.68320056490042,2.14333910442545));
#2134=CARTESIAN_POINT('',(-3.09198927619248E-16,1.68320056490042,2.12458910442545));
#2135=CARTESIAN_POINT('',(0.451012232064677,1.68320056490042,2.10583910442545));
#2136=CARTESIAN_POINT('',(0.841600282450211,1.45769444886809,2.08708910442545));
#2137=CARTESIAN_POINT('',(1.23218833283575,1.23218833283575,2.06833910442545));
#2138=CARTESIAN_POINT('',(1.45769444886808,0.841600282450213,2.04958910442545));
#2139=CARTESIAN_POINT('',(1.68320056490042,0.45101223206468,2.03083910442545));
#2140=CARTESIAN_POINT('',(1.68320056490042,0.,2.01208910442545));
#2141=CARTESIAN_POINT('',(1.68320056490042,-0.451012232064678,1.99333910442545));
#2142=CARTESIAN_POINT('',(1.45769444886809,-0.841600282450212,1.97458910442545));
#2143=CARTESIAN_POINT('',(1.23218833283575,-1.23218833283575,1.95583910442545));
#2144=CARTESIAN_POINT('',(0.841600282450212,-1.45769444886808,1.93708910442545));
#2145=CARTESIAN_POINT('',(0.451012232064679,-1.68320056490042,1.91833910442545));
#2146=CARTESIAN_POINT('',(1.03066309206416E-16,-1.68320056490042,1.89958910442545));
#2147=CARTESIAN_POINT('',(-0.451012232064678,-1.68320056490042,1.88083910442545));
#2148=CARTESIAN_POINT('',(-0.841600282450212,-1.45769444886809,1.86208910442545));
#2149=CARTESIAN_POINT('',(-1.23218833283575,-1.23218833283575,1.84333910442545));
#2150=CARTESIAN_POINT('',(-1.45769444886808,-0.841600282450213,1.82458910442545));
#2151=CARTESIAN_POINT('',(-1.68320056490042,-0.451012232064679,1.80583910442545));
#2152=CARTESIAN_POINT('',(-1.68320056490042,-2.06132618412832E-16,1.78708910442545));
#2153=CARTESIAN_POINT('',(-1.68320056490042,0.451012232064677,1.76833910442545));
#2154=CARTESIAN_POINT('',(-1.45769444886809,0.841600282450212,1.74958910442545));
#2155=CARTESIAN_POINT('',(-1.23218833283575,1.23218833283575,1.73083910442545));
#2156=CARTESIAN_POINT('',(-0.841600282450213,1.45769444886808,1.71208910442545));
#2157=CARTESIAN_POINT('',(-0.451012232064679,1.68320056490042,1.69333910442545));
#2158=CARTESIAN_POINT('',(-3.09198927619248E-16,1.68320056490042,1.67458910442545));
#2159=CARTESIAN_POINT('',(0.451012232064677,1.68320056490042,1.65583910442545));
#2160=CARTESIAN_POINT('',(0.841600282450211,1.45769444886809,1.63708910442545));
#2161=CARTESIAN_POINT('',(1.23218833283575,1.23218833283575,1.61833910442545));
#2162=CARTESIAN_POINT('',(1.45769444886808,0.841600282450213,1.59958910442545));
#2163=CARTESIAN_POINT('',(1.68320056490042,0.45101223206468,1.58083910442545));
#2164=CARTESIAN_POINT('',(1.68320056490042,0.,1.56208910442545));
#2165=CARTESIAN_POINT('',(1.68320056490042,-0.451012232064678,1.54333910442545));
#2166=CARTESIAN_POINT('',(1.45769444886809,-0.841600282450212,1.52458910442545));
#2167=CARTESIAN_POINT('',(1.23218833283575,-1.23218833283575,1.50583910442545));
#2168=CARTESIAN_POINT('',(0.841600282450212,-1.45769444886808,1.48708910442545));
#2169=CARTESIAN_POINT('',(0.451012232064679,-1.68320056490042,1.46833910442545));
#2170=CARTESIAN_POINT('',(1.03066309206416E-16,-1.68320056490042,1.44958910442545));
#2171=CARTESIAN_POINT('',(-0.451012232064678,-1.68320056490042,1.43083910442545));
#2172=CARTESIAN_POINT('',(-0.841600282450212,-1.45769444886809,1.41208910442545));
#2173=CARTESIAN_POINT('',(-1.23218833283575,-1.23218833283575,1.39333910442545));
#2174=CARTESIAN_POINT('',(-1.45769444886808,-0.841600282450213,1.37458910442545));
#2175=CARTESIAN_POINT('',(-1.68320056490042,-0.451012232064679,1.35583910442545));
#2176=CARTESIAN_POINT('',(-1.68320056490042,-2.06132618412832E-16,1.33708910442545));
#2177=CARTESIAN_POINT('',(-1.68320056490042,0.451012232064677,1.31833910442545));
#2178=CARTESIAN_POINT('',(-1.45769444886809,0.841600282450212,1.29958910442545));
#2179=CARTESIAN_POINT('',(-1.23218833283575,1.23218833283575,1.28083910442545));
#2180=CARTESIAN_POINT('',(-0.841600282450213,1.45769444886808,1.26208910442545));
#2181=CARTESIAN_POINT('',(-0.451012232064679,1.68320056490042,1.24333910442545));
#2182=CARTESIAN_POINT('',(-3.09198927619248E-16,1.68320056490042,1.22458910442545));
#2183=CARTESIAN_POINT('',(0.451012232064677,1.68320056490042,1.20583910442545));
#2184=CARTESIAN_POINT('',(0.841600282450211,1.45769444886809,1.18708910442545));
#2185=CARTESIAN_POINT('',(1.23218833283575,1.23218833283575,1.16833910442545));
#2186=CARTESIAN_POINT('',(1.45769444886808,0.841600282450213,1.14958910442545));
#2187=CARTESIAN_POINT('',(1.68320056490042,0.45101223206468,1.13083910442545));
#2188=CARTESIAN_POINT('',(1.68320056490042,0.,1.11208910442545));
#2189=CARTESIAN_POINT('',(1.68320056490042,-0.451012232064678,1.09333910442545));
#2190=CARTESIAN_POINT('',(1.45769444886809,-0.841600282450212,1.07458910442545));
#2191=CARTESIAN_POINT('',(1.23218833283575,-1.23218833283575,1.05583910442545));
#2192=CARTESIAN_POINT('',(0.841600282450212,-1.45769444886808,1.03708910442545));
#2193=CARTESIAN_POINT('',(0.451012232064679,-1.68320056490042,1.01833910442545));
#2194=CARTESIAN_POINT('',(1.03066309206416E-16,-1.68320056490042,0.99958910442545));
#2195=CARTESIAN_POINT('',(-0.451012232064678,-1.68320056490042,0.98083910442545));
#2196=CARTESIAN_POINT('',(-0.841600282450212,-1.45769444886809,0.96208910442545));
#2197=CARTESIAN_POINT('',(-1.23218833283575,-1.23218833283575,0.943339104425451));
#2198=CARTESIAN_POINT('',(-1.45769444886808,-0.841600282450213,0.92458910442545));
#2199=CARTESIAN_POINT('',(-1.68320056490042,-0.451012232064679,0.90583910442545));
#2200=CARTESIAN_POINT('',(-1.68320056490042,-2.06132618412832E-16,0.887089104425451));
#2201=CARTESIAN_POINT('',(-1.68320056490042,0.451012232064677,0.86833910442545));
#2202=CARTESIAN_POINT('',(-1.45769444886809,0.841600282450212,0.84958910442545));
#2203=CARTESIAN_POINT('',(-1.23218833283575,1.23218833283575,0.83083910442545));
#2204=CARTESIAN_POINT('',(-0.841600282450213,1.45769444886808,0.81208910442545));
#2205=CARTESIAN_POINT('',(-0.451012232064679,1.68320056490042,0.793339104425451));
#2206=CARTESIAN_POINT('',(-3.09198927619248E-16,1.68320056490042,0.77458910442545));
#2207=CARTESIAN_POINT('',(0.451012232064677,1.68320056490042,0.75583910442545));
#2208=CARTESIAN_POINT('',(0.841600282450211,1.45769444886809,0.73708910442545));
#2209=CARTESIAN_POINT('',(1.23218833283575,1.23218833283575,0.71833910442545));
#2210=CARTESIAN_POINT('',(1.45769444886808,0.841600282450213,0.699589104425451));
#2211=CARTESIAN_POINT('',(1.68320056490042,0.45101223206468,0.68083910442545));
#2212=CARTESIAN_POINT('',(1.68320056490042,0.,0.66208910442545));
#2213=CARTESIAN_POINT('',(1.68320056490042,-0.451012232064678,0.643339104425451));
#2214=CARTESIAN_POINT('',(1.45769444886809,-0.841600282450212,0.62458910442545));
#2215=CARTESIAN_POINT('',(1.23218833283575,-1.23218833283575,0.605839104425451));
#2216=CARTESIAN_POINT('',(0.841600282450212,-1.45769444886808,0.58708910442545));
#2217=CARTESIAN_POINT('',(0.451012232064679,-1.68320056490042,0.56833910442545));
#2218=CARTESIAN_POINT('',(1.03066309206416E-16,-1.68320056490042,0.549589104425451));
#2219=CARTESIAN_POINT('',(-0.451012232064678,-1.68320056490042,0.53083910442545));
#2220=CARTESIAN_POINT('',(-0.841600282450212,-1.45769444886809,0.51208910442545));
#2221=CARTESIAN_POINT('',(-1.23218833283575,-1.23218833283575,0.49333910442545));
#2222=CARTESIAN_POINT('',(-1.45769444886808,-0.841600282450213,0.47458910442545));
#2223=CARTESIAN_POINT('',(-1.68320056490042,-0.451012232064679,0.455839104425451));
#2224=CARTESIAN_POINT('',(-1.68320056490042,-2.06132618412832E-16,0.43708910442545));
#2225=CARTESIAN_POINT('',(-1.68320056490042,0.451012232064677,0.41833910442545));
#2226=CARTESIAN_POINT('',(-1.45769444886809,0.841600282450212,0.399589104425451));
#2227=CARTESIAN_POINT('',(-1.23218833283575,1.23218833283575,0.38083910442545));
#2228=CARTESIAN_POINT('',(-0.841600282450213,1.45769444886808,0.36208910442545));
#2229=CARTESIAN_POINT('',(-0.451012232064679,1.68320056490042,0.34333910442545));
#2230=CARTESIAN_POINT('',(-3.09198927619248E-16,1.68320056490042,0.32458910442545));
#2231=CARTESIAN_POINT('',(0.451012232064677,1.68320056490042,0.305839104425451));
#2232=CARTESIAN_POINT('',(0.841600282450211,1.45769444886809,0.28708910442545));
#2233=CARTESIAN_POINT('',(1.23218833283575,1.23218833283575,0.26833910442545));
#2234=CARTESIAN_POINT('',(1.45769444886808,0.841600282450213,0.249589104425451));
#2235=CARTESIAN_POINT('',(1.68320056490042,0.45101223206468,0.23083910442545));
#2236=CARTESIAN_POINT('',(1.68320056490042,0.,0.21208910442545));
#2237=CARTESIAN_POINT('',(1.68320056490042,-0.451012232064678,0.19333910442545));
#2238=CARTESIAN_POINT('',(1.45769444886809,-0.841600282450212,0.17458910442545));
#2239=CARTESIAN_POINT('',(1.23218833283575,-1.23218833283575,0.155839104425451));
#2240=CARTESIAN_POINT('',(0.841600282450212,-1.45769444886808,0.13708910442545));
#2241=CARTESIAN_POINT('',(0.451012232064679,-1.68320056490042,0.11833910442545));
#2242=CARTESIAN_POINT('',(1.03066309206416E-16,-1.68320056490042,0.0995891044254498));
#2243=CARTESIAN_POINT('',(-0.451012232064678,-1.68320056490042,0.0808391044254501));
#2244=CARTESIAN_POINT('',(-0.841600282450212,-1.45769444886809,0.0620891044254505));
#2245=CARTESIAN_POINT('',(-1.23218833283575,-1.23218833283575,0.0433391044254499));
#2246=CARTESIAN_POINT('',(-1.45769444886808,-0.841600282450213,0.0245891044254503));
#2247=CARTESIAN_POINT('',(-1.68320056490042,-0.451012232064679,0.0058391044254506));
#2248=CARTESIAN_POINT('',(-1.68320056490042,-2.06132618412832E-16,-0.0129108955745499));
#2249=CARTESIAN_POINT('',(-1.68320056490042,0.0304234006278251,-0.0141756922279806));
#2250=CARTESIAN_POINT('',(-1.68210113439942,0.0608269293430025,-0.0154519098411451));
#2251=CARTESIAN_POINT('',(-1.38478064993141,-0.576526280032265,5.28389474650054));
#2252=CARTESIAN_POINT('',(-1.49999999999743,-0.299776490828947,5.26954395119606));
#2253=CARTESIAN_POINT('',(-1.49999999999743,-1.83697019871788E-16,5.25555918751243));
#2254=CARTESIAN_POINT('',(-1.49999999999743,0.401923788645995,5.23680918751243));
#2255=CARTESIAN_POINT('',(-1.29903810567443,0.749999999998715,5.21805918751243));
#2256=CARTESIAN_POINT('',(-1.09807621135144,1.09807621135143,5.19930918751243));
#2257=CARTESIAN_POINT('',(-0.749999999998716,1.29903810567443,5.18055918751243));
#2258=CARTESIAN_POINT('',(-0.401923788645997,1.49999999999743,5.16180918751243));
#2259=CARTESIAN_POINT('',(-2.75545529807682E-16,1.49999999999743,5.14305918751243));
#2260=CARTESIAN_POINT('',(0.401923788645995,1.49999999999743,5.12430918751243));
#2261=CARTESIAN_POINT('',(0.749999999998714,1.29903810567443,5.10555918751243));
#2262=CARTESIAN_POINT('',(1.09807621135143,1.09807621135143,5.08680918751243));
#2263=CARTESIAN_POINT('',(1.29903810567443,0.749999999998716,5.06805918751243));
#2264=CARTESIAN_POINT('',(1.49999999999743,0.401923788645997,5.04930918751243));
#2265=CARTESIAN_POINT('',(1.49999999999743,0.,5.03055918751243));
#2266=CARTESIAN_POINT('',(1.49999999999743,-0.401923788645995,5.01180918751243));
#2267=CARTESIAN_POINT('',(1.29903810567443,-0.749999999998715,4.99305918751243));
#2268=CARTESIAN_POINT('',(1.09807621135143,-1.09807621135143,4.97430918751243));
#2269=CARTESIAN_POINT('',(0.749999999998715,-1.29903810567443,4.95555918751243));
#2270=CARTESIAN_POINT('',(0.401923788645996,-1.49999999999743,4.93680918751243));
#2271=CARTESIAN_POINT('',(9.18485099358941E-17,-1.49999999999743,4.91805918751243));
#2272=CARTESIAN_POINT('',(-0.401923788645995,-1.49999999999743,4.89930918751243));
#2273=CARTESIAN_POINT('',(-0.749999999998715,-1.29903810567443,4.88055918751243));
#2274=CARTESIAN_POINT('',(-1.09807621135143,-1.09807621135143,4.86180918751243));
#2275=CARTESIAN_POINT('',(-1.29903810567443,-0.749999999998716,4.84305918751243));
#2276=CARTESIAN_POINT('',(-1.49999999999743,-0.401923788645996,4.82430918751243));
#2277=CARTESIAN_POINT('',(-1.49999999999743,-1.83697019871788E-16,4.80555918751243));
#2278=CARTESIAN_POINT('',(-1.49999999999743,0.401923788645995,4.78680918751243));
#2279=CARTESIAN_POINT('',(-1.29903810567443,0.749999999998715,4.76805918751243));
#2280=CARTESIAN_POINT('',(-1.09807621135144,1.09807621135143,4.74930918751243));
#2281=CARTESIAN_POINT('',(-0.749999999998716,1.29903810567443,4.73055918751243));
#2282=CARTESIAN_POINT('',(-0.401923788645997,1.49999999999743,4.71180918751243));
#2283=CARTESIAN_POINT('',(-2.75545529807682E-16,1.49999999999743,4.69305918751243));
#2284=CARTESIAN_POINT('',(0.401923788645995,1.49999999999743,4.67430918751243));
#2285=CARTESIAN_POINT('',(0.749999999998714,1.29903810567443,4.65555918751243));
#2286=CARTESIAN_POINT('',(1.09807621135143,1.09807621135143,4.63680918751243));
#2287=CARTESIAN_POINT('',(1.29903810567443,0.749999999998716,4.61805918751243));
#2288=CARTESIAN_POINT('',(1.49999999999743,0.401923788645997,4.59930918751243));
#2289=CARTESIAN_POINT('',(1.49999999999743,0.,4.58055918751243));
#2290=CARTESIAN_POINT('',(1.49999999999743,-0.401923788645995,4.56180918751243));
#2291=CARTESIAN_POINT('',(1.29903810567443,-0.749999999998715,4.54305918751243));
#2292=CARTESIAN_POINT('',(1.09807621135143,-1.09807621135143,4.52430918751243));
#2293=CARTESIAN_POINT('',(0.749999999998715,-1.29903810567443,4.50555918751243));
#2294=CARTESIAN_POINT('',(0.401923788645996,-1.49999999999743,4.48680918751243));
#2295=CARTESIAN_POINT('',(9.18485099358941E-17,-1.49999999999743,4.46805918751243));
#2296=CARTESIAN_POINT('',(-0.401923788645995,-1.49999999999743,4.44930918751243));
#2297=CARTESIAN_POINT('',(-0.749999999998715,-1.29903810567443,4.43055918751243));
#2298=CARTESIAN_POINT('',(-1.09807621135143,-1.09807621135143,4.41180918751243));
#2299=CARTESIAN_POINT('',(-1.29903810567443,-0.749999999998716,4.39305918751243));
#2300=CARTESIAN_POINT('',(-1.49999999999743,-0.401923788645996,4.37430918751243));
#2301=CARTESIAN_POINT('',(-1.49999999999743,-1.83697019871788E-16,4.35555918751243));
#2302=CARTESIAN_POINT('',(-1.49999999999743,0.401923788645995,4.33680918751243));
#2303=CARTESIAN_POINT('',(-1.29903810567443,0.749999999998715,4.31805918751243));
#2304=CARTESIAN_POINT('',(-1.09807621135144,1.09807621135143,4.29930918751243));
#2305=CARTESIAN_POINT('',(-0.749999999998716,1.29903810567443,4.28055918751243));
#2306=CARTESIAN_POINT('',(-0.401923788645997,1.49999999999743,4.26180918751243));
#2307=CARTESIAN_POINT('',(-2.75545529807682E-16,1.49999999999743,4.24305918751243));
#2308=CARTESIAN_POINT('',(0.401923788645995,1.49999999999743,4.22430918751243));
#2309=CARTESIAN_POINT('',(0.749999999998714,1.29903810567443,4.20555918751243));
#2310=CARTESIAN_POINT('',(1.09807621135143,1.09807621135143,4.18680918751243));
#2311=CARTESIAN_POINT('',(1.29903810567443,0.749999999998716,4.16805918751243));
#2312=CARTESIAN_POINT('',(1.49999999999743,0.401923788645997,4.14930918751243));
#2313=CARTESIAN_POINT('',(1.49999999999743,0.,4.13055918751243));
#2314=CARTESIAN_POINT('',(1.49999999999743,-0.401923788645995,4.11180918751243));
#2315=CARTESIAN_POINT('',(1.29903810567443,-0.749999999998715,4.09305918751243));
#2316=CARTESIAN_POINT('',(1.09807621135143,-1.09807621135143,4.07430918751243));
#2317=CARTESIAN_POINT('',(0.749999999998715,-1.29903810567443,4.05555918751243));
#2318=CARTESIAN_POINT('',(0.401923788645996,-1.49999999999743,4.03680918751243));
#2319=CARTESIAN_POINT('',(9.18485099358941E-17,-1.49999999999743,4.01805918751243));
#2320=CARTESIAN_POINT('',(-0.401923788645995,-1.49999999999743,3.99930918751243));
#2321=CARTESIAN_POINT('',(-0.749999999998715,-1.29903810567443,3.98055918751243));
#2322=CARTESIAN_POINT('',(-1.09807621135143,-1.09807621135143,3.96180918751243));
#2323=CARTESIAN_POINT('',(-1.29903810567443,-0.749999999998716,3.94305918751243));
#2324=CARTESIAN_POINT('',(-1.49999999999743,-0.401923788645996,3.92430918751243));
#2325=CARTESIAN_POINT('',(-1.49999999999743,-1.83697019871788E-16,3.90555918751243));
#2326=CARTESIAN_POINT('',(-1.49999999999743,0.401923788645995,3.88680918751243));
#2327=CARTESIAN_POINT('',(-1.29903810567443,0.749999999998715,3.86805918751243));
#2328=CARTESIAN_POINT('',(-1.09807621135144,1.09807621135143,3.84930918751243));
#2329=CARTESIAN_POINT('',(-0.749999999998716,1.29903810567443,3.83055918751243));
#2330=CARTESIAN_POINT('',(-0.401923788645997,1.49999999999743,3.81180918751243));
#2331=CARTESIAN_POINT('',(-2.75545529807682E-16,1.49999999999743,3.79305918751243));
#2332=CARTESIAN_POINT('',(0.401923788645995,1.49999999999743,3.77430918751243));
#2333=CARTESIAN_POINT('',(0.749999999998714,1.29903810567443,3.75555918751243));
#2334=CARTESIAN_POINT('',(1.09807621135143,1.09807621135143,3.73680918751243));
#2335=CARTESIAN_POINT('',(1.29903810567443,0.749999999998716,3.71805918751243));
#2336=CARTESIAN_POINT('',(1.49999999999743,0.401923788645997,3.69930918751243));
#2337=CARTESIAN_POINT('',(1.49999999999743,0.,3.68055918751243));
#2338=CARTESIAN_POINT('',(1.49999999999743,-0.401923788645995,3.66180918751243));
#2339=CARTESIAN_POINT('',(1.29903810567443,-0.749999999998715,3.64305918751243));
#2340=CARTESIAN_POINT('',(1.09807621135143,-1.09807621135143,3.62430918751243));
#2341=CARTESIAN_POINT('',(0.749999999998715,-1.29903810567443,3.60555918751243));
#2342=CARTESIAN_POINT('',(0.401923788645996,-1.49999999999743,3.58680918751243));
#2343=CARTESIAN_POINT('',(9.18485099358941E-17,-1.49999999999743,3.56805918751243));
#2344=CARTESIAN_POINT('',(-0.401923788645995,-1.49999999999743,3.54930918751243));
#2345=CARTESIAN_POINT('',(-0.749999999998715,-1.29903810567443,3.53055918751243));
#2346=CARTESIAN_POINT('',(-1.09807621135143,-1.09807621135143,3.51180918751243));
#2347=CARTESIAN_POINT('',(-1.29903810567443,-0.749999999998716,3.49305918751243));
#2348=CARTESIAN_POINT('',(-1.49999999999743,-0.401923788645996,3.47430918751243));
#2349=CARTESIAN_POINT('',(-1.49999999999743,-1.83697019871788E-16,3.45555918751243));
#2350=CARTESIAN_POINT('',(-1.49999999999743,0.401923788645995,3.43680918751243));
#2351=CARTESIAN_POINT('',(-1.29903810567443,0.749999999998715,3.41805918751243));
#2352=CARTESIAN_POINT('',(-1.09807621135144,1.09807621135143,3.39930918751243));
#2353=CARTESIAN_POINT('',(-0.749999999998716,1.29903810567443,3.38055918751243));
#2354=CARTESIAN_POINT('',(-0.401923788645997,1.49999999999743,3.36180918751243));
#2355=CARTESIAN_POINT('',(-2.75545529807682E-16,1.49999999999743,3.34305918751243));
#2356=CARTESIAN_POINT('',(0.401923788645995,1.49999999999743,3.32430918751243));
#2357=CARTESIAN_POINT('',(0.749999999998714,1.29903810567443,3.30555918751243));
#2358=CARTESIAN_POINT('',(1.09807621135143,1.09807621135143,3.28680918751243));
#2359=CARTESIAN_POINT('',(1.29903810567443,0.749999999998716,3.26805918751243));
#2360=CARTESIAN_POINT('',(1.49999999999743,0.401923788645997,3.24930918751243));
#2361=CARTESIAN_POINT('',(1.49999999999743,0.,3.23055918751243));
#2362=CARTESIAN_POINT('',(1.49999999999743,-0.401923788645995,3.21180918751243));
#2363=CARTESIAN_POINT('',(1.29903810567443,-0.749999999998715,3.19305918751243));
#2364=CARTESIAN_POINT('',(1.09807621135143,-1.09807621135143,3.17430918751243));
#2365=CARTESIAN_POINT('',(0.749999999998715,-1.29903810567443,3.15555918751243));
#2366=CARTESIAN_POINT('',(0.401923788645996,-1.49999999999743,3.13680918751243));
#2367=CARTESIAN_POINT('',(9.18485099358941E-17,-1.49999999999743,3.11805918751243));
#2368=CARTESIAN_POINT('',(-0.401923788645995,-1.49999999999743,3.09930918751243));
#2369=CARTESIAN_POINT('',(-0.749999999998715,-1.29903810567443,3.08055918751243));
#2370=CARTESIAN_POINT('',(-1.09807621135143,-1.09807621135143,3.06180918751243));
#2371=CARTESIAN_POINT('',(-1.29903810567443,-0.749999999998716,3.04305918751243));
#2372=CARTESIAN_POINT('',(-1.49999999999743,-0.401923788645996,3.02430918751243));
#2373=CARTESIAN_POINT('',(-1.49999999999743,-1.83697019871788E-16,3.00555918751243));
#2374=CARTESIAN_POINT('',(-1.49999999999743,0.401923788645995,2.98680918751243));
#2375=CARTESIAN_POINT('',(-1.29903810567443,0.749999999998715,2.96805918751243));
#2376=CARTESIAN_POINT('',(-1.09807621135144,1.09807621135143,2.94930918751243));
#2377=CARTESIAN_POINT('',(-0.749999999998716,1.29903810567443,2.93055918751243));
#2378=CARTESIAN_POINT('',(-0.401923788645997,1.49999999999743,2.91180918751243));
#2379=CARTESIAN_POINT('',(-2.75545529807682E-16,1.49999999999743,2.89305918751243));
#2380=CARTESIAN_POINT('',(0.401923788645995,1.49999999999743,2.87430918751243));
#2381=CARTESIAN_POINT('',(0.749999999998714,1.29903810567443,2.85555918751243));
#2382=CARTESIAN_POINT('',(1.09807621135143,1.09807621135143,2.83680918751243));
#2383=CARTESIAN_POINT('',(1.29903810567443,0.749999999998716,2.81805918751243));
#2384=CARTESIAN_POINT('',(1.49999999999743,0.401923788645997,2.79930918751243));
#2385=CARTESIAN_POINT('',(1.49999999999743,0.,2.78055918751243));
#2386=CARTESIAN_POINT('',(1.49999999999743,-0.401923788645995,2.76180918751243));
#2387=CARTESIAN_POINT('',(1.29903810567443,-0.749999999998715,2.74305918751243));
#2388=CARTESIAN_POINT('',(1.09807621135143,-1.09807621135143,2.72430918751243));
#2389=CARTESIAN_POINT('',(0.749999999998715,-1.29903810567443,2.70555918751243));
#2390=CARTESIAN_POINT('',(0.401923788645996,-1.49999999999743,2.68680918751243));
#2391=CARTESIAN_POINT('',(9.18485099358941E-17,-1.49999999999743,2.66805918751243));
#2392=CARTESIAN_POINT('',(-0.401923788645995,-1.49999999999743,2.64930918751243));
#2393=CARTESIAN_POINT('',(-0.749999999998715,-1.29903810567443,2.63055918751243));
#2394=CARTESIAN_POINT('',(-1.09807621135143,-1.09807621135143,2.61180918751243));
#2395=CARTESIAN_POINT('',(-1.29903810567443,-0.749999999998716,2.59305918751243));
#2396=CARTESIAN_POINT('',(-1.49999999999743,-0.401923788645996,2.57430918751243));
#2397=CARTESIAN_POINT('',(-1.49999999999743,-1.83697019871788E-16,2.55555918751243));
#2398=CARTESIAN_POINT('',(-1.49999999999743,0.401923788645995,2.53680918751243));
#2399=CARTESIAN_POINT('',(-1.29903810567443,0.749999999998715,2.51805918751243));
#2400=CARTESIAN_POINT('',(-1.09807621135144,1.09807621135143,2.49930918751243));
#2401=CARTESIAN_POINT('',(-0.749999999998716,1.29903810567443,2.48055918751243));
#2402=CARTESIAN_POINT('',(-0.401923788645997,1.49999999999743,2.46180918751243));
#2403=CARTESIAN_POINT('',(-2.75545529807682E-16,1.49999999999743,2.44305918751243));
#2404=CARTESIAN_POINT('',(0.401923788645995,1.49999999999743,2.42430918751243));
#2405=CARTESIAN_POINT('',(0.749999999998714,1.29903810567443,2.40555918751243));
#2406=CARTESIAN_POINT('',(1.09807621135143,1.09807621135143,2.38680918751243));
#2407=CARTESIAN_POINT('',(1.29903810567443,0.749999999998716,2.36805918751243));
#2408=CARTESIAN_POINT('',(1.49999999999743,0.401923788645997,2.34930918751243));
#2409=CARTESIAN_POINT('',(1.49999999999743,0.,2.33055918751243));
#2410=CARTESIAN_POINT('',(1.49999999999743,-0.401923788645995,2.31180918751243));
#2411=CARTESIAN_POINT('',(1.29903810567443,-0.749999999998715,2.29305918751243));
#2412=CARTESIAN_POINT('',(1.09807621135143,-1.09807621135143,2.27430918751243));
#2413=CARTESIAN_POINT('',(0.749999999998715,-1.29903810567443,2.25555918751243));
#2414=CARTESIAN_POINT('',(0.401923788645996,-1.49999999999743,2.23680918751243));
#2415=CARTESIAN_POINT('',(9.18485099358941E-17,-1.49999999999743,2.21805918751243));
#2416=CARTESIAN_POINT('',(-0.401923788645995,-1.49999999999743,2.19930918751243));
#2417=CARTESIAN_POINT('',(-0.749999999998715,-1.29903810567443,2.18055918751243));
#2418=CARTESIAN_POINT('',(-1.09807621135143,-1.09807621135143,2.16180918751243));
#2419=CARTESIAN_POINT('',(-1.29903810567443,-0.749999999998716,2.14305918751243));
#2420=CARTESIAN_POINT('',(-1.49999999999743,-0.401923788645996,2.12430918751243));
#2421=CARTESIAN_POINT('',(-1.49999999999743,-1.83697019871788E-16,2.10555918751243));
#2422=CARTESIAN_POINT('',(-1.49999999999743,0.401923788645995,2.08680918751243));
#2423=CARTESIAN_POINT('',(-1.29903810567443,0.749999999998715,2.06805918751243));
#2424=CARTESIAN_POINT('',(-1.09807621135144,1.09807621135143,2.04930918751243));
#2425=CARTESIAN_POINT('',(-0.749999999998716,1.29903810567443,2.03055918751243));
#2426=CARTESIAN_POINT('',(-0.401923788645997,1.49999999999743,2.01180918751243));
#2427=CARTESIAN_POINT('',(-2.75545529807682E-16,1.49999999999743,1.99305918751243));
#2428=CARTESIAN_POINT('',(0.401923788645995,1.49999999999743,1.97430918751243));
#2429=CARTESIAN_POINT('',(0.749999999998714,1.29903810567443,1.95555918751243));
#2430=CARTESIAN_POINT('',(1.09807621135143,1.09807621135143,1.93680918751243));
#2431=CARTESIAN_POINT('',(1.29903810567443,0.749999999998716,1.91805918751243));
#2432=CARTESIAN_POINT('',(1.49999999999743,0.401923788645997,1.89930918751243));
#2433=CARTESIAN_POINT('',(1.49999999999743,0.,1.88055918751243));
#2434=CARTESIAN_POINT('',(1.49999999999743,-0.401923788645995,1.86180918751243));
#2435=CARTESIAN_POINT('',(1.29903810567443,-0.749999999998715,1.84305918751243));
#2436=CARTESIAN_POINT('',(1.09807621135143,-1.09807621135143,1.82430918751243));
#2437=CARTESIAN_POINT('',(0.749999999998715,-1.29903810567443,1.80555918751243));
#2438=CARTESIAN_POINT('',(0.401923788645996,-1.49999999999743,1.78680918751243));
#2439=CARTESIAN_POINT('',(9.18485099358941E-17,-1.49999999999743,1.76805918751243));
#2440=CARTESIAN_POINT('',(-0.401923788645995,-1.49999999999743,1.74930918751243));
#2441=CARTESIAN_POINT('',(-0.749999999998715,-1.29903810567443,1.73055918751243));
#2442=CARTESIAN_POINT('',(-1.09807621135143,-1.09807621135143,1.71180918751243));
#2443=CARTESIAN_POINT('',(-1.29903810567443,-0.749999999998716,1.69305918751243));
#2444=CARTESIAN_POINT('',(-1.49999999999743,-0.401923788645996,1.67430918751243));
#2445=CARTESIAN_POINT('',(-1.49999999999743,-1.83697019871788E-16,1.65555918751243));
#2446=CARTESIAN_POINT('',(-1.49999999999743,0.401923788645995,1.63680918751243));
#2447=CARTESIAN_POINT('',(-1.29903810567443,0.749999999998715,1.61805918751243));
#2448=CARTESIAN_POINT('',(-1.09807621135144,1.09807621135143,1.59930918751243));
#2449=CARTESIAN_POINT('',(-0.749999999998716,1.29903810567443,1.58055918751243));
#2450=CARTESIAN_POINT('',(-0.401923788645997,1.49999999999743,1.56180918751243));
#2451=CARTESIAN_POINT('',(-2.75545529807682E-16,1.49999999999743,1.54305918751243));
#2452=CARTESIAN_POINT('',(0.401923788645995,1.49999999999743,1.52430918751243));
#2453=CARTESIAN_POINT('',(0.749999999998714,1.29903810567443,1.50555918751243));
#2454=CARTESIAN_POINT('',(1.09807621135143,1.09807621135143,1.48680918751243));
#2455=CARTESIAN_POINT('',(1.29903810567443,0.749999999998716,1.46805918751243));
#2456=CARTESIAN_POINT('',(1.49999999999743,0.401923788645997,1.44930918751243));
#2457=CARTESIAN_POINT('',(1.49999999999743,0.,1.43055918751243));
#2458=CARTESIAN_POINT('',(1.49999999999743,-0.401923788645995,1.41180918751243));
#2459=CARTESIAN_POINT('',(1.29903810567443,-0.749999999998715,1.39305918751243));
#2460=CARTESIAN_POINT('',(1.09807621135143,-1.09807621135143,1.37430918751243));
#2461=CARTESIAN_POINT('',(0.749999999998715,-1.29903810567443,1.35555918751243));
#2462=CARTESIAN_POINT('',(0.401923788645996,-1.49999999999743,1.33680918751243));
#2463=CARTESIAN_POINT('',(9.18485099358941E-17,-1.49999999999743,1.31805918751243));
#2464=CARTESIAN_POINT('',(-0.401923788645995,-1.49999999999743,1.29930918751243));
#2465=CARTESIAN_POINT('',(-0.749999999998715,-1.29903810567443,1.28055918751243));
#2466=CARTESIAN_POINT('',(-1.09807621135143,-1.09807621135143,1.26180918751243));
#2467=CARTESIAN_POINT('',(-1.29903810567443,-0.749999999998716,1.24305918751243));
#2468=CARTESIAN_POINT('',(-1.49999999999743,-0.401923788645996,1.22430918751243));
#2469=CARTESIAN_POINT('',(-1.49999999999743,-1.83697019871788E-16,1.20555918751243));
#2470=CARTESIAN_POINT('',(-1.49999999999743,0.401923788645995,1.18680918751243));
#2471=CARTESIAN_POINT('',(-1.29903810567443,0.749999999998715,1.16805918751243));
#2472=CARTESIAN_POINT('',(-1.09807621135144,1.09807621135143,1.14930918751243));
#2473=CARTESIAN_POINT('',(-0.749999999998716,1.29903810567443,1.13055918751243));
#2474=CARTESIAN_POINT('',(-0.401923788645997,1.49999999999743,1.11180918751243));
#2475=CARTESIAN_POINT('',(-2.75545529807682E-16,1.49999999999743,1.09305918751243));
#2476=CARTESIAN_POINT('',(0.401923788645995,1.49999999999743,1.07430918751243));
#2477=CARTESIAN_POINT('',(0.749999999998714,1.29903810567443,1.05555918751243));
#2478=CARTESIAN_POINT('',(1.09807621135143,1.09807621135143,1.03680918751243));
#2479=CARTESIAN_POINT('',(1.29903810567443,0.749999999998716,1.01805918751243));
#2480=CARTESIAN_POINT('',(1.49999999999743,0.401923788645997,0.999309187512429));
#2481=CARTESIAN_POINT('',(1.49999999999743,0.,0.980559187512429));
#2482=CARTESIAN_POINT('',(1.49999999999743,-0.401923788645995,0.961809187512429));
#2483=CARTESIAN_POINT('',(1.29903810567443,-0.749999999998715,0.943059187512429));
#2484=CARTESIAN_POINT('',(1.09807621135143,-1.09807621135143,0.924309187512429));
#2485=CARTESIAN_POINT('',(0.749999999998715,-1.29903810567443,0.905559187512429));
#2486=CARTESIAN_POINT('',(0.401923788645996,-1.49999999999743,0.886809187512429));
#2487=CARTESIAN_POINT('',(9.18485099358941E-17,-1.49999999999743,0.868059187512429));
#2488=CARTESIAN_POINT('',(-0.401923788645995,-1.49999999999743,0.849309187512429));
#2489=CARTESIAN_POINT('',(-0.749999999998715,-1.29903810567443,0.830559187512429));
#2490=CARTESIAN_POINT('',(-1.09807621135143,-1.09807621135143,0.811809187512429));
#2491=CARTESIAN_POINT('',(-1.29903810567443,-0.749999999998716,0.793059187512429));
#2492=CARTESIAN_POINT('',(-1.49999999999743,-0.401923788645996,0.774309187512429));
#2493=CARTESIAN_POINT('',(-1.49999999999743,-1.83697019871788E-16,0.755559187512429));
#2494=CARTESIAN_POINT('',(-1.49999999999743,0.401923788645995,0.736809187512429));
#2495=CARTESIAN_POINT('',(-1.29903810567443,0.749999999998715,0.718059187512429));
#2496=CARTESIAN_POINT('',(-1.09807621135144,1.09807621135143,0.699309187512429));
#2497=CARTESIAN_POINT('',(-0.749999999998716,1.29903810567443,0.680559187512429));
#2498=CARTESIAN_POINT('',(-0.401923788645997,1.49999999999743,0.661809187512429));
#2499=CARTESIAN_POINT('',(-2.75545529807682E-16,1.49999999999743,0.643059187512429));
#2500=CARTESIAN_POINT('',(0.401923788645995,1.49999999999743,0.624309187512429));
#2501=CARTESIAN_POINT('',(0.749999999998714,1.29903810567443,0.605559187512429));
#2502=CARTESIAN_POINT('',(1.09807621135143,1.09807621135143,0.586809187512429));
#2503=CARTESIAN_POINT('',(1.29903810567443,0.749999999998716,0.568059187512429));
#2504=CARTESIAN_POINT('',(1.49999999999743,0.401923788645997,0.549309187512429));
#2505=CARTESIAN_POINT('',(1.49999999999743,0.,0.530559187512429));
#2506=CARTESIAN_POINT('',(1.49999999999743,-0.401923788645995,0.51180918751243));
#2507=CARTESIAN_POINT('',(1.29903810567443,-0.749999999998715,0.493059187512429));
#2508=CARTESIAN_POINT('',(1.09807621135143,-1.09807621135143,0.474309187512429));
#2509=CARTESIAN_POINT('',(0.749999999998715,-1.29903810567443,0.455559187512429));
#2510=CARTESIAN_POINT('',(0.401923788645996,-1.49999999999743,0.436809187512429));
#2511=CARTESIAN_POINT('',(9.18485099358941E-17,-1.49999999999743,0.418059187512429));
#2512=CARTESIAN_POINT('',(-0.401923788645995,-1.49999999999743,0.399309187512429));
#2513=CARTESIAN_POINT('',(-0.749999999998715,-1.29903810567443,0.380559187512429));
#2514=CARTESIAN_POINT('',(-1.09807621135143,-1.09807621135143,0.361809187512429));
#2515=CARTESIAN_POINT('',(-1.29903810567443,-0.749999999998716,0.343059187512429));
#2516=CARTESIAN_POINT('',(-1.49999999999743,-0.401923788645996,0.324309187512429));
#2517=CARTESIAN_POINT('',(-1.49999999999743,-1.83697019871788E-16,0.305559187512429));
#2518=CARTESIAN_POINT('',(-1.49999999999743,0.401923788645995,0.286809187512429));
#2519=CARTESIAN_POINT('',(-1.29903810567443,0.749999999998715,0.268059187512429));
#2520=CARTESIAN_POINT('',(-1.09807621135144,1.09807621135143,0.249309187512429));
#2521=CARTESIAN_POINT('',(-0.749999999998716,1.29903810567443,0.230559187512429));
#2522=CARTESIAN_POINT('',(-0.401923788645997,1.49999999999743,0.211809187512429));
#2523=CARTESIAN_POINT('',(-2.75545529807682E-16,1.49999999999743,0.193059187512429));
#2524=CARTESIAN_POINT('',(0.401923788645995,1.49999999999743,0.174309187512429));
#2525=CARTESIAN_POINT('',(0.749999999998714,1.29903810567443,0.155559187512429));
#2526=CARTESIAN_POINT('',(1.09807621135143,1.09807621135143,0.136809187512429));
#2527=CARTESIAN_POINT('',(1.29903810567443,0.749999999998716,0.118059187512429));
#2528=CARTESIAN_POINT('',(1.49999999999743,0.401923788645997,0.0993091875124289));
#2529=CARTESIAN_POINT('',(1.49999999999743,0.,0.0805591875124292));
#2530=CARTESIAN_POINT('',(1.49999999999743,-0.401923788645995,0.0618091875124287));
#2531=CARTESIAN_POINT('',(1.29903810567443,-0.749999999998715,0.043059187512429));
#2532=CARTESIAN_POINT('',(1.09807621135143,-1.09807621135143,0.0243091875124294));
#2533=CARTESIAN_POINT('',(0.749999999998715,-1.29903810567443,0.00555918751242883));
#2534=CARTESIAN_POINT('',(0.401923788645996,-1.49999999999743,-0.0131908124875708));
#2535=CARTESIAN_POINT('',(9.18485099358941E-17,-1.49999999999743,-0.0319408124875714));
#2536=CARTESIAN_POINT('',(-0.401923788645995,-1.49999999999743,-0.050690812487571));
#2537=CARTESIAN_POINT('',(-0.749999999998715,-1.29903810567443,-0.0694408124875707));
#2538=CARTESIAN_POINT('',(-1.09807621135143,-1.09807621135143,-0.0881908124875713));
#2539=CARTESIAN_POINT('',(-1.29903810567443,-0.749999999998716,-0.106940812487571));
#2540=CARTESIAN_POINT('',(-1.49999999999743,-0.401923788645996,-0.125690812487571));
#2541=CARTESIAN_POINT('',(-1.49999999999743,-1.83697019871788E-16,-0.144440812487571));
#2542=CARTESIAN_POINT('',(-1.49999999999743,0.0271120993500612,-0.145705609141002));
#2543=CARTESIAN_POINT('',(-1.4990202321754,0.0542064896584354,-0.146981826754166));
#2544=CARTESIAN_POINT('',(1.68320056490042,0.,5.61208910442545));
#2545=CARTESIAN_POINT('',(1.68320056490042,-0.451012232064678,5.59333910442545));
#2546=CARTESIAN_POINT('',(1.45769444886809,-0.841600282450212,5.57458910442545));
#2547=CARTESIAN_POINT('',(1.23218833283575,-1.23218833283575,5.55583910442545));
#2548=CARTESIAN_POINT('',(0.841600282450212,-1.45769444886808,5.53708910442545));
#2549=CARTESIAN_POINT('',(0.451012232064679,-1.68320056490042,5.51833910442545));
#2550=CARTESIAN_POINT('',(1.03066309206416E-16,-1.68320056490042,5.49958910442545));
#2551=CARTESIAN_POINT('',(-0.451012232064678,-1.68320056490042,5.48083910442545));
#2552=CARTESIAN_POINT('',(-0.841600282450212,-1.45769444886809,5.46208910442545));
#2553=CARTESIAN_POINT('',(-1.23218833283575,-1.23218833283575,5.44333910442545));
#2554=CARTESIAN_POINT('',(-1.45769444886808,-0.841600282450213,5.42458910442545));
#2555=CARTESIAN_POINT('',(-1.68320056490042,-0.451012232064679,5.40583910442545));
#2556=CARTESIAN_POINT('',(-1.68320056490042,-2.06132618412832E-16,5.38708910442545));
#2557=CARTESIAN_POINT('',(-1.68320056490042,0.451012232064677,5.36833910442545));
#2558=CARTESIAN_POINT('',(-1.45769444886809,0.841600282450212,5.34958910442545));
#2559=CARTESIAN_POINT('',(-1.23218833283575,1.23218833283575,5.33083910442545));
#2560=CARTESIAN_POINT('',(-0.841600282450213,1.45769444886808,5.31208910442545));
#2561=CARTESIAN_POINT('',(-0.451012232064679,1.68320056490042,5.29333910442545));
#2562=CARTESIAN_POINT('',(-3.09198927619248E-16,1.68320056490042,5.27458910442545));
#2563=CARTESIAN_POINT('',(0.451012232064677,1.68320056490042,5.25583910442545));
#2564=CARTESIAN_POINT('',(0.841600282450211,1.45769444886809,5.23708910442545));
#2565=CARTESIAN_POINT('',(1.23218833283575,1.23218833283575,5.21833910442545));
#2566=CARTESIAN_POINT('',(1.45769444886808,0.841600282450213,5.19958910442545));
#2567=CARTESIAN_POINT('',(1.68320056490042,0.45101223206468,5.18083910442545));
#2568=CARTESIAN_POINT('',(1.68320056490042,4.12265236825664E-16,5.16208910442545));
#2569=CARTESIAN_POINT('',(1.68320056490042,-0.451012232064677,5.14333910442545));
#2570=CARTESIAN_POINT('',(1.45769444886809,-0.841600282450211,5.12458910442545));
#2571=CARTESIAN_POINT('',(1.23218833283575,-1.23218833283574,5.10583910442545));
#2572=CARTESIAN_POINT('',(0.841600282450213,-1.45769444886808,5.08708910442545));
#2573=CARTESIAN_POINT('',(0.45101223206468,-1.68320056490042,5.06833910442545));
#2574=CARTESIAN_POINT('',(2.0103139638037E-15,-1.68320056490042,5.04958910442545));
#2575=CARTESIAN_POINT('',(-0.451012232064677,-1.68320056490042,5.03083910442545));
#2576=CARTESIAN_POINT('',(-0.841600282450211,-1.45769444886809,5.01208910442545));
#2577=CARTESIAN_POINT('',(-1.23218833283574,-1.23218833283575,4.99333910442545));
#2578=CARTESIAN_POINT('',(-1.45769444886808,-0.841600282450214,4.97458910442545));
#2579=CARTESIAN_POINT('',(-1.68320056490042,-0.451012232064681,4.95583910442545));
#2580=CARTESIAN_POINT('',(-1.68320056490042,-6.18397855238496E-16,4.93708910442545));
#2581=CARTESIAN_POINT('',(-1.68320056490042,0.451012232064677,4.91833910442545));
#2582=CARTESIAN_POINT('',(-1.45769444886809,0.841600282450211,4.89958910442545));
#2583=CARTESIAN_POINT('',(-1.23218833283575,1.23218833283574,4.88083910442545));
#2584=CARTESIAN_POINT('',(-0.841600282450214,1.45769444886808,4.86208910442545));
#2585=CARTESIAN_POINT('',(-0.451012232064681,1.68320056490042,4.84333910442545));
#2586=CARTESIAN_POINT('',(-7.21464164444912E-16,1.68320056490042,4.82458910442545));
#2587=CARTESIAN_POINT('',(0.451012232064677,1.68320056490042,4.80583910442545));
#2588=CARTESIAN_POINT('',(0.841600282450211,1.45769444886809,4.78708910442545));
#2589=CARTESIAN_POINT('',(1.23218833283574,1.23218833283575,4.76833910442545));
#2590=CARTESIAN_POINT('',(1.45769444886808,0.841600282450214,4.74958910442545));
#2591=CARTESIAN_POINT('',(1.68320056490042,0.451012232064682,4.73083910442545));
#2592=CARTESIAN_POINT('',(1.68320056490042,8.24530473651328E-16,4.71208910442545));
#2593=CARTESIAN_POINT('',(1.68320056490042,-0.451012232064677,4.69333910442545));
#2594=CARTESIAN_POINT('',(1.45769444886809,-0.84160028245021,4.67458910442545));
#2595=CARTESIAN_POINT('',(1.23218833283575,-1.23218833283574,4.65583910442545));
#2596=CARTESIAN_POINT('',(0.841600282450214,-1.45769444886808,4.63708910442545));
#2597=CARTESIAN_POINT('',(0.451012232064682,-1.68320056490042,4.61833910442545));
#2598=CARTESIAN_POINT('',(3.91756161840098E-15,-1.68320056490042,4.59958910442545));
#2599=CARTESIAN_POINT('',(-0.451012232064677,-1.68320056490042,4.58083910442545));
#2600=CARTESIAN_POINT('',(-0.84160028245021,-1.45769444886809,4.56208910442545));
#2601=CARTESIAN_POINT('',(-1.23218833283574,-1.23218833283575,4.54333910442545));
#2602=CARTESIAN_POINT('',(-1.45769444886808,-0.841600282450215,4.52458910442545));
#2603=CARTESIAN_POINT('',(-1.68320056490042,-0.451012232064682,4.50583910442545));
#2604=CARTESIAN_POINT('',(-1.68320056490042,-4.02062792760739E-15,4.48708910442545));
#2605=CARTESIAN_POINT('',(-1.68320056490042,0.451012232064677,4.46833910442545));
#2606=CARTESIAN_POINT('',(-1.45769444886809,0.84160028245021,4.44958910442545));
#2607=CARTESIAN_POINT('',(-1.23218833283575,1.23218833283574,4.43083910442545));
#2608=CARTESIAN_POINT('',(-0.841600282450215,1.45769444886808,4.41208910442545));
#2609=CARTESIAN_POINT('',(-0.451012232064679,1.68320056490042,4.39333910442545));
#2610=CARTESIAN_POINT('',(-4.12369423681381E-15,1.68320056490042,4.37458910442545));
#2611=CARTESIAN_POINT('',(0.451012232064676,1.68320056490042,4.35583910442545));
#2612=CARTESIAN_POINT('',(0.841600282450208,1.45769444886809,4.33708910442545));
#2613=CARTESIAN_POINT('',(1.23218833283574,1.23218833283575,4.31833910442545));
#2614=CARTESIAN_POINT('',(1.45769444886808,0.841600282450217,4.29958910442545));
#2615=CARTESIAN_POINT('',(1.68320056490042,0.451012232064682,4.28083910442545));
#2616=CARTESIAN_POINT('',(1.68320056490042,1.23679571047699E-15,4.26208910442545));
#2617=CARTESIAN_POINT('',(1.68320056490043,-0.451012232064673,4.24333910442545));
#2618=CARTESIAN_POINT('',(1.45769444886809,-0.84160028245021,4.22458910442545));
#2619=CARTESIAN_POINT('',(1.23218833283575,-1.23218833283574,4.20583910442545));
#2620=CARTESIAN_POINT('',(0.841600282450215,-1.45769444886808,4.18708910442545));
#2621=CARTESIAN_POINT('',(0.451012232064679,-1.68320056490042,4.16833910442545));
#2622=CARTESIAN_POINT('',(4.32982685522664E-15,-1.68320056490042,4.14958910442545));
#2623=CARTESIAN_POINT('',(-0.451012232064676,-1.68320056490042,4.13083910442545));
#2624=CARTESIAN_POINT('',(-0.841600282450207,-1.45769444886809,4.11208910442545));
#2625=CARTESIAN_POINT('',(-1.23218833283574,-1.23218833283575,4.09333910442545));
#2626=CARTESIAN_POINT('',(-1.45769444886808,-0.841600282450218,4.07458910442545));
#2627=CARTESIAN_POINT('',(-1.68320056490042,-0.451012232064682,4.05583910442545));
#2628=CARTESIAN_POINT('',(-1.68320056490042,-1.44292832888982E-15,4.03708910442545));
#2629=CARTESIAN_POINT('',(-1.68320056490043,0.451012232064673,4.01833910442545));
#2630=CARTESIAN_POINT('',(-1.45769444886809,0.84160028245021,3.99958910442545));
#2631=CARTESIAN_POINT('',(-1.23218833283575,1.23218833283574,3.98083910442545));
#2632=CARTESIAN_POINT('',(-0.841600282450215,1.45769444886808,3.96208910442545));
#2633=CARTESIAN_POINT('',(-0.451012232064685,1.68320056490042,3.94333910442545));
#2634=CARTESIAN_POINT('',(-4.53595947363947E-15,1.68320056490042,3.92458910442545));
#2635=CARTESIAN_POINT('',(0.451012232064676,1.68320056490042,3.90583910442545));
#2636=CARTESIAN_POINT('',(0.841600282450207,1.45769444886809,3.88708910442545));
#2637=CARTESIAN_POINT('',(1.23218833283574,1.23218833283575,3.86833910442545));
#2638=CARTESIAN_POINT('',(1.45769444886808,0.841600282450218,3.84958910442545));
#2639=CARTESIAN_POINT('',(1.68320056490042,0.451012232064682,3.83083910442545));
#2640=CARTESIAN_POINT('',(1.68320056490042,1.64906094730266E-15,3.81208910442545));
#2641=CARTESIAN_POINT('',(1.68320056490043,-0.451012232064673,3.79333910442545));
#2642=CARTESIAN_POINT('',(1.45769444886809,-0.84160028245021,3.77458910442545));
#2643=CARTESIAN_POINT('',(1.23218833283575,-1.23218833283574,3.75583910442545));
#2644=CARTESIAN_POINT('',(0.841600282450215,-1.45769444886808,3.73708910442545));
#2645=CARTESIAN_POINT('',(0.451012232064685,-1.68320056490042,3.71833910442545));
#2646=CARTESIAN_POINT('',(4.74209209205231E-15,-1.68320056490042,3.69958910442545));
#2647=CARTESIAN_POINT('',(-0.451012232064676,-1.68320056490042,3.68083910442545));
#2648=CARTESIAN_POINT('',(-0.841600282450207,-1.45769444886809,3.66208910442545));
#2649=CARTESIAN_POINT('',(-1.23218833283574,-1.23218833283575,3.64333910442545));
#2650=CARTESIAN_POINT('',(-1.45769444886808,-0.841600282450218,3.62458910442545));
#2651=CARTESIAN_POINT('',(-1.68320056490042,-0.451012232064682,3.60583910442545));
#2652=CARTESIAN_POINT('',(-1.68320056490042,-7.83512323680196E-15,3.58708910442545));
#2653=CARTESIAN_POINT('',(-1.68320056490043,0.451012232064673,3.56833910442545));
#2654=CARTESIAN_POINT('',(-1.45769444886809,0.84160028245021,3.54958910442545));
#2655=CARTESIAN_POINT('',(-1.23218833283575,1.23218833283574,3.53083910442545));
#2656=CARTESIAN_POINT('',(-0.841600282450215,1.45769444886808,3.51208910442545));
#2657=CARTESIAN_POINT('',(-0.451012232064686,1.68320056490042,3.49333910442545));
#2658=CARTESIAN_POINT('',(-4.94822471046514E-15,1.68320056490042,3.47458910442545));
#2659=CARTESIAN_POINT('',(0.45101223206467,1.68320056490043,3.45583910442545));
#2660=CARTESIAN_POINT('',(0.841600282450207,1.45769444886809,3.43708910442545));
#2661=CARTESIAN_POINT('',(1.23218833283574,1.23218833283575,3.41833910442545));
#2662=CARTESIAN_POINT('',(1.45769444886808,0.841600282450218,3.39958910442545));
#2663=CARTESIAN_POINT('',(1.68320056490042,0.451012232064683,3.38083910442545));
#2664=CARTESIAN_POINT('',(1.68320056490042,8.04125585521479E-15,3.36208910442545));
#2665=CARTESIAN_POINT('',(1.68320056490043,-0.451012232064673,3.34333910442545));
#2666=CARTESIAN_POINT('',(1.45769444886809,-0.841600282450209,3.32458910442545));
#2667=CARTESIAN_POINT('',(1.23218833283575,-1.23218833283574,3.30583910442545));
#2668=CARTESIAN_POINT('',(0.841600282450216,-1.45769444886808,3.28708910442545));
#2669=CARTESIAN_POINT('',(0.45101223206468,-1.68320056490042,3.26833910442545));
#2670=CARTESIAN_POINT('',(1.11342869999644E-14,-1.68320056490042,3.24958910442545));
#2671=CARTESIAN_POINT('',(-0.45101223206467,-1.68320056490043,3.23083910442545));
#2672=CARTESIAN_POINT('',(-0.841600282450207,-1.45769444886809,3.21208910442545));
#2673=CARTESIAN_POINT('',(-1.23218833283574,-1.23218833283575,3.19333910442545));
#2674=CARTESIAN_POINT('',(-1.45769444886808,-0.841600282450213,3.17458910442545));
#2675=CARTESIAN_POINT('',(-1.68320056490042,-0.451012232064689,3.15583910442545));
#2676=CARTESIAN_POINT('',(-1.68320056490042,-8.24738847362762E-15,3.13708910442545));
#2677=CARTESIAN_POINT('',(-1.68320056490043,0.451012232064673,3.11833910442545));
#2678=CARTESIAN_POINT('',(-1.45769444886809,0.841600282450209,3.09958910442545));
#2679=CARTESIAN_POINT('',(-1.23218833283575,1.23218833283575,3.08083910442545));
#2680=CARTESIAN_POINT('',(-0.841600282450221,1.45769444886808,3.06208910442545));
#2681=CARTESIAN_POINT('',(-0.451012232064686,1.68320056490042,3.04333910442545));
#2682=CARTESIAN_POINT('',(-5.3604899472908E-15,1.68320056490042,3.02458910442545));
#2683=CARTESIAN_POINT('',(0.451012232064675,1.68320056490042,3.00583910442545));
#2684=CARTESIAN_POINT('',(0.841600282450201,1.45769444886809,2.98708910442545));
#2685=CARTESIAN_POINT('',(1.23218833283574,1.23218833283575,2.96833910442545));
#2686=CARTESIAN_POINT('',(1.45769444886808,0.841600282450218,2.94958910442545));
#2687=CARTESIAN_POINT('',(1.68320056490042,0.451012232064683,2.93083910442545));
#2688=CARTESIAN_POINT('',(1.68320056490042,2.47359142095399E-15,2.91208910442545));
#2689=CARTESIAN_POINT('',(1.68320056490043,-0.451012232064666,2.89333910442545));
#2690=CARTESIAN_POINT('',(1.45769444886809,-0.841600282450204,2.87458910442545));
#2691=CARTESIAN_POINT('',(1.23218833283575,-1.23218833283574,2.85583910442545));
#2692=CARTESIAN_POINT('',(0.841600282450216,-1.45769444886808,2.83708910442545));
#2693=CARTESIAN_POINT('',(0.45101223206468,-1.68320056490042,2.81833910442545));
#2694=CARTESIAN_POINT('',(1.15465522367901E-14,-1.68320056490042,2.79958910442545));
#2695=CARTESIAN_POINT('',(-0.451012232064669,-1.68320056490043,2.78083910442545));
#2696=CARTESIAN_POINT('',(-0.841600282450206,-1.45769444886809,2.76208910442545));
#2697=CARTESIAN_POINT('',(-1.23218833283574,-1.23218833283575,2.74333910442545));
#2698=CARTESIAN_POINT('',(-1.45769444886808,-0.841600282450214,2.72458910442545));
#2699=CARTESIAN_POINT('',(-1.68320056490042,-0.451012232064689,2.70583910442545));
#2700=CARTESIAN_POINT('',(-1.68320056490042,-8.65965371045328E-15,2.68708910442545));
#2701=CARTESIAN_POINT('',(-1.68320056490043,0.451012232064672,2.66833910442545));
#2702=CARTESIAN_POINT('',(-1.45769444886809,0.841600282450209,2.64958910442545));
#2703=CARTESIAN_POINT('',(-1.23218833283576,1.23218833283574,2.63083910442545));
#2704=CARTESIAN_POINT('',(-0.841600282450221,1.45769444886808,2.61208910442545));
#2705=CARTESIAN_POINT('',(-0.451012232064686,1.68320056490042,2.59333910442545));
#2706=CARTESIAN_POINT('',(-5.77275518411647E-15,1.68320056490042,2.57458910442545));
#2707=CARTESIAN_POINT('',(0.451012232064675,1.68320056490042,2.55583910442545));
#2708=CARTESIAN_POINT('',(0.841600282450201,1.45769444886809,2.53708910442545));
#2709=CARTESIAN_POINT('',(1.23218833283574,1.23218833283575,2.51833910442545));
#2710=CARTESIAN_POINT('',(1.45769444886808,0.841600282450219,2.49958910442545));
#2711=CARTESIAN_POINT('',(1.68320056490042,0.451012232064684,2.48083910442545));
#2712=CARTESIAN_POINT('',(1.68320056490042,2.88585665777965E-15,2.46208910442545));
#2713=CARTESIAN_POINT('',(1.68320056490043,-0.451012232064666,2.44333910442545));
#2714=CARTESIAN_POINT('',(1.45769444886809,-0.841600282450203,2.42458910442545));
#2715=CARTESIAN_POINT('',(1.23218833283575,-1.23218833283574,2.40583910442545));
#2716=CARTESIAN_POINT('',(0.841600282450216,-1.45769444886808,2.38708910442545));
#2717=CARTESIAN_POINT('',(0.451012232064681,-1.68320056490042,2.36833910442545));
#2718=CARTESIAN_POINT('',(1.19588174736158E-14,-1.68320056490042,2.34958910442545));
#2719=CARTESIAN_POINT('',(-0.451012232064669,-1.68320056490043,2.33083910442545));
#2720=CARTESIAN_POINT('',(-0.841600282450206,-1.45769444886809,2.31208910442545));
#2721=CARTESIAN_POINT('',(-1.23218833283574,-1.23218833283575,2.29333910442545));
#2722=CARTESIAN_POINT('',(-1.45769444886808,-0.841600282450224,2.27458910442545));
#2723=CARTESIAN_POINT('',(-1.68320056490042,-0.45101223206469,2.25583910442545));
#2724=CARTESIAN_POINT('',(-1.68320056490042,-9.07191894727895E-15,2.23708910442545));
#2725=CARTESIAN_POINT('',(-1.68320056490043,0.451012232064672,2.21833910442545));
#2726=CARTESIAN_POINT('',(-1.45769444886809,0.841600282450208,2.19958910442545));
#2727=CARTESIAN_POINT('',(-1.23218833283576,1.23218833283574,2.18083910442545));
#2728=CARTESIAN_POINT('',(-0.841600282450222,1.45769444886808,2.16208910442545));
#2729=CARTESIAN_POINT('',(-0.451012232064687,1.68320056490042,2.14333910442545));
#2730=CARTESIAN_POINT('',(-6.18502042094213E-15,1.68320056490042,2.12458910442545));
#2731=CARTESIAN_POINT('',(0.451012232064674,1.68320056490043,2.10583910442545));
#2732=CARTESIAN_POINT('',(0.841600282450201,1.45769444886809,2.08708910442545));
#2733=CARTESIAN_POINT('',(1.23218833283574,1.23218833283575,2.06833910442545));
#2734=CARTESIAN_POINT('',(1.45769444886808,0.841600282450219,2.04958910442545));
#2735=CARTESIAN_POINT('',(1.68320056490042,0.451012232064684,2.03083910442545));
#2736=CARTESIAN_POINT('',(1.68320056490042,3.29812189460531E-15,2.01208910442545));
#2737=CARTESIAN_POINT('',(1.68320056490043,-0.451012232064665,1.99333910442545));
#2738=CARTESIAN_POINT('',(1.45769444886809,-0.841600282450203,1.97458910442545));
#2739=CARTESIAN_POINT('',(1.23218833283575,-1.23218833283574,1.95583910442545));
#2740=CARTESIAN_POINT('',(0.841600282450217,-1.45769444886808,1.93708910442545));
#2741=CARTESIAN_POINT('',(0.451012232064693,-1.68320056490042,1.91833910442545));
#2742=CARTESIAN_POINT('',(1.23710827104414E-14,-1.68320056490042,1.89958910442545));
#2743=CARTESIAN_POINT('',(-0.451012232064668,-1.68320056490043,1.88083910442545));
#2744=CARTESIAN_POINT('',(-0.841600282450206,-1.45769444886809,1.86208910442545));
#2745=CARTESIAN_POINT('',(-1.23218833283574,-1.23218833283575,1.84333910442545));
#2746=CARTESIAN_POINT('',(-1.45769444886808,-0.841600282450225,1.82458910442545));
#2747=CARTESIAN_POINT('',(-1.68320056490042,-0.45101223206469,1.80583910442545));
#2748=CARTESIAN_POINT('',(-1.68320056490042,-9.48418418410461E-15,1.78708910442545));
#2749=CARTESIAN_POINT('',(-1.68320056490043,0.451012232064671,1.76833910442545));
#2750=CARTESIAN_POINT('',(-1.45769444886809,0.841600282450208,1.74958910442545));
#2751=CARTESIAN_POINT('',(-1.23218833283576,1.23218833283574,1.73083910442545));
#2752=CARTESIAN_POINT('',(-0.841600282450222,1.45769444886808,1.71208910442545));
#2753=CARTESIAN_POINT('',(-0.451012232064687,1.68320056490042,1.69333910442545));
#2754=CARTESIAN_POINT('',(-6.5972856577678E-15,1.68320056490042,1.67458910442545));
#2755=CARTESIAN_POINT('',(0.451012232064662,1.68320056490043,1.65583910442545));
#2756=CARTESIAN_POINT('',(0.8416002824502,1.45769444886809,1.63708910442545));
#2757=CARTESIAN_POINT('',(1.23218833283574,1.23218833283575,1.61833910442545));
#2758=CARTESIAN_POINT('',(1.45769444886808,0.84160028245022,1.59958910442545));
#2759=CARTESIAN_POINT('',(1.68320056490042,0.451012232064684,1.58083910442545));
#2760=CARTESIAN_POINT('',(1.68320056490042,1.56702464736039E-14,1.56208910442545));
#2761=CARTESIAN_POINT('',(1.68320056490043,-0.451012232064665,1.54333910442545));
#2762=CARTESIAN_POINT('',(1.45769444886809,-0.841600282450203,1.52458910442545));
#2763=CARTESIAN_POINT('',(1.23218833283575,-1.23218833283574,1.50583910442545));
#2764=CARTESIAN_POINT('',(0.841600282450217,-1.45769444886808,1.48708910442545));
#2765=CARTESIAN_POINT('',(0.451012232064693,-1.68320056490042,1.46833910442545));
#2766=CARTESIAN_POINT('',(1.27833479472671E-14,-1.68320056490042,1.44958910442545));
#2767=CARTESIAN_POINT('',(-0.451012232064668,-1.68320056490043,1.43083910442545));
#2768=CARTESIAN_POINT('',(-0.841600282450205,-1.45769444886809,1.41208910442545));
#2769=CARTESIAN_POINT('',(-1.23218833283574,-1.23218833283575,1.39333910442545));
#2770=CARTESIAN_POINT('',(-1.45769444886808,-0.841600282450225,1.37458910442545));
#2771=CARTESIAN_POINT('',(-1.68320056490042,-0.45101223206469,1.35583910442545));
#2772=CARTESIAN_POINT('',(-1.68320056490042,-9.89644942093028E-15,1.33708910442545));
#2773=CARTESIAN_POINT('',(-1.68320056490043,0.451012232064671,1.31833910442545));
#2774=CARTESIAN_POINT('',(-1.45769444886809,0.841600282450197,1.29958910442545));
#2775=CARTESIAN_POINT('',(-1.23218833283576,1.23218833283574,1.28083910442545));
#2776=CARTESIAN_POINT('',(-0.841600282450222,1.45769444886808,1.26208910442545));
#2777=CARTESIAN_POINT('',(-0.451012232064688,1.68320056490042,1.24333910442545));
#2778=CARTESIAN_POINT('',(-7.00955089459346E-15,1.68320056490042,1.22458910442545));
#2779=CARTESIAN_POINT('',(0.451012232064662,1.68320056490043,1.20583910442545));
#2780=CARTESIAN_POINT('',(0.8416002824502,1.45769444886809,1.18708910442545));
#2781=CARTESIAN_POINT('',(1.23218833283574,1.23218833283575,1.16833910442545));
#2782=CARTESIAN_POINT('',(1.45769444886808,0.84160028245022,1.14958910442545));
#2783=CARTESIAN_POINT('',(1.68320056490042,0.451012232064685,1.13083910442545));
#2784=CARTESIAN_POINT('',(1.68320056490042,1.60825117104296E-14,1.11208910442545));
#2785=CARTESIAN_POINT('',(1.68320056490043,-0.451012232064665,1.09333910442545));
#2786=CARTESIAN_POINT('',(1.45769444886809,-0.841600282450202,1.07458910442545));
#2787=CARTESIAN_POINT('',(1.23218833283575,-1.23218833283574,1.05583910442545));
#2788=CARTESIAN_POINT('',(0.841600282450217,-1.45769444886808,1.03708910442545));
#2789=CARTESIAN_POINT('',(0.451012232064682,-1.68320056490042,1.01833910442545));
#2790=CARTESIAN_POINT('',(1.31956131840928E-14,-1.68320056490042,0.99958910442545));
#2791=CARTESIAN_POINT('',(-0.451012232064655,-1.68320056490043,0.98083910442545));
#2792=CARTESIAN_POINT('',(-0.841600282450205,-1.45769444886809,0.96208910442545));
#2793=CARTESIAN_POINT('',(-1.23218833283573,-1.23218833283576,0.943339104425451));
#2794=CARTESIAN_POINT('',(-1.45769444886808,-0.841600282450215,0.92458910442545));
#2795=CARTESIAN_POINT('',(-1.68320056490042,-0.451012232064691,0.90583910442545));
#2796=CARTESIAN_POINT('',(-1.68320056490042,-2.22685739999289E-14,0.887089104425451));
#2797=CARTESIAN_POINT('',(-1.68320056490043,0.45101223206467,0.86833910442545));
#2798=CARTESIAN_POINT('',(-1.45769444886809,0.841600282450197,0.84958910442545));
#2799=CARTESIAN_POINT('',(-1.23218833283575,1.23218833283574,0.83083910442545));
#2800=CARTESIAN_POINT('',(-0.841600282450223,1.45769444886808,0.81208910442545));
#2801=CARTESIAN_POINT('',(-0.4510122320647,1.68320056490042,0.793339104425451));
#2802=CARTESIAN_POINT('',(-7.42181613141912E-15,1.68320056490042,0.77458910442545));
#2803=CARTESIAN_POINT('',(0.451012232064661,1.68320056490043,0.75583910442545));
#2804=CARTESIAN_POINT('',(0.84160028245021,1.45769444886809,0.73708910442545));
#2805=CARTESIAN_POINT('',(1.23218833283574,1.23218833283575,0.71833910442545));
#2806=CARTESIAN_POINT('',(1.45769444886807,0.841600282450231,0.699589104425451));
#2807=CARTESIAN_POINT('',(1.68320056490042,0.451012232064685,0.68083910442545));
#2808=CARTESIAN_POINT('',(1.68320056490042,1.64947769472552E-14,0.66208910442545));
#2809=CARTESIAN_POINT('',(1.68320056490042,-0.451012232064676,0.643339104425451));
#2810=CARTESIAN_POINT('',(1.45769444886809,-0.841600282450202,0.62458910442545));
#2811=CARTESIAN_POINT('',(1.23218833283576,-1.23218833283573,0.605839104425451));
#2812=CARTESIAN_POINT('',(0.841600282450218,-1.45769444886808,0.58708910442545));
#2813=CARTESIAN_POINT('',(0.451012232064694,-1.68320056490042,0.56833910442545));
#2814=CARTESIAN_POINT('',(1.64801907874549E-15,-1.68320056490042,0.549589104425451));
#2815=CARTESIAN_POINT('',(-0.451012232064667,-1.68320056490043,0.53083910442545));
#2816=CARTESIAN_POINT('',(-0.841600282450194,-1.4576944488681,0.51208910442545));
#2817=CARTESIAN_POINT('',(-1.23218833283574,-1.23218833283575,0.49333910442545));
#2818=CARTESIAN_POINT('',(-1.45769444886808,-0.841600282450226,0.47458910442545));
#2819=CARTESIAN_POINT('',(-1.68320056490042,-0.451012232064703,0.455839104425451));
#2820=CARTESIAN_POINT('',(-1.68320056490042,-1.07209798945816E-14,0.43708910442545));
#2821=CARTESIAN_POINT('',(-1.68320056490043,0.451012232064658,0.41833910442545));
#2822=CARTESIAN_POINT('',(-1.45769444886809,0.841600282450207,0.399589104425451));
#2823=CARTESIAN_POINT('',(-1.23218833283576,1.23218833283573,0.38083910442545));
#2824=CARTESIAN_POINT('',(-0.841600282450234,1.45769444886807,0.36208910442545));
#2825=CARTESIAN_POINT('',(-0.451012232064688,1.68320056490042,0.34333910442545));
#2826=CARTESIAN_POINT('',(-1.97939407104177E-14,1.68320056490042,0.32458910442545));
#2827=CARTESIAN_POINT('',(0.451012232064673,1.68320056490043,0.305839104425451));
#2828=CARTESIAN_POINT('',(0.841600282450199,1.45769444886809,0.28708910442545));
#2829=CARTESIAN_POINT('',(1.23218833283573,1.23218833283576,0.26833910442545));
#2830=CARTESIAN_POINT('',(1.45769444886808,0.841600282450221,0.249589104425451));
#2831=CARTESIAN_POINT('',(1.68320056490042,0.451012232064698,0.23083910442545));
#2832=CARTESIAN_POINT('',(1.68320056490042,4.94718284190797E-15,0.21208910442545));
#2833=CARTESIAN_POINT('',(1.68320056490043,-0.451012232064664,0.19333910442545));
#2834=CARTESIAN_POINT('',(1.4576944488681,-0.841600282450191,0.17458910442545));
#2835=CARTESIAN_POINT('',(1.23218833283575,-1.23218833283574,0.155839104425451));
#2836=CARTESIAN_POINT('',(0.841600282450229,-1.45769444886808,0.13708910442545));
#2837=CARTESIAN_POINT('',(0.451012232064683,-1.68320056490042,0.11833910442545));
#2838=CARTESIAN_POINT('',(1.40201436577441E-14,-1.68320056490042,0.0995891044254498));
#2839=CARTESIAN_POINT('',(-0.451012232064655,-1.68320056490043,0.0808391044254501));
#2840=CARTESIAN_POINT('',(-0.841600282450204,-1.45769444886809,0.0620891044254505));
#2841=CARTESIAN_POINT('',(-1.23218833283573,-1.23218833283576,0.0433391044254499));
#2842=CARTESIAN_POINT('',(-1.45769444886808,-0.841600282450216,0.0245891044254503));
#2843=CARTESIAN_POINT('',(-1.68320056490042,-0.451012232064692,0.0058391044254506));
#2844=CARTESIAN_POINT('',(-1.68320056490042,-2.30931044735802E-14,-0.0129108955745499));
#2845=CARTESIAN_POINT('',(-1.68320056490043,0.45101223206467,-0.0316608955745496));
#2846=CARTESIAN_POINT('',(-1.45769444886809,0.841600282450196,-0.0504108955745501));
#2847=CARTESIAN_POINT('',(-1.23218833283575,1.23218833283574,-0.0691608955745498));
#2848=CARTESIAN_POINT('',(-0.841600282450223,1.45769444886808,-0.0879108955745495));
#2849=CARTESIAN_POINT('',(-0.451012232064701,1.68320056490042,-0.10666089557455));
#2850=CARTESIAN_POINT('',(-8.24634660507045E-15,1.68320056490042,-0.12541089557455));
#2851=CARTESIAN_POINT('',(0.45101223206466,1.68320056490043,-0.14416089557455));
#2852=CARTESIAN_POINT('',(0.841600282450209,1.45769444886809,-0.16291089557455));
#2853=CARTESIAN_POINT('',(1.23218833283574,1.23218833283576,-0.18166089557455));
#2854=CARTESIAN_POINT('',(1.45769444886807,0.841600282450231,-0.20041089557455));
#2855=CARTESIAN_POINT('',(1.68320056490042,0.451012232064686,-0.21916089557455));
#2856=CARTESIAN_POINT('',(1.68320056490042,1.73193074209066E-14,-0.237910895574549));
#2857=CARTESIAN_POINT('',(1.68320056490043,-0.451012232064651,-0.25666089557455));
#2858=CARTESIAN_POINT('',(1.45769444886809,-0.841600282450201,-0.27541089557455));
#2859=CARTESIAN_POINT('',(1.23218833283576,-1.23218833283573,-0.29416089557455));
#2860=CARTESIAN_POINT('',(0.841600282450218,-1.45769444886808,-0.31291089557455));
#2861=CARTESIAN_POINT('',(0.451012232064695,-1.68320056490042,-0.33166089557455));
#2862=CARTESIAN_POINT('',(2.63922682367427E-14,-1.68320056490042,-0.35041089557455));
#2863=CARTESIAN_POINT('',(-0.451012232064666,-1.68320056490043,-0.36916089557455));
#2864=CARTESIAN_POINT('',(-0.841600282450193,-1.4576944488681,-0.387910895574549));
#2865=CARTESIAN_POINT('',(-1.23218833283574,-1.23218833283575,-0.40666089557455));
#2866=CARTESIAN_POINT('',(-1.45769444886808,-0.841600282450226,-0.42541089557455));
#2867=CARTESIAN_POINT('',(-1.68320056490042,-0.451012232064704,-0.44416089557455));
#2868=CARTESIAN_POINT('',(-1.68320056490042,-1.15455103682329E-14,-0.46291089557455));
#2869=CARTESIAN_POINT('',(-1.68320056490043,0.451012232064657,-0.481660895574549));
#2870=CARTESIAN_POINT('',(-1.45769444886809,0.841600282450206,-0.50041089557455));
#2871=CARTESIAN_POINT('',(-1.23218833283576,1.23218833283573,-0.51916089557455));
#2872=CARTESIAN_POINT('',(-0.841600282450234,1.45769444886807,-0.53791089557455));
#2873=CARTESIAN_POINT('',(-0.451012232064689,1.68320056490042,-0.55666089557455));
#2874=CARTESIAN_POINT('',(-2.06184711840691E-14,1.68320056490042,-0.57541089557455));
#2875=CARTESIAN_POINT('',(0.451012232064672,1.68320056490043,-0.59416089557455));
#2876=CARTESIAN_POINT('',(0.841600282450198,1.45769444886809,-0.61291089557455));
#2877=CARTESIAN_POINT('',(1.23218833283573,1.23218833283576,-0.631660895574549));
#2878=CARTESIAN_POINT('',(1.45769444886808,0.841600282450221,-0.65041089557455));
#2879=CARTESIAN_POINT('',(1.68320056490042,0.451012232064698,-0.66916089557455));
#2880=CARTESIAN_POINT('',(1.68320056490042,5.7717133155593E-15,-0.68791089557455));
#2881=CARTESIAN_POINT('',(1.68320056490043,-0.451012232064663,-0.70666089557455));
#2882=CARTESIAN_POINT('',(1.4576944488681,-0.841600282450191,-0.72541089557455));
#2883=CARTESIAN_POINT('',(1.23218833283575,-1.23218833283574,-0.74416089557455));
#2884=CARTESIAN_POINT('',(0.841600282450229,-1.45769444886808,-0.76291089557455));
#2885=CARTESIAN_POINT('',(0.451012232064684,-1.68320056490042,-0.78166089557455));
#2886=CARTESIAN_POINT('',(1.48446741313954E-14,-1.68320056490042,-0.80041089557455));
#2887=CARTESIAN_POINT('',(-0.451012232064654,-1.68320056490043,-0.81916089557455));
#2888=CARTESIAN_POINT('',(-0.841600282450203,-1.45769444886809,-0.83791089557455));
#2889=CARTESIAN_POINT('',(-1.23218833283573,-1.23218833283576,-0.85666089557455));
#2890=CARTESIAN_POINT('',(-1.45769444886808,-0.841600282450216,-0.87541089557455));
#2891=CARTESIAN_POINT('',(-1.68320056490042,-0.451012232064693,-0.89416089557455));
#2892=CARTESIAN_POINT('',(-1.68320056490042,-2.39176349472315E-14,-0.91291089557455));
#2893=CARTESIAN_POINT('',(-1.68320056490043,0.451012232064669,-0.93166089557455));
#2894=CARTESIAN_POINT('',(-1.45769444886809,0.841600282450196,-0.95041089557455));
#2895=CARTESIAN_POINT('',(-1.23218833283577,1.23218833283573,-0.96916089557455));
#2896=CARTESIAN_POINT('',(-0.841600282450224,1.45769444886808,-0.98791089557455));
#2897=CARTESIAN_POINT('',(-0.451012232064702,1.68320056490042,-1.00666089557455));
#2898=CARTESIAN_POINT('',(-9.07087707872178E-15,1.68320056490042,-1.02541089557455));
#2899=CARTESIAN_POINT('',(0.45101223206466,1.68320056490043,-1.04416089557455));
#2900=CARTESIAN_POINT('',(0.841600282450188,1.4576944488681,-1.06291089557455));
#2901=CARTESIAN_POINT('',(1.23218833283574,1.23218833283576,-1.08166089557455));
#2902=CARTESIAN_POINT('',(1.45769444886807,0.841600282450232,-1.10041089557455));
#2903=CARTESIAN_POINT('',(1.68320056490042,0.451012232064687,-1.11916089557455));
#2904=CARTESIAN_POINT('',(1.68320056490042,1.81438378945579E-14,-1.13791089557455));
#2905=CARTESIAN_POINT('',(0.,0.,5.98265724473617));
#2906=MECHANICAL_DESIGN_GEOMETRIC_PRESENTATION_REPRESENTATION('',(#165),
#2907);
#2907=(
GEOMETRIC_REPRESENTATION_CONTEXT(3)
GLOBAL_UNCERTAINTY_ASSIGNED_CONTEXT((#2908))
GLOBAL_UNIT_ASSIGNED_CONTEXT((#2911,#2910,#2909))
REPRESENTATION_CONTEXT('78614040360','TOP_LEVEL_ASSEMBLY_PART')
);
#2908=UNCERTAINTY_MEASURE_WITH_UNIT(LENGTH_MEASURE(0.005),#2911,
'DISTANCE_ACCURACY_VALUE','Maximum Tolerance applied to model');
#2909=(
NAMED_UNIT(*)
SI_UNIT($,.STERADIAN.)
SOLID_ANGLE_UNIT()
);
#2910=(
NAMED_UNIT(*)
PLANE_ANGLE_UNIT()
SI_UNIT($,.RADIAN.)
);
#2911=(
LENGTH_UNIT()
NAMED_UNIT(*)
SI_UNIT(.MILLI.,.METRE.)
);
#2912=PRODUCT_DEFINITION_SHAPE('','',#2913);
#2913=PRODUCT_DEFINITION('','',#2915,#2914);
#2914=PRODUCT_DEFINITION_CONTEXT('',#2921,'design');
#2915=PRODUCT_DEFINITION_FORMATION_WITH_SPECIFIED_SOURCE('','',#2917,
 .NOT_KNOWN.);
#2916=PRODUCT_RELATED_PRODUCT_CATEGORY('','',(#2917));
#2917=PRODUCT('78614040360','78614040360','78614040360',(#2919));
#2918=PRODUCT_CATEGORY('','');
#2919=PRODUCT_CONTEXT('',#2921,'mechanical');
#2920=APPLICATION_PROTOCOL_DEFINITION('international standard',
'automotive_design',2010,#2921);
#2921=APPLICATION_CONTEXT(
'core data for automotive mechanical design processes');
ENDSEC;
END-ISO-10303-21;
