ISO-10303-21;
HEADER;
FILE_DESCRIPTION((''),'2;1');
FILE_NAME('74221','2009-07-08T',('spaulpan'),('FCI - ELX Division'),
'PRO/ENGINEER BY PARAMETRIC TECHNOLOGY CORPORATION, 2008010',
'PRO/ENGINEER BY PARAMETRIC TECHNOLOGY CORPORATION, 2008010','');
FILE_SCHEMA(('CONFIG_CONTROL_DESIGN'));
ENDSEC;
DATA;
#1=DIRECTION('',(1.E0,0.E0,0.E0));
#2=VECTOR('',#1,2.85E0);
#3=CARTESIAN_POINT('',(-2.525E1,0.E0,7.72E0));
#4=LINE('4217',#3,#2);
#5=DIRECTION('',(-1.E0,0.E0,0.E0));
#6=VECTOR('',#5,4.E0);
#7=CARTESIAN_POINT('',(-1.84E1,0.E0,8.22E0));
#8=LINE('4208',#7,#6);
#9=DIRECTION('',(1.E0,0.E0,0.E0));
#10=VECTOR('',#9,1.64E1);
#11=CARTESIAN_POINT('',(-1.84E1,0.E0,7.72E0));
#12=LINE('4218',#11,#10);
#13=DIRECTION('',(1.E0,0.E0,0.E0));
#14=VECTOR('',#13,4.E0);
#15=CARTESIAN_POINT('',(-2.E0,0.E0,8.22E0));
#16=LINE('4160',#15,#14);
#17=DIRECTION('',(1.E0,0.E0,0.E0));
#18=VECTOR('',#17,1.64E1);
#19=CARTESIAN_POINT('',(2.E0,0.E0,7.72E0));
#20=LINE('4189',#19,#18);
#21=DIRECTION('',(1.E0,0.E0,0.E0));
#22=VECTOR('',#21,4.E0);
#23=CARTESIAN_POINT('',(1.84E1,0.E0,8.22E0));
#24=LINE('4180',#23,#22);
#25=DIRECTION('',(1.E0,0.E0,0.E0));
#26=VECTOR('',#25,2.85E0);
#27=CARTESIAN_POINT('',(2.24E1,0.E0,7.72E0));
#28=LINE('4190',#27,#26);
#29=DIRECTION('',(0.E0,0.E0,-1.E0));
#30=VECTOR('',#29,3.9325E0);
#31=CARTESIAN_POINT('',(2.655E1,0.E0,6.42E0));
#32=LINE('4131',#31,#30);
#33=DIRECTION('',(0.E0,0.E0,-1.E0));
#34=VECTOR('',#33,3.9325E0);
#35=CARTESIAN_POINT('',(2.655E1,0.E0,-2.4875E0));
#36=LINE('4132',#35,#34);
#37=DIRECTION('',(-1.E0,0.E0,0.E0));
#38=VECTOR('',#37,2.85E0);
#39=CARTESIAN_POINT('',(2.525E1,0.E0,-7.72E0));
#40=LINE('4191',#39,#38);
#41=DIRECTION('',(-1.E0,0.E0,0.E0));
#42=VECTOR('',#41,1.64E1);
#43=CARTESIAN_POINT('',(1.84E1,0.E0,-7.72E0));
#44=LINE('4192',#43,#42);
#45=DIRECTION('',(-1.E0,0.E0,0.E0));
#46=VECTOR('',#45,1.64E1);
#47=CARTESIAN_POINT('',(-2.E0,0.E0,-7.72E0));
#48=LINE('4219',#47,#46);
#49=DIRECTION('',(-1.E0,0.E0,0.E0));
#50=VECTOR('',#49,2.85E0);
#51=CARTESIAN_POINT('',(-2.24E1,0.E0,-7.72E0));
#52=LINE('4220',#51,#50);
#53=DIRECTION('',(0.E0,0.E0,1.E0));
#54=VECTOR('',#53,4.9325E0);
#55=CARTESIAN_POINT('',(-2.655E1,0.E0,-6.42E0));
#56=LINE('4147',#55,#54);
#57=DIRECTION('',(0.E0,0.E0,1.E0));
#58=VECTOR('',#57,4.9325E0);
#59=CARTESIAN_POINT('',(-2.655E1,0.E0,1.4875E0));
#60=LINE('4148',#59,#58);
#61=DIRECTION('',(0.E0,0.E0,-1.E0));
#62=VECTOR('',#61,3.942320071463E-1);
#63=CARTESIAN_POINT('',(-2.005E0,0.E0,7.314232007146E0));
#64=LINE('5141',#63,#62);
#65=DIRECTION('',(1.E0,0.E0,0.E0));
#66=VECTOR('',#65,4.01E0);
#67=CARTESIAN_POINT('',(-2.005E0,0.E0,6.92E0));
#68=LINE('5261',#67,#66);
#69=DIRECTION('',(0.E0,0.E0,-1.E0));
#70=VECTOR('',#69,3.942320071463E-1);
#71=CARTESIAN_POINT('',(2.005E0,0.E0,7.314232007146E0));
#72=LINE('5139',#71,#70);
#73=DIRECTION('',(1.E0,0.E0,0.E0));
#74=VECTOR('',#73,4.01E0);
#75=CARTESIAN_POINT('',(-2.005E0,0.E0,7.314232007146E0));
#76=LINE('4235',#75,#74);
#77=DIRECTION('',(0.E0,0.E0,-1.E0));
#78=VECTOR('',#77,3.942320071463E-1);
#79=CARTESIAN_POINT('',(2.005E0,0.E0,-6.92E0));
#80=LINE('5140',#79,#78);
#81=DIRECTION('',(-1.E0,0.E0,0.E0));
#82=VECTOR('',#81,4.01E0);
#83=CARTESIAN_POINT('',(2.005E0,0.E0,-6.92E0));
#84=LINE('5254',#83,#82);
#85=DIRECTION('',(0.E0,0.E0,-1.E0));
#86=VECTOR('',#85,3.942320071463E-1);
#87=CARTESIAN_POINT('',(-2.005E0,0.E0,-6.92E0));
#88=LINE('5142',#87,#86);
#89=DIRECTION('',(1.E0,0.E0,0.E0));
#90=VECTOR('',#89,4.01E0);
#91=CARTESIAN_POINT('',(-2.005E0,0.E0,-7.314232007146E0));
#92=LINE('4236',#91,#90);
#93=DIRECTION('',(0.E0,0.E0,-1.E0));
#94=VECTOR('',#93,3.942320071463E-1);
#95=CARTESIAN_POINT('',(4.805E0,0.E0,7.314232007146E0));
#96=LINE('5149',#95,#94);
#97=DIRECTION('',(1.E0,0.E0,0.E0));
#98=VECTOR('',#97,4.01E0);
#99=CARTESIAN_POINT('',(4.805E0,0.E0,6.92E0));
#100=LINE('5262',#99,#98);
#101=DIRECTION('',(0.E0,0.E0,-1.E0));
#102=VECTOR('',#101,3.942320071463E-1);
#103=CARTESIAN_POINT('',(8.815E0,0.E0,7.314232007146E0));
#104=LINE('5147',#103,#102);
#105=DIRECTION('',(1.E0,0.E0,0.E0));
#106=VECTOR('',#105,4.01E0);
#107=CARTESIAN_POINT('',(4.805E0,0.E0,7.314232007146E0));
#108=LINE('4433',#107,#106);
#109=DIRECTION('',(0.E0,0.E0,-1.E0));
#110=VECTOR('',#109,3.942320071463E-1);
#111=CARTESIAN_POINT('',(8.815E0,0.E0,-6.92E0));
#112=LINE('5148',#111,#110);
#113=DIRECTION('',(-1.E0,0.E0,0.E0));
#114=VECTOR('',#113,4.01E0);
#115=CARTESIAN_POINT('',(8.815E0,0.E0,-6.92E0));
#116=LINE('5253',#115,#114);
#117=DIRECTION('',(0.E0,0.E0,-1.E0));
#118=VECTOR('',#117,3.942320071463E-1);
#119=CARTESIAN_POINT('',(4.805E0,0.E0,-6.92E0));
#120=LINE('5150',#119,#118);
#121=DIRECTION('',(1.E0,0.E0,0.E0));
#122=VECTOR('',#121,4.01E0);
#123=CARTESIAN_POINT('',(4.805E0,0.E0,-7.314232007146E0));
#124=LINE('4434',#123,#122);
#125=DIRECTION('',(0.E0,0.E0,-1.E0));
#126=VECTOR('',#125,3.942320071463E-1);
#127=CARTESIAN_POINT('',(1.1615E1,0.E0,7.314232007146E0));
#128=LINE('5159',#127,#126);
#129=DIRECTION('',(1.E0,0.E0,0.E0));
#130=VECTOR('',#129,4.01E0);
#131=CARTESIAN_POINT('',(1.1615E1,0.E0,6.92E0));
#132=LINE('5263',#131,#130);
#133=DIRECTION('',(0.E0,0.E0,-1.E0));
#134=VECTOR('',#133,3.942320071463E-1);
#135=CARTESIAN_POINT('',(1.5625E1,0.E0,7.314232007146E0));
#136=LINE('5157',#135,#134);
#137=DIRECTION('',(1.E0,0.E0,0.E0));
#138=VECTOR('',#137,4.01E0);
#139=CARTESIAN_POINT('',(1.1615E1,0.E0,7.314232007146E0));
#140=LINE('4455',#139,#138);
#141=DIRECTION('',(0.E0,0.E0,-1.E0));
#142=VECTOR('',#141,3.942320071463E-1);
#143=CARTESIAN_POINT('',(1.5625E1,0.E0,-6.92E0));
#144=LINE('5158',#143,#142);
#145=DIRECTION('',(-1.E0,0.E0,0.E0));
#146=VECTOR('',#145,4.01E0);
#147=CARTESIAN_POINT('',(1.5625E1,0.E0,-6.92E0));
#148=LINE('5252',#147,#146);
#149=DIRECTION('',(0.E0,0.E0,-1.E0));
#150=VECTOR('',#149,3.942320071463E-1);
#151=CARTESIAN_POINT('',(1.1615E1,0.E0,-6.92E0));
#152=LINE('5160',#151,#150);
#153=DIRECTION('',(1.E0,0.E0,0.E0));
#154=VECTOR('',#153,4.01E0);
#155=CARTESIAN_POINT('',(1.1615E1,0.E0,-7.314232007146E0));
#156=LINE('4456',#155,#154);
#157=DIRECTION('',(0.E0,0.E0,-1.E0));
#158=VECTOR('',#157,3.942320071463E-1);
#159=CARTESIAN_POINT('',(1.8425E1,0.E0,7.314232007146E0));
#160=LINE('5163',#159,#158);
#161=DIRECTION('',(1.E0,0.E0,0.E0));
#162=VECTOR('',#161,4.01E0);
#163=CARTESIAN_POINT('',(1.8425E1,0.E0,6.92E0));
#164=LINE('5264',#163,#162);
#165=DIRECTION('',(1.802346645833E-14,0.E0,-1.E0));
#166=VECTOR('',#165,3.942320071463E-1);
#167=CARTESIAN_POINT('',(2.2435E1,0.E0,7.314232007146E0));
#168=LINE('5161',#167,#166);
#169=DIRECTION('',(1.E0,0.E0,0.E0));
#170=VECTOR('',#169,4.01E0);
#171=CARTESIAN_POINT('',(1.8425E1,0.E0,7.314232007146E0));
#172=LINE('4457',#171,#170);
#173=DIRECTION('',(0.E0,0.E0,-1.E0));
#174=VECTOR('',#173,3.942320071463E-1);
#175=CARTESIAN_POINT('',(2.2435E1,0.E0,-6.92E0));
#176=LINE('5162',#175,#174);
#177=DIRECTION('',(-1.E0,0.E0,0.E0));
#178=VECTOR('',#177,4.01E0);
#179=CARTESIAN_POINT('',(2.2435E1,0.E0,-6.92E0));
#180=LINE('5251',#179,#178);
#181=DIRECTION('',(0.E0,0.E0,-1.E0));
#182=VECTOR('',#181,3.942320071463E-1);
#183=CARTESIAN_POINT('',(1.8425E1,0.E0,-6.92E0));
#184=LINE('5164',#183,#182);
#185=DIRECTION('',(1.E0,0.E0,0.E0));
#186=VECTOR('',#185,4.01E0);
#187=CARTESIAN_POINT('',(1.8425E1,0.E0,-7.314232007146E0));
#188=LINE('4458',#187,#186);
#189=DIRECTION('',(0.E0,0.E0,-1.E0));
#190=VECTOR('',#189,3.942320071463E-1);
#191=CARTESIAN_POINT('',(-8.815E0,0.E0,7.314232007146E0));
#192=LINE('5179',#191,#190);
#193=DIRECTION('',(1.E0,0.E0,0.E0));
#194=VECTOR('',#193,4.01E0);
#195=CARTESIAN_POINT('',(-8.815E0,0.E0,6.92E0));
#196=LINE('5260',#195,#194);
#197=DIRECTION('',(0.E0,0.E0,-1.E0));
#198=VECTOR('',#197,3.942320071463E-1);
#199=CARTESIAN_POINT('',(-4.805E0,0.E0,7.314232007146E0));
#200=LINE('5181',#199,#198);
#201=DIRECTION('',(-1.E0,0.E0,0.E0));
#202=VECTOR('',#201,4.01E0);
#203=CARTESIAN_POINT('',(-4.805E0,0.E0,7.314232007146E0));
#204=LINE('4495',#203,#202);
#205=DIRECTION('',(0.E0,0.E0,-1.E0));
#206=VECTOR('',#205,3.942320071463E-1);
#207=CARTESIAN_POINT('',(-4.805E0,0.E0,-6.92E0));
#208=LINE('5182',#207,#206);
#209=DIRECTION('',(-1.E0,0.E0,0.E0));
#210=VECTOR('',#209,4.01E0);
#211=CARTESIAN_POINT('',(-4.805E0,0.E0,-6.92E0));
#212=LINE('5255',#211,#210);
#213=DIRECTION('',(0.E0,0.E0,-1.E0));
#214=VECTOR('',#213,3.942320071463E-1);
#215=CARTESIAN_POINT('',(-8.815E0,0.E0,-6.92E0));
#216=LINE('5180',#215,#214);
#217=DIRECTION('',(-1.E0,0.E0,0.E0));
#218=VECTOR('',#217,4.01E0);
#219=CARTESIAN_POINT('',(-4.805E0,0.E0,-7.314232007146E0));
#220=LINE('4496',#219,#218);
#221=DIRECTION('',(0.E0,0.E0,-1.E0));
#222=VECTOR('',#221,3.942320071463E-1);
#223=CARTESIAN_POINT('',(-1.5625E1,0.E0,7.314232007146E0));
#224=LINE('5189',#223,#222);
#225=DIRECTION('',(1.E0,0.E0,0.E0));
#226=VECTOR('',#225,4.01E0);
#227=CARTESIAN_POINT('',(-1.5625E1,0.E0,6.92E0));
#228=LINE('5259',#227,#226);
#229=DIRECTION('',(0.E0,0.E0,-1.E0));
#230=VECTOR('',#229,3.942320071463E-1);
#231=CARTESIAN_POINT('',(-1.1615E1,0.E0,7.314232007146E0));
#232=LINE('5191',#231,#230);
#233=DIRECTION('',(-1.E0,0.E0,0.E0));
#234=VECTOR('',#233,4.01E0);
#235=CARTESIAN_POINT('',(-1.1615E1,0.E0,7.314232007146E0));
#236=LINE('4517',#235,#234);
#237=DIRECTION('',(0.E0,0.E0,-1.E0));
#238=VECTOR('',#237,3.942320071463E-1);
#239=CARTESIAN_POINT('',(-1.1615E1,0.E0,-6.92E0));
#240=LINE('5192',#239,#238);
#241=DIRECTION('',(-1.E0,0.E0,0.E0));
#242=VECTOR('',#241,4.01E0);
#243=CARTESIAN_POINT('',(-1.1615E1,0.E0,-6.92E0));
#244=LINE('5256',#243,#242);
#245=DIRECTION('',(0.E0,0.E0,-1.E0));
#246=VECTOR('',#245,3.942320071463E-1);
#247=CARTESIAN_POINT('',(-1.5625E1,0.E0,-6.92E0));
#248=LINE('5190',#247,#246);
#249=DIRECTION('',(-1.E0,0.E0,0.E0));
#250=VECTOR('',#249,4.01E0);
#251=CARTESIAN_POINT('',(-1.1615E1,0.E0,-7.314232007146E0));
#252=LINE('4518',#251,#250);
#253=DIRECTION('',(0.E0,0.E0,-1.E0));
#254=VECTOR('',#253,3.942320071463E-1);
#255=CARTESIAN_POINT('',(-2.2435E1,0.E0,7.314232007146E0));
#256=LINE('5193',#255,#254);
#257=DIRECTION('',(1.E0,0.E0,0.E0));
#258=VECTOR('',#257,4.01E0);
#259=CARTESIAN_POINT('',(-2.2435E1,0.E0,6.92E0));
#260=LINE('5258',#259,#258);
#261=DIRECTION('',(0.E0,0.E0,-1.E0));
#262=VECTOR('',#261,3.942320071463E-1);
#263=CARTESIAN_POINT('',(-1.8425E1,0.E0,7.314232007146E0));
#264=LINE('5195',#263,#262);
#265=DIRECTION('',(-1.E0,0.E0,0.E0));
#266=VECTOR('',#265,4.01E0);
#267=CARTESIAN_POINT('',(-1.8425E1,0.E0,7.314232007146E0));
#268=LINE('4519',#267,#266);
#269=DIRECTION('',(0.E0,0.E0,-1.E0));
#270=VECTOR('',#269,3.942320071463E-1);
#271=CARTESIAN_POINT('',(-1.8425E1,0.E0,-6.92E0));
#272=LINE('5196',#271,#270);
#273=DIRECTION('',(-1.E0,0.E0,0.E0));
#274=VECTOR('',#273,4.01E0);
#275=CARTESIAN_POINT('',(-1.8425E1,0.E0,-6.92E0));
#276=LINE('5257',#275,#274);
#277=DIRECTION('',(1.802346645833E-14,0.E0,-1.E0));
#278=VECTOR('',#277,3.942320071463E-1);
#279=CARTESIAN_POINT('',(-2.2435E1,0.E0,-6.92E0));
#280=LINE('5194',#279,#278);
#281=DIRECTION('',(-1.E0,0.E0,0.E0));
#282=VECTOR('',#281,4.01E0);
#283=CARTESIAN_POINT('',(-1.8425E1,0.E0,-7.314232007146E0));
#284=LINE('4520',#283,#282);
#285=DIRECTION('',(0.E0,1.E0,0.E0));
#286=VECTOR('',#285,2.4E0);
#287=CARTESIAN_POINT('',(-2.24E1,0.E0,7.72E0));
#288=LINE('4210',#287,#286);
#289=DIRECTION('',(2.499219116018E-2,-1.331851490971E-14,9.996876464081E-1));
#290=VECTOR('',#289,1.000312451187E-1);
#291=CARTESIAN_POINT('',(-2.24025E1,2.7E0,7.42E0));
#292=LINE('4231',#291,#290);
#293=DIRECTION('',(0.E0,1.E0,0.E0));
#294=VECTOR('',#293,2.5E-1);
#295=CARTESIAN_POINT('',(-2.24E1,2.7E0,7.52E0));
#296=LINE('4356',#295,#294);
#297=DIRECTION('',(0.E0,-1.E0,0.E0));
#298=VECTOR('',#297,2.95E0);
#299=CARTESIAN_POINT('',(-2.24E1,2.95E0,8.22E0));
#300=LINE('4358',#299,#298);
#301=DIRECTION('',(0.E0,0.E0,-1.E0));
#302=VECTOR('',#301,5.E-1);
#303=CARTESIAN_POINT('',(-2.24E1,0.E0,8.22E0));
#304=LINE('4232',#303,#302);
#305=DIRECTION('',(5.892454211218E-3,-7.070945053468E-1,7.070945053468E-1));
#306=VECTOR('',#305,4.242714343436E-1);
#307=CARTESIAN_POINT('',(-2.24025E1,2.7E0,7.42E0));
#308=LINE('4214',#307,#306);
#309=DIRECTION('',(1.E0,0.E0,0.E0));
#310=VECTOR('',#309,2.85E0);
#311=CARTESIAN_POINT('',(-2.525E1,2.4E0,7.72E0));
#312=LINE('4221',#311,#310);
#313=DIRECTION('',(1.E0,0.E0,0.E0));
#314=VECTOR('',#313,2.8475E0);
#315=CARTESIAN_POINT('',(-2.525E1,2.7E0,7.42E0));
#316=LINE('4427',#315,#314);
#317=CARTESIAN_POINT('',(-2.525E1,2.4E0,6.42E0));
#318=DIRECTION('',(0.E0,1.E0,0.E0));
#319=DIRECTION('',(-1.E0,0.E0,0.E0));
#320=AXIS2_PLACEMENT_3D('',#317,#318,#319);
#322=CARTESIAN_POINT('',(-2.525E1,2.7E0,6.42E0));
#323=DIRECTION('',(0.E0,1.E0,0.E0));
#324=DIRECTION('',(-1.E0,0.E0,0.E0));
#325=AXIS2_PLACEMENT_3D('',#322,#323,#324);
#327=DIRECTION('',(0.E0,7.071067811865E-1,-7.071067811865E-1));
#328=VECTOR('',#327,4.242640687119E-1);
#329=CARTESIAN_POINT('',(-2.525E1,2.4E0,7.72E0));
#330=LINE('4075',#329,#328);
#331=DIRECTION('',(0.E0,-1.E0,0.E0));
#332=VECTOR('',#331,2.4E0);
#333=CARTESIAN_POINT('',(-2.525E1,2.4E0,7.72E0));
#334=LINE('4089',#333,#332);
#335=CARTESIAN_POINT('',(-2.525E1,0.E0,6.42E0));
#336=DIRECTION('',(0.E0,-1.E0,0.E0));
#337=DIRECTION('',(0.E0,0.E0,1.E0));
#338=AXIS2_PLACEMENT_3D('',#335,#336,#337);
#340=DIRECTION('',(0.E0,-1.E0,0.E0));
#341=VECTOR('',#340,2.4E0);
#342=CARTESIAN_POINT('',(-2.655E1,2.4E0,6.42E0));
#343=LINE('4090',#342,#341);
#344=DIRECTION('',(0.E0,1.E0,0.E0));
#345=VECTOR('',#344,2.4E0);
#346=CARTESIAN_POINT('',(-2.655E1,0.E0,1.4875E0));
#347=LINE('4144',#346,#345);
#348=DIRECTION('',(-1.E0,0.E0,0.E0));
#349=VECTOR('',#348,9.5E-1);
#350=CARTESIAN_POINT('',(-2.655E1,0.E0,1.4875E0));
#351=LINE('4155',#350,#349);
#352=DIRECTION('',(0.E0,1.E0,0.E0));
#353=VECTOR('',#352,2.95E0);
#354=CARTESIAN_POINT('',(-2.75E1,0.E0,1.4875E0));
#355=LINE('4355',#354,#353);
#356=DIRECTION('',(1.421085471520E-14,-1.E0,0.E0));
#357=VECTOR('',#356,2.5E-1);
#358=CARTESIAN_POINT('',(-2.655E1,2.95E0,1.4875E0));
#359=LINE('4354',#358,#357);
#360=DIRECTION('',(1.E0,0.E0,0.E0));
#361=VECTOR('',#360,3.E-1);
#362=CARTESIAN_POINT('',(-2.655E1,2.7E0,1.4875E0));
#363=LINE('4156',#362,#361);
#364=DIRECTION('',(0.E0,0.E0,1.E0));
#365=VECTOR('',#364,2.975E0);
#366=CARTESIAN_POINT('',(-2.75E1,0.E0,-1.4875E0));
#367=LINE('4141',#366,#365);
#368=DIRECTION('',(1.E0,0.E0,0.E0));
#369=VECTOR('',#368,3.E-1);
#370=CARTESIAN_POINT('',(-2.655E1,2.7E0,-1.4875E0));
#371=LINE('4154',#370,#369);
#372=DIRECTION('',(1.421085471520E-14,-1.E0,0.E0));
#373=VECTOR('',#372,2.5E-1);
#374=CARTESIAN_POINT('',(-2.655E1,2.95E0,-1.4875E0));
#375=LINE('4353',#374,#373);
#376=DIRECTION('',(0.E0,1.E0,0.E0));
#377=VECTOR('',#376,2.95E0);
#378=CARTESIAN_POINT('',(-2.75E1,0.E0,-1.4875E0));
#379=LINE('4352',#378,#377);
#380=DIRECTION('',(-1.E0,0.E0,0.E0));
#381=VECTOR('',#380,9.5E-1);
#382=CARTESIAN_POINT('',(-2.655E1,0.E0,-1.4875E0));
#383=LINE('4153',#382,#381);
#384=DIRECTION('',(0.E0,1.E0,0.E0));
#385=VECTOR('',#384,2.4E0);
#386=CARTESIAN_POINT('',(-2.655E1,0.E0,-1.4875E0));
#387=LINE('4143',#386,#385);
#388=DIRECTION('',(0.E0,-1.E0,0.E0));
#389=VECTOR('',#388,2.4E0);
#390=CARTESIAN_POINT('',(-2.655E1,2.4E0,-6.42E0));
#391=LINE('4091',#390,#389);
#392=CARTESIAN_POINT('',(-2.525E1,0.E0,-6.42E0));
#393=DIRECTION('',(0.E0,-1.E0,0.E0));
#394=DIRECTION('',(-1.E0,0.E0,0.E0));
#395=AXIS2_PLACEMENT_3D('',#392,#393,#394);
#397=DIRECTION('',(0.E0,-1.E0,0.E0));
#398=VECTOR('',#397,2.4E0);
#399=CARTESIAN_POINT('',(-2.525E1,2.4E0,-7.72E0));
#400=LINE('4092',#399,#398);
#401=DIRECTION('',(0.E0,1.E0,0.E0));
#402=VECTOR('',#401,2.4E0);
#403=CARTESIAN_POINT('',(-2.24E1,0.E0,-7.72E0));
#404=LINE('4212',#403,#402);
#405=DIRECTION('',(0.E0,0.E0,-1.E0));
#406=VECTOR('',#405,5.E-1);
#407=CARTESIAN_POINT('',(-2.24E1,0.E0,-7.72E0));
#408=LINE('4229',#407,#406);
#409=DIRECTION('',(0.E0,1.E0,0.E0));
#410=VECTOR('',#409,2.95E0);
#411=CARTESIAN_POINT('',(-2.24E1,0.E0,-8.22E0));
#412=LINE('4349',#411,#410);
#413=DIRECTION('',(0.E0,-1.E0,0.E0));
#414=VECTOR('',#413,2.5E-1);
#415=CARTESIAN_POINT('',(-2.24E1,2.95E0,-7.52E0));
#416=LINE('4350',#415,#414);
#417=DIRECTION('',(-2.499219116018E-2,0.E0,9.996876464081E-1));
#418=VECTOR('',#417,1.000312451187E-1);
#419=CARTESIAN_POINT('',(-2.24E1,2.7E0,-7.52E0));
#420=LINE('4230',#419,#418);
#421=DIRECTION('',(-1.E0,0.E0,0.E0));
#422=VECTOR('',#421,4.E0);
#423=CARTESIAN_POINT('',(-1.84E1,0.E0,-8.22E0));
#424=LINE('4205',#423,#422);
#425=DIRECTION('',(2.499219116022E-2,0.E0,9.996876464081E-1));
#426=VECTOR('',#425,1.000312451187E-1);
#427=CARTESIAN_POINT('',(-1.84E1,2.7E0,-7.52E0));
#428=LINE('4226',#427,#426);
#429=DIRECTION('',(0.E0,-1.E0,0.E0));
#430=VECTOR('',#429,2.5E-1);
#431=CARTESIAN_POINT('',(-1.84E1,2.95E0,-7.52E0));
#432=LINE('4346',#431,#430);
#433=DIRECTION('',(0.E0,1.E0,0.E0));
#434=VECTOR('',#433,2.95E0);
#435=CARTESIAN_POINT('',(-1.84E1,0.E0,-8.22E0));
#436=LINE('4348',#435,#434);
#437=DIRECTION('',(0.E0,0.E0,-1.E0));
#438=VECTOR('',#437,5.E-1);
#439=CARTESIAN_POINT('',(-1.84E1,0.E0,-7.72E0));
#440=LINE('4225',#439,#438);
#441=DIRECTION('',(0.E0,1.E0,0.E0));
#442=VECTOR('',#441,2.4E0);
#443=CARTESIAN_POINT('',(-1.84E1,0.E0,-7.72E0));
#444=LINE('4211',#443,#442);
#445=DIRECTION('',(0.E0,1.E0,0.E0));
#446=VECTOR('',#445,2.4E0);
#447=CARTESIAN_POINT('',(-2.E0,0.E0,-7.72E0));
#448=LINE('4163',#447,#446);
#449=DIRECTION('',(0.E0,0.E0,-1.E0));
#450=VECTOR('',#449,5.E-1);
#451=CARTESIAN_POINT('',(-2.E0,0.E0,-7.72E0));
#452=LINE('4169',#451,#450);
#453=DIRECTION('',(0.E0,1.E0,0.E0));
#454=VECTOR('',#453,2.95E0);
#455=CARTESIAN_POINT('',(-2.E0,0.E0,-8.22E0));
#456=LINE('4344',#455,#454);
#457=DIRECTION('',(0.E0,-1.E0,0.E0));
#458=VECTOR('',#457,2.5E-1);
#459=CARTESIAN_POINT('',(-2.E0,2.95E0,-7.52E0));
#460=LINE('4345',#459,#458);
#461=DIRECTION('',(0.E0,0.E0,1.E0));
#462=VECTOR('',#461,1.E-1);
#463=CARTESIAN_POINT('',(-2.E0,2.7E0,-7.52E0));
#464=LINE('4170',#463,#462);
#465=DIRECTION('',(1.E0,0.E0,0.E0));
#466=VECTOR('',#465,4.E0);
#467=CARTESIAN_POINT('',(-2.E0,0.E0,-8.22E0));
#468=LINE('4157',#467,#466);
#469=DIRECTION('',(0.E0,0.E0,1.E0));
#470=VECTOR('',#469,1.E-1);
#471=CARTESIAN_POINT('',(2.E0,2.7E0,-7.52E0));
#472=LINE('4174',#471,#470);
#473=DIRECTION('',(0.E0,-1.E0,0.E0));
#474=VECTOR('',#473,2.5E-1);
#475=CARTESIAN_POINT('',(2.E0,2.95E0,-7.52E0));
#476=LINE('4341',#475,#474);
#477=DIRECTION('',(0.E0,1.E0,0.E0));
#478=VECTOR('',#477,2.95E0);
#479=CARTESIAN_POINT('',(2.E0,0.E0,-8.22E0));
#480=LINE('4343',#479,#478);
#481=DIRECTION('',(0.E0,0.E0,-1.E0));
#482=VECTOR('',#481,5.E-1);
#483=CARTESIAN_POINT('',(2.E0,0.E0,-7.72E0));
#484=LINE('4173',#483,#482);
#485=DIRECTION('',(0.E0,1.E0,0.E0));
#486=VECTOR('',#485,2.4E0);
#487=CARTESIAN_POINT('',(1.84E1,0.E0,-7.72E0));
#488=LINE('4183',#487,#486);
#489=DIRECTION('',(0.E0,1.E0,0.E0));
#490=VECTOR('',#489,2.4E0);
#491=CARTESIAN_POINT('',(2.E0,0.E0,-7.72E0));
#492=LINE('4164',#491,#490);
#493=DIRECTION('',(0.E0,0.E0,-1.E0));
#494=VECTOR('',#493,5.E-1);
#495=CARTESIAN_POINT('',(1.84E1,0.E0,-7.72E0));
#496=LINE('4197',#495,#494);
#497=DIRECTION('',(0.E0,1.E0,0.E0));
#498=VECTOR('',#497,2.95E0);
#499=CARTESIAN_POINT('',(1.84E1,0.E0,-8.22E0));
#500=LINE('4339',#499,#498);
#501=DIRECTION('',(0.E0,-1.E0,0.E0));
#502=VECTOR('',#501,2.5E-1);
#503=CARTESIAN_POINT('',(1.84E1,2.95E0,-7.52E0));
#504=LINE('4340',#503,#502);
#505=DIRECTION('',(-2.499219116025E-2,0.E0,9.996876464081E-1));
#506=VECTOR('',#505,1.000312451187E-1);
#507=CARTESIAN_POINT('',(1.84E1,2.7E0,-7.52E0));
#508=LINE('4198',#507,#506);
#509=DIRECTION('',(1.E0,0.E0,0.E0));
#510=VECTOR('',#509,4.E0);
#511=CARTESIAN_POINT('',(1.84E1,0.E0,-8.22E0));
#512=LINE('4177',#511,#510);
#513=DIRECTION('',(2.499219116018E-2,0.E0,9.996876464081E-1));
#514=VECTOR('',#513,1.000312451187E-1);
#515=CARTESIAN_POINT('',(2.24E1,2.7E0,-7.52E0));
#516=LINE('4202',#515,#514);
#517=DIRECTION('',(0.E0,-1.E0,0.E0));
#518=VECTOR('',#517,2.5E-1);
#519=CARTESIAN_POINT('',(2.24E1,2.95E0,-7.52E0));
#520=LINE('4336',#519,#518);
#521=DIRECTION('',(0.E0,1.E0,0.E0));
#522=VECTOR('',#521,2.95E0);
#523=CARTESIAN_POINT('',(2.24E1,0.E0,-8.22E0));
#524=LINE('4338',#523,#522);
#525=DIRECTION('',(0.E0,0.E0,-1.E0));
#526=VECTOR('',#525,5.E-1);
#527=CARTESIAN_POINT('',(2.24E1,0.E0,-7.72E0));
#528=LINE('4201',#527,#526);
#529=DIRECTION('',(0.E0,1.E0,0.E0));
#530=VECTOR('',#529,2.4E0);
#531=CARTESIAN_POINT('',(2.24E1,0.E0,-7.72E0));
#532=LINE('4184',#531,#530);
#533=DIRECTION('',(0.E0,-1.E0,0.E0));
#534=VECTOR('',#533,2.4E0);
#535=CARTESIAN_POINT('',(2.525E1,2.4E0,-7.72E0));
#536=LINE('4093',#535,#534);
#537=CARTESIAN_POINT('',(2.525E1,0.E0,-6.42E0));
#538=DIRECTION('',(0.E0,-1.E0,0.E0));
#539=DIRECTION('',(0.E0,0.E0,-1.E0));
#540=AXIS2_PLACEMENT_3D('',#537,#538,#539);
#542=DIRECTION('',(0.E0,-1.E0,0.E0));
#543=VECTOR('',#542,2.4E0);
#544=CARTESIAN_POINT('',(2.655E1,2.4E0,-6.42E0));
#545=LINE('4094',#544,#543);
#546=DIRECTION('',(0.E0,1.E0,0.E0));
#547=VECTOR('',#546,2.4E0);
#548=CARTESIAN_POINT('',(2.655E1,0.E0,-2.4875E0));
#549=LINE('4127',#548,#547);
#550=DIRECTION('',(1.E0,0.E0,0.E0));
#551=VECTOR('',#550,9.5E-1);
#552=CARTESIAN_POINT('',(2.655E1,0.E0,-2.4875E0));
#553=LINE('4137',#552,#551);
#554=DIRECTION('',(0.E0,1.E0,0.E0));
#555=VECTOR('',#554,2.95E0);
#556=CARTESIAN_POINT('',(2.75E1,0.E0,-2.4875E0));
#557=LINE('4331',#556,#555);
#558=DIRECTION('',(-1.421085471520E-14,-1.E0,0.E0));
#559=VECTOR('',#558,2.5E-1);
#560=CARTESIAN_POINT('',(2.655E1,2.95E0,-2.4875E0));
#561=LINE('4333',#560,#559);
#562=DIRECTION('',(-1.E0,0.E0,0.E0));
#563=VECTOR('',#562,3.E-1);
#564=CARTESIAN_POINT('',(2.655E1,2.7E0,-2.4875E0));
#565=LINE('4138',#564,#563);
#566=DIRECTION('',(0.E0,0.E0,1.E0));
#567=VECTOR('',#566,4.975E0);
#568=CARTESIAN_POINT('',(2.75E1,0.E0,-2.4875E0));
#569=LINE('4125',#568,#567);
#570=DIRECTION('',(-1.E0,0.E0,0.E0));
#571=VECTOR('',#570,3.E-1);
#572=CARTESIAN_POINT('',(2.655E1,2.7E0,2.4875E0));
#573=LINE('4140',#572,#571);
#574=DIRECTION('',(-1.421085471520E-14,-1.E0,0.E0));
#575=VECTOR('',#574,2.5E-1);
#576=CARTESIAN_POINT('',(2.655E1,2.95E0,2.4875E0));
#577=LINE('4334',#576,#575);
#578=DIRECTION('',(0.E0,1.E0,0.E0));
#579=VECTOR('',#578,2.95E0);
#580=CARTESIAN_POINT('',(2.75E1,0.E0,2.4875E0));
#581=LINE('4335',#580,#579);
#582=DIRECTION('',(1.E0,0.E0,0.E0));
#583=VECTOR('',#582,9.5E-1);
#584=CARTESIAN_POINT('',(2.655E1,0.E0,2.4875E0));
#585=LINE('4139',#584,#583);
#586=DIRECTION('',(0.E0,1.E0,0.E0));
#587=VECTOR('',#586,2.4E0);
#588=CARTESIAN_POINT('',(2.655E1,0.E0,2.4875E0));
#589=LINE('4128',#588,#587);
#590=DIRECTION('',(0.E0,-1.E0,0.E0));
#591=VECTOR('',#590,2.4E0);
#592=CARTESIAN_POINT('',(2.655E1,2.4E0,6.42E0));
#593=LINE('4095',#592,#591);
#594=CARTESIAN_POINT('',(2.525E1,0.E0,6.42E0));
#595=DIRECTION('',(0.E0,-1.E0,0.E0));
#596=DIRECTION('',(1.E0,0.E0,0.E0));
#597=AXIS2_PLACEMENT_3D('',#594,#595,#596);
#599=DIRECTION('',(0.E0,-1.E0,0.E0));
#600=VECTOR('',#599,2.4E0);
#601=CARTESIAN_POINT('',(2.525E1,2.4E0,7.72E0));
#602=LINE('4096',#601,#600);
#603=DIRECTION('',(0.E0,1.E0,0.E0));
#604=VECTOR('',#603,2.4E0);
#605=CARTESIAN_POINT('',(2.24E1,0.E0,7.72E0));
#606=LINE('4182',#605,#604);
#607=DIRECTION('',(0.E0,0.E0,-1.E0));
#608=VECTOR('',#607,5.E-1);
#609=CARTESIAN_POINT('',(2.24E1,0.E0,8.22E0));
#610=LINE('4204',#609,#608);
#611=DIRECTION('',(0.E0,-1.E0,0.E0));
#612=VECTOR('',#611,2.95E0);
#613=CARTESIAN_POINT('',(2.24E1,2.95E0,8.22E0));
#614=LINE('4369',#613,#612);
#615=DIRECTION('',(0.E0,1.E0,0.E0));
#616=VECTOR('',#615,2.5E-1);
#617=CARTESIAN_POINT('',(2.24E1,2.7E0,7.52E0));
#618=LINE('4370',#617,#616);
#619=DIRECTION('',(-2.499219116018E-2,-1.775801987961E-14,9.996876464081E-1));
#620=VECTOR('',#619,1.000312451187E-1);
#621=CARTESIAN_POINT('',(2.24025E1,2.7E0,7.42E0));
#622=LINE('4203',#621,#620);
#623=DIRECTION('',(2.499219116022E-2,-1.331851490971E-14,9.996876464081E-1));
#624=VECTOR('',#623,1.000312451187E-1);
#625=CARTESIAN_POINT('',(1.83975E1,2.7E0,7.42E0));
#626=LINE('4199',#625,#624);
#627=DIRECTION('',(0.E0,1.E0,0.E0));
#628=VECTOR('',#627,2.5E-1);
#629=CARTESIAN_POINT('',(1.84E1,2.7E0,7.52E0));
#630=LINE('4366',#629,#628);
#631=DIRECTION('',(0.E0,-1.E0,0.E0));
#632=VECTOR('',#631,2.95E0);
#633=CARTESIAN_POINT('',(1.84E1,2.95E0,8.22E0));
#634=LINE('4368',#633,#632);
#635=DIRECTION('',(0.E0,0.E0,-1.E0));
#636=VECTOR('',#635,5.E-1);
#637=CARTESIAN_POINT('',(1.84E1,0.E0,8.22E0));
#638=LINE('4200',#637,#636);
#639=DIRECTION('',(0.E0,1.E0,0.E0));
#640=VECTOR('',#639,2.4E0);
#641=CARTESIAN_POINT('',(1.84E1,0.E0,7.72E0));
#642=LINE('4181',#641,#640);
#643=DIRECTION('',(0.E0,1.E0,0.E0));
#644=VECTOR('',#643,2.4E0);
#645=CARTESIAN_POINT('',(2.E0,0.E0,7.72E0));
#646=LINE('4162',#645,#644);
#647=DIRECTION('',(0.E0,0.E0,-1.E0));
#648=VECTOR('',#647,5.E-1);
#649=CARTESIAN_POINT('',(2.E0,0.E0,8.22E0));
#650=LINE('4176',#649,#648);
#651=DIRECTION('',(0.E0,-1.E0,0.E0));
#652=VECTOR('',#651,2.95E0);
#653=CARTESIAN_POINT('',(2.E0,2.95E0,8.22E0));
#654=LINE('4364',#653,#652);
#655=DIRECTION('',(0.E0,1.E0,0.E0));
#656=VECTOR('',#655,2.5E-1);
#657=CARTESIAN_POINT('',(2.E0,2.7E0,7.52E0));
#658=LINE('4365',#657,#656);
#659=DIRECTION('',(0.E0,0.E0,1.E0));
#660=VECTOR('',#659,1.E-1);
#661=CARTESIAN_POINT('',(2.E0,2.7E0,7.42E0));
#662=LINE('4175',#661,#660);
#663=DIRECTION('',(0.E0,0.E0,1.E0));
#664=VECTOR('',#663,1.E-1);
#665=CARTESIAN_POINT('',(-2.E0,2.7E0,7.42E0));
#666=LINE('4171',#665,#664);
#667=DIRECTION('',(0.E0,1.E0,0.E0));
#668=VECTOR('',#667,2.5E-1);
#669=CARTESIAN_POINT('',(-2.E0,2.7E0,7.52E0));
#670=LINE('4361',#669,#668);
#671=DIRECTION('',(0.E0,-1.E0,0.E0));
#672=VECTOR('',#671,2.95E0);
#673=CARTESIAN_POINT('',(-2.E0,2.95E0,8.22E0));
#674=LINE('4363',#673,#672);
#675=DIRECTION('',(0.E0,0.E0,-1.E0));
#676=VECTOR('',#675,5.E-1);
#677=CARTESIAN_POINT('',(-2.E0,0.E0,8.22E0));
#678=LINE('4172',#677,#676);
#679=DIRECTION('',(0.E0,1.E0,0.E0));
#680=VECTOR('',#679,2.4E0);
#681=CARTESIAN_POINT('',(-1.84E1,0.E0,7.72E0));
#682=LINE('4209',#681,#680);
#683=DIRECTION('',(0.E0,1.E0,0.E0));
#684=VECTOR('',#683,2.4E0);
#685=CARTESIAN_POINT('',(-2.E0,0.E0,7.72E0));
#686=LINE('4161',#685,#684);
#687=DIRECTION('',(0.E0,0.E0,-1.E0));
#688=VECTOR('',#687,5.E-1);
#689=CARTESIAN_POINT('',(-1.84E1,0.E0,8.22E0));
#690=LINE('4228',#689,#688);
#691=DIRECTION('',(0.E0,-1.E0,0.E0));
#692=VECTOR('',#691,2.95E0);
#693=CARTESIAN_POINT('',(-1.84E1,2.95E0,8.22E0));
#694=LINE('4359',#693,#692);
#695=DIRECTION('',(0.E0,1.E0,0.E0));
#696=VECTOR('',#695,2.5E-1);
#697=CARTESIAN_POINT('',(-1.84E1,2.7E0,7.52E0));
#698=LINE('4360',#697,#696);
#699=DIRECTION('',(-2.499219116025E-2,-1.775801987961E-14,9.996876464081E-1));
#700=VECTOR('',#699,1.000312451187E-1);
#701=CARTESIAN_POINT('',(-1.83975E1,2.7E0,7.42E0));
#702=LINE('4227',#701,#700);
#703=DIRECTION('',(-1.E0,0.E0,0.E0));
#704=VECTOR('',#703,4.E0);
#705=CARTESIAN_POINT('',(-1.84E1,2.95E0,8.22E0));
#706=LINE('4304',#705,#704);
#707=DIRECTION('',(5.773502691896E-1,5.773502691896E-1,-5.773502691896E-1));
#708=VECTOR('',#707,6.928203230276E-1);
#709=CARTESIAN_POINT('',(-2.24E1,2.95E0,8.22E0));
#710=LINE('4306',#709,#708);
#711=DIRECTION('',(-1.E0,0.E0,0.E0));
#712=VECTOR('',#711,3.2E0);
#713=CARTESIAN_POINT('',(-1.88E1,3.35E0,7.82E0));
#714=LINE('4305',#713,#712);
#715=DIRECTION('',(0.E0,0.E0,1.E0));
#716=VECTOR('',#715,7.E-1);
#717=CARTESIAN_POINT('',(-2.24E1,2.95E0,7.52E0));
#718=LINE('4301',#717,#716);
#719=DIRECTION('',(7.071067811865E-1,7.071067811865E-1,0.E0));
#720=VECTOR('',#719,5.656854249492E-1);
#721=CARTESIAN_POINT('',(-2.24E1,2.95E0,7.52E0));
#722=LINE('4303',#721,#720);
#723=DIRECTION('',(0.E0,0.E0,1.E0));
#724=VECTOR('',#723,3.E-1);
#725=CARTESIAN_POINT('',(-2.2E1,3.35E0,7.52E0));
#726=LINE('4302',#725,#724);
#727=DIRECTION('',(-1.E0,0.E0,0.E0));
#728=VECTOR('',#727,4.E0);
#729=CARTESIAN_POINT('',(-1.84E1,2.7E0,7.52E0));
#730=LINE('4207',#729,#728);
#731=DIRECTION('',(0.E0,0.E0,1.E0));
#732=VECTOR('',#731,7.E-1);
#733=CARTESIAN_POINT('',(-1.84E1,2.95E0,7.52E0));
#734=LINE('4307',#733,#732);
#735=DIRECTION('',(-5.773502691896E-1,5.773502691896E-1,-5.773502691896E-1));
#736=VECTOR('',#735,6.928203230276E-1);
#737=CARTESIAN_POINT('',(-1.84E1,2.95E0,8.22E0));
#738=LINE('4309',#737,#736);
#739=DIRECTION('',(-2.368475785867E-14,0.E0,1.E0));
#740=VECTOR('',#739,3.E-1);
#741=CARTESIAN_POINT('',(-1.88E1,3.35E0,7.52E0));
#742=LINE('4308',#741,#740);
#743=DIRECTION('',(-7.071067811865E-1,7.071067811865E-1,0.E0));
#744=VECTOR('',#743,5.656854249492E-1);
#745=CARTESIAN_POINT('',(-1.84E1,2.95E0,7.52E0));
#746=LINE('4310',#745,#744);
#747=DIRECTION('',(-1.E0,0.E0,0.E0));
#748=VECTOR('',#747,3.2E0);
#749=CARTESIAN_POINT('',(-1.88E1,3.35E0,7.52E0));
#750=LINE('4357',#749,#748);
#751=DIRECTION('',(-1.E0,0.E0,0.E0));
#752=VECTOR('',#751,4.005E0);
#753=CARTESIAN_POINT('',(-1.83975E1,2.7E0,7.42E0));
#754=LINE('4421',#753,#752);
#755=DIRECTION('',(-3.535511809050E-3,-7.071023618106E-1,-7.071023618106E-1));
#756=VECTOR('',#755,7.071112005901E-1);
#757=CARTESIAN_POINT('',(-2.24025E1,2.7E0,7.42E0));
#758=LINE('4424',#757,#756);
#759=DIRECTION('',(0.E0,0.E0,1.E0));
#760=VECTOR('',#759,2.975E0);
#761=CARTESIAN_POINT('',(-2.655E1,2.7E0,-1.4875E0));
#762=LINE('4142',#761,#760);
#763=DIRECTION('',(7.649833892083E-3,0.E0,-9.999707395926E-1));
#764=VECTOR('',#763,3.268044816754E-1);
#765=CARTESIAN_POINT('',(-2.2405E1,2.7E0,-7.093205080757E0));
#766=LINE('4390',#765,#764);
#767=DIRECTION('',(-7.649833892061E-3,0.E0,-9.999707395926E-1));
#768=VECTOR('',#767,3.268044816754E-1);
#769=CARTESIAN_POINT('',(-2.24025E1,2.7E0,7.42E0));
#770=LINE('4389',#769,#768);
#771=DIRECTION('',(-7.071067811866E-1,-7.071067811865E-1,0.E0));
#772=VECTOR('',#771,4.242640687119E-1);
#773=CARTESIAN_POINT('',(-2.625E1,2.7E0,1.4875E0));
#774=LINE('4146',#773,#772);
#775=DIRECTION('',(0.E0,0.E0,1.E0));
#776=VECTOR('',#775,4.9325E0);
#777=CARTESIAN_POINT('',(-2.625E1,2.7E0,1.4875E0));
#778=LINE('4150',#777,#776);
#779=DIRECTION('',(-7.071067811866E-1,-7.071067811865E-1,0.E0));
#780=VECTOR('',#779,4.242640687119E-1);
#781=CARTESIAN_POINT('',(-2.625E1,2.7E0,6.42E0));
#782=LINE('4076',#781,#780);
#783=DIRECTION('',(0.E0,0.E0,1.E0));
#784=VECTOR('',#783,4.9325E0);
#785=CARTESIAN_POINT('',(-2.655E1,2.4E0,1.4875E0));
#786=LINE('4152',#785,#784);
#787=DIRECTION('',(0.E0,0.E0,1.E0));
#788=VECTOR('',#787,2.975E0);
#789=CARTESIAN_POINT('',(-2.655E1,2.95E0,-1.4875E0));
#790=LINE('4294',#789,#788);
#791=DIRECTION('',(0.E0,0.E0,1.E0));
#792=VECTOR('',#791,2.175E0);
#793=CARTESIAN_POINT('',(-2.695E1,3.35E0,-1.0875E0));
#794=LINE('4295',#793,#792);
#795=DIRECTION('',(-5.773502691896E-1,5.773502691896E-1,5.773502691896E-1));
#796=VECTOR('',#795,6.928203230275E-1);
#797=CARTESIAN_POINT('',(-2.655E1,2.95E0,-1.4875E0));
#798=LINE('4296',#797,#796);
#799=DIRECTION('',(1.E0,0.E0,0.E0));
#800=VECTOR('',#799,9.5E-1);
#801=CARTESIAN_POINT('',(-2.75E1,2.95E0,1.4875E0));
#802=LINE('4297',#801,#800);
#803=DIRECTION('',(0.E0,7.071067811865E-1,-7.071067811865E-1));
#804=VECTOR('',#803,5.656854249492E-1);
#805=CARTESIAN_POINT('',(-2.75E1,2.95E0,1.4875E0));
#806=LINE('4300',#805,#804);
#807=DIRECTION('',(1.E0,0.E0,0.E0));
#808=VECTOR('',#807,5.5E-1);
#809=CARTESIAN_POINT('',(-2.75E1,3.35E0,1.0875E0));
#810=LINE('4298',#809,#808);
#811=DIRECTION('',(-5.773502691896E-1,5.773502691896E-1,-5.773502691896E-1));
#812=VECTOR('',#811,6.928203230275E-1);
#813=CARTESIAN_POINT('',(-2.655E1,2.95E0,1.4875E0));
#814=LINE('4299',#813,#812);
#815=DIRECTION('',(0.E0,0.E0,1.E0));
#816=VECTOR('',#815,2.175E0);
#817=CARTESIAN_POINT('',(-2.75E1,3.35E0,-1.0875E0));
#818=LINE('4351',#817,#816);
#819=DIRECTION('',(1.E0,0.E0,0.E0));
#820=VECTOR('',#819,9.5E-1);
#821=CARTESIAN_POINT('',(-2.75E1,2.95E0,-1.4875E0));
#822=LINE('4291',#821,#820);
#823=DIRECTION('',(1.E0,0.E0,0.E0));
#824=VECTOR('',#823,5.5E-1);
#825=CARTESIAN_POINT('',(-2.75E1,3.35E0,-1.0875E0));
#826=LINE('4292',#825,#824);
#827=DIRECTION('',(0.E0,7.071067811865E-1,7.071067811865E-1));
#828=VECTOR('',#827,5.656854249492E-1);
#829=CARTESIAN_POINT('',(-2.75E1,2.95E0,-1.4875E0));
#830=LINE('4293',#829,#828);
#831=DIRECTION('',(-7.071067811866E-1,-7.071067811865E-1,0.E0));
#832=VECTOR('',#831,4.242640687119E-1);
#833=CARTESIAN_POINT('',(-2.625E1,2.7E0,-1.4875E0));
#834=LINE('4145',#833,#832);
#835=DIRECTION('',(0.E0,0.E0,1.E0));
#836=VECTOR('',#835,4.9325E0);
#837=CARTESIAN_POINT('',(-2.655E1,2.4E0,-6.42E0));
#838=LINE('4151',#837,#836);
#839=DIRECTION('',(0.E0,0.E0,1.E0));
#840=VECTOR('',#839,4.9325E0);
#841=CARTESIAN_POINT('',(-2.625E1,2.7E0,-6.42E0));
#842=LINE('4149',#841,#840);
#843=CARTESIAN_POINT('',(-2.525E1,2.4E0,-6.42E0));
#844=DIRECTION('',(0.E0,1.E0,0.E0));
#845=DIRECTION('',(0.E0,0.E0,-1.E0));
#846=AXIS2_PLACEMENT_3D('',#843,#844,#845);
#848=CARTESIAN_POINT('',(-2.525E1,2.7E0,-6.42E0));
#849=DIRECTION('',(0.E0,1.E0,0.E0));
#850=DIRECTION('',(0.E0,0.E0,-1.E0));
#851=AXIS2_PLACEMENT_3D('',#848,#849,#850);
#853=DIRECTION('',(7.071067811866E-1,7.071067811865E-1,0.E0));
#854=VECTOR('',#853,4.242640687119E-1);
#855=CARTESIAN_POINT('',(-2.655E1,2.4E0,-6.42E0));
#856=LINE('4079',#855,#854);
#857=DIRECTION('',(5.892454211227E-3,-7.070945053468E-1,-7.070945053468E-1));
#858=VECTOR('',#857,4.242714343436E-1);
#859=CARTESIAN_POINT('',(-2.24025E1,2.7E0,-7.42E0));
#860=LINE('4216',#859,#858);
#861=DIRECTION('',(-1.E0,0.E0,0.E0));
#862=VECTOR('',#861,2.8475E0);
#863=CARTESIAN_POINT('',(-2.24025E1,2.7E0,-7.42E0));
#864=LINE('4428',#863,#862);
#865=DIRECTION('',(0.E0,-7.071067811865E-1,-7.071067811865E-1));
#866=VECTOR('',#865,4.242640687119E-1);
#867=CARTESIAN_POINT('',(-2.525E1,2.7E0,-7.42E0));
#868=LINE('4080',#867,#866);
#869=DIRECTION('',(-1.E0,0.E0,0.E0));
#870=VECTOR('',#869,2.85E0);
#871=CARTESIAN_POINT('',(-2.24E1,2.4E0,-7.72E0));
#872=LINE('4224',#871,#870);
#873=DIRECTION('',(3.535511809060E-3,7.071023618106E-1,-7.071023618106E-1));
#874=VECTOR('',#873,7.071112005901E-1);
#875=CARTESIAN_POINT('',(-2.2405E1,2.2E0,-6.92E0));
#876=LINE('4423',#875,#874);
#877=DIRECTION('',(-1.E0,0.E0,0.E0));
#878=VECTOR('',#877,4.005E0);
#879=CARTESIAN_POINT('',(-1.83975E1,2.7E0,-7.42E0));
#880=LINE('4422',#879,#878);
#881=DIRECTION('',(-1.E0,0.E0,0.E0));
#882=VECTOR('',#881,4.E0);
#883=CARTESIAN_POINT('',(-1.84E1,2.7E0,-7.52E0));
#884=LINE('4206',#883,#882);
#885=DIRECTION('',(-1.E0,0.E0,0.E0));
#886=VECTOR('',#885,3.2E0);
#887=CARTESIAN_POINT('',(-1.88E1,3.35E0,-7.52E0));
#888=LINE('4347',#887,#886);
#889=DIRECTION('',(0.E0,0.E0,1.E0));
#890=VECTOR('',#889,7.E-1);
#891=CARTESIAN_POINT('',(-2.24E1,2.95E0,-8.22E0));
#892=LINE('4287',#891,#890);
#893=DIRECTION('',(5.773502691896E-1,5.773502691896E-1,5.773502691896E-1));
#894=VECTOR('',#893,6.928203230276E-1);
#895=CARTESIAN_POINT('',(-2.24E1,2.95E0,-8.22E0));
#896=LINE('4289',#895,#894);
#897=DIRECTION('',(0.E0,0.E0,1.E0));
#898=VECTOR('',#897,3.E-1);
#899=CARTESIAN_POINT('',(-2.2E1,3.35E0,-7.82E0));
#900=LINE('4288',#899,#898);
#901=DIRECTION('',(7.071067811865E-1,7.071067811865E-1,0.E0));
#902=VECTOR('',#901,5.656854249492E-1);
#903=CARTESIAN_POINT('',(-2.24E1,2.95E0,-7.52E0));
#904=LINE('4290',#903,#902);
#905=DIRECTION('',(-1.E0,0.E0,0.E0));
#906=VECTOR('',#905,3.2E0);
#907=CARTESIAN_POINT('',(-1.88E1,3.35E0,-7.82E0));
#908=LINE('4284',#907,#906);
#909=DIRECTION('',(-1.E0,0.E0,0.E0));
#910=VECTOR('',#909,4.E0);
#911=CARTESIAN_POINT('',(-1.84E1,2.95E0,-8.22E0));
#912=LINE('4285',#911,#910);
#913=DIRECTION('',(5.773502691896E-1,-5.773502691896E-1,-5.773502691896E-1));
#914=VECTOR('',#913,6.928203230275E-1);
#915=CARTESIAN_POINT('',(-1.88E1,3.35E0,-7.82E0));
#916=LINE('4286',#915,#914);
#917=DIRECTION('',(0.E0,0.E0,1.E0));
#918=VECTOR('',#917,7.E-1);
#919=CARTESIAN_POINT('',(-1.84E1,2.95E0,-8.22E0));
#920=LINE('4281',#919,#918);
#921=DIRECTION('',(-7.071067811865E-1,7.071067811865E-1,0.E0));
#922=VECTOR('',#921,5.656854249492E-1);
#923=CARTESIAN_POINT('',(-1.84E1,2.95E0,-7.52E0));
#924=LINE('4283',#923,#922);
#925=DIRECTION('',(0.E0,0.E0,1.E0));
#926=VECTOR('',#925,3.E-1);
#927=CARTESIAN_POINT('',(-1.88E1,3.35E0,-7.82E0));
#928=LINE('4282',#927,#926);
#929=DIRECTION('',(-3.535511809060E-3,7.071023618106E-1,-7.071023618106E-1));
#930=VECTOR('',#929,7.071112005901E-1);
#931=CARTESIAN_POINT('',(-1.8395E1,2.2E0,-6.92E0));
#932=LINE('4425',#931,#930);
#933=DIRECTION('',(1.E0,0.E0,0.E0));
#934=VECTOR('',#933,4.E0);
#935=CARTESIAN_POINT('',(-2.E0,2.7E0,-7.52E0));
#936=LINE('4158',#935,#934);
#937=DIRECTION('',(7.649833892072E-3,0.E0,-9.999707395926E-1));
#938=VECTOR('',#937,3.268044816754E-1);
#939=CARTESIAN_POINT('',(1.8395E1,2.7E0,-7.093205080757E0));
#940=LINE('4374',#939,#938);
#941=DIRECTION('',(-7.649833892072E-3,0.E0,-9.999707395926E-1));
#942=VECTOR('',#941,3.268044816754E-1);
#943=CARTESIAN_POINT('',(-1.8395E1,2.7E0,-7.093205080757E0));
#944=LINE('4392',#943,#942);
#945=DIRECTION('',(-5.892454211235E-3,-7.070945053468E-1,-7.070945053468E-1));
#946=VECTOR('',#945,4.242714343436E-1);
#947=CARTESIAN_POINT('',(-1.83975E1,2.7E0,-7.42E0));
#948=LINE('4215',#947,#946);
#949=DIRECTION('',(-1.E0,0.E0,0.E0));
#950=VECTOR('',#949,1.64E1);
#951=CARTESIAN_POINT('',(-2.E0,2.4E0,-7.72E0));
#952=LINE('4223',#951,#950);
#953=DIRECTION('',(0.E0,-7.071067811865E-1,-7.071067811865E-1));
#954=VECTOR('',#953,4.242640687119E-1);
#955=CARTESIAN_POINT('',(-2.E0,2.7E0,-7.42E0));
#956=LINE('4167',#955,#954);
#957=DIRECTION('',(-1.E0,0.E0,0.E0));
#958=VECTOR('',#957,1.63975E1);
#959=CARTESIAN_POINT('',(-2.E0,2.7E0,-7.42E0));
#960=LINE('4430',#959,#958);
#961=DIRECTION('',(1.E0,0.E0,0.E0));
#962=VECTOR('',#961,3.2E0);
#963=CARTESIAN_POINT('',(-1.6E0,3.35E0,-7.52E0));
#964=LINE('4342',#963,#962);
#965=DIRECTION('',(0.E0,0.E0,1.E0));
#966=VECTOR('',#965,7.E-1);
#967=CARTESIAN_POINT('',(-2.E0,2.95E0,-8.22E0));
#968=LINE('4277',#967,#966);
#969=DIRECTION('',(5.773502691896E-1,5.773502691896E-1,5.773502691896E-1));
#970=VECTOR('',#969,6.928203230276E-1);
#971=CARTESIAN_POINT('',(-2.E0,2.95E0,-8.22E0));
#972=LINE('4279',#971,#970);
#973=DIRECTION('',(0.E0,0.E0,1.E0));
#974=VECTOR('',#973,3.E-1);
#975=CARTESIAN_POINT('',(-1.6E0,3.35E0,-7.82E0));
#976=LINE('4278',#975,#974);
#977=DIRECTION('',(7.071067811865E-1,7.071067811865E-1,0.E0));
#978=VECTOR('',#977,5.656854249492E-1);
#979=CARTESIAN_POINT('',(-2.E0,2.95E0,-7.52E0));
#980=LINE('4280',#979,#978);
#981=DIRECTION('',(1.E0,0.E0,0.E0));
#982=VECTOR('',#981,3.2E0);
#983=CARTESIAN_POINT('',(-1.6E0,3.35E0,-7.82E0));
#984=LINE('4274',#983,#982);
#985=DIRECTION('',(1.E0,0.E0,0.E0));
#986=VECTOR('',#985,4.E0);
#987=CARTESIAN_POINT('',(-2.E0,2.95E0,-8.22E0));
#988=LINE('4275',#987,#986);
#989=DIRECTION('',(5.773502691896E-1,-5.773502691896E-1,-5.773502691896E-1));
#990=VECTOR('',#989,6.928203230276E-1);
#991=CARTESIAN_POINT('',(1.6E0,3.35E0,-7.82E0));
#992=LINE('4276',#991,#990);
#993=DIRECTION('',(0.E0,0.E0,1.E0));
#994=VECTOR('',#993,7.E-1);
#995=CARTESIAN_POINT('',(2.E0,2.95E0,-8.22E0));
#996=LINE('4271',#995,#994);
#997=DIRECTION('',(-7.071067811865E-1,7.071067811865E-1,0.E0));
#998=VECTOR('',#997,5.656854249492E-1);
#999=CARTESIAN_POINT('',(2.E0,2.95E0,-7.52E0));
#1000=LINE('4273',#999,#998);
#1001=DIRECTION('',(0.E0,0.E0,1.E0));
#1002=VECTOR('',#1001,3.E-1);
#1003=CARTESIAN_POINT('',(1.6E0,3.35E0,-7.82E0));
#1004=LINE('4272',#1003,#1002);
#1005=DIRECTION('',(5.892454211235E-3,-7.070945053468E-1,-7.070945053468E-1));
#1006=VECTOR('',#1005,4.242714343436E-1);
#1007=CARTESIAN_POINT('',(1.83975E1,2.7E0,-7.42E0));
#1008=LINE('4187',#1007,#1006);
#1009=DIRECTION('',(-1.E0,0.E0,0.E0));
#1010=VECTOR('',#1009,1.63975E1);
#1011=CARTESIAN_POINT('',(1.83975E1,2.7E0,-7.42E0));
#1012=LINE('4420',#1011,#1010);
#1013=DIRECTION('',(0.E0,-7.071067811865E-1,-7.071067811865E-1));
#1014=VECTOR('',#1013,4.242640687119E-1);
#1015=CARTESIAN_POINT('',(2.E0,2.7E0,-7.42E0));
#1016=LINE('4168',#1015,#1014);
#1017=DIRECTION('',(-1.E0,0.E0,0.E0));
#1018=VECTOR('',#1017,1.64E1);
#1019=CARTESIAN_POINT('',(1.84E1,2.4E0,-7.72E0));
#1020=LINE('4196',#1019,#1018);
#1021=DIRECTION('',(3.535511809055E-3,7.071023618106E-1,-7.071023618106E-1));
#1022=VECTOR('',#1021,7.071112005901E-1);
#1023=CARTESIAN_POINT('',(1.8395E1,2.2E0,-6.92E0));
#1024=LINE('4417',#1023,#1022);
#1025=DIRECTION('',(1.E0,0.E0,0.E0));
#1026=VECTOR('',#1025,4.005E0);
#1027=CARTESIAN_POINT('',(1.83975E1,2.7E0,-7.42E0));
#1028=LINE('4412',#1027,#1026);
#1029=DIRECTION('',(1.E0,0.E0,0.E0));
#1030=VECTOR('',#1029,4.E0);
#1031=CARTESIAN_POINT('',(1.84E1,2.7E0,-7.52E0));
#1032=LINE('4178',#1031,#1030);
#1033=DIRECTION('',(1.E0,0.E0,0.E0));
#1034=VECTOR('',#1033,3.2E0);
#1035=CARTESIAN_POINT('',(1.88E1,3.35E0,-7.52E0));
#1036=LINE('4337',#1035,#1034);
#1037=DIRECTION('',(0.E0,0.E0,1.E0));
#1038=VECTOR('',#1037,7.E-1);
#1039=CARTESIAN_POINT('',(1.84E1,2.95E0,-8.22E0));
#1040=LINE('4267',#1039,#1038);
#1041=DIRECTION('',(5.773502691896E-1,5.773502691896E-1,5.773502691896E-1));
#1042=VECTOR('',#1041,6.928203230275E-1);
#1043=CARTESIAN_POINT('',(1.84E1,2.95E0,-8.22E0));
#1044=LINE('4269',#1043,#1042);
#1045=DIRECTION('',(0.E0,0.E0,1.E0));
#1046=VECTOR('',#1045,3.E-1);
#1047=CARTESIAN_POINT('',(1.88E1,3.35E0,-7.82E0));
#1048=LINE('4268',#1047,#1046);
#1049=DIRECTION('',(7.071067811865E-1,7.071067811865E-1,0.E0));
#1050=VECTOR('',#1049,5.656854249492E-1);
#1051=CARTESIAN_POINT('',(1.84E1,2.95E0,-7.52E0));
#1052=LINE('4270',#1051,#1050);
#1053=DIRECTION('',(1.E0,0.E0,0.E0));
#1054=VECTOR('',#1053,3.2E0);
#1055=CARTESIAN_POINT('',(1.88E1,3.35E0,-7.82E0));
#1056=LINE('4264',#1055,#1054);
#1057=DIRECTION('',(1.E0,0.E0,0.E0));
#1058=VECTOR('',#1057,4.E0);
#1059=CARTESIAN_POINT('',(1.84E1,2.95E0,-8.22E0));
#1060=LINE('4265',#1059,#1058);
#1061=DIRECTION('',(5.773502691896E-1,-5.773502691896E-1,-5.773502691896E-1));
#1062=VECTOR('',#1061,6.928203230276E-1);
#1063=CARTESIAN_POINT('',(2.2E1,3.35E0,-7.82E0));
#1064=LINE('4266',#1063,#1062);
#1065=DIRECTION('',(0.E0,0.E0,1.E0));
#1066=VECTOR('',#1065,7.E-1);
#1067=CARTESIAN_POINT('',(2.24E1,2.95E0,-8.22E0));
#1068=LINE('4261',#1067,#1066);
#1069=DIRECTION('',(-7.071067811865E-1,7.071067811865E-1,0.E0));
#1070=VECTOR('',#1069,5.656854249492E-1);
#1071=CARTESIAN_POINT('',(2.24E1,2.95E0,-7.52E0));
#1072=LINE('4263',#1071,#1070);
#1073=DIRECTION('',(0.E0,0.E0,1.E0));
#1074=VECTOR('',#1073,3.E-1);
#1075=CARTESIAN_POINT('',(2.2E1,3.35E0,-7.82E0));
#1076=LINE('4262',#1075,#1074);
#1077=DIRECTION('',(-3.535511809050E-3,7.071023618106E-1,-7.071023618106E-1));
#1078=VECTOR('',#1077,7.071112005901E-1);
#1079=CARTESIAN_POINT('',(2.2405E1,2.2E0,-6.92E0));
#1080=LINE('4415',#1079,#1078);
#1081=DIRECTION('',(7.649833892083E-3,0.E0,-9.999707395926E-1));
#1082=VECTOR('',#1081,3.268044816754E-1);
#1083=CARTESIAN_POINT('',(2.24025E1,2.7E0,7.42E0));
#1084=LINE('4371',#1083,#1082);
#1085=DIRECTION('',(-7.649833892061E-3,0.E0,-9.999707395926E-1));
#1086=VECTOR('',#1085,3.268044816754E-1);
#1087=CARTESIAN_POINT('',(2.2405E1,2.7E0,-7.093205080757E0));
#1088=LINE('4372',#1087,#1086);
#1089=DIRECTION('',(0.E0,0.E0,1.E0));
#1090=VECTOR('',#1089,4.975E0);
#1091=CARTESIAN_POINT('',(2.655E1,2.7E0,-2.4875E0));
#1092=LINE('4126',#1091,#1090);
#1093=DIRECTION('',(-5.892454211227E-3,-7.070945053468E-1,7.070945053468E-1));
#1094=VECTOR('',#1093,4.242714343436E-1);
#1095=CARTESIAN_POINT('',(2.24025E1,2.7E0,7.42E0));
#1096=LINE('4186',#1095,#1094);
#1097=DIRECTION('',(1.E0,0.E0,0.E0));
#1098=VECTOR('',#1097,2.8475E0);
#1099=CARTESIAN_POINT('',(2.24025E1,2.7E0,7.42E0));
#1100=LINE('4413',#1099,#1098);
#1101=DIRECTION('',(1.E0,0.E0,0.E0));
#1102=VECTOR('',#1101,2.85E0);
#1103=CARTESIAN_POINT('',(2.24E1,2.4E0,7.72E0));
#1104=LINE('4194',#1103,#1102);
#1105=CARTESIAN_POINT('',(2.525E1,2.4E0,6.42E0));
#1106=DIRECTION('',(0.E0,1.E0,0.E0));
#1107=DIRECTION('',(0.E0,0.E0,1.E0));
#1108=AXIS2_PLACEMENT_3D('',#1105,#1106,#1107);
#1110=DIRECTION('',(0.E0,7.071067811865E-1,-7.071067811865E-1));
#1111=VECTOR('',#1110,4.242640687119E-1);
#1112=CARTESIAN_POINT('',(2.525E1,2.4E0,7.72E0));
#1113=LINE('4088',#1112,#1111);
#1114=CARTESIAN_POINT('',(2.525E1,2.7E0,6.42E0));
#1115=DIRECTION('',(0.E0,1.E0,0.E0));
#1116=DIRECTION('',(0.E0,0.E0,1.E0));
#1117=AXIS2_PLACEMENT_3D('',#1114,#1115,#1116);
#1119=DIRECTION('',(-7.071067811866E-1,7.071067811865E-1,0.E0));
#1120=VECTOR('',#1119,4.242640687119E-1);
#1121=CARTESIAN_POINT('',(2.655E1,2.4E0,6.42E0));
#1122=LINE('4087',#1121,#1120);
#1123=DIRECTION('',(7.071067811866E-1,-7.071067811865E-1,0.E0));
#1124=VECTOR('',#1123,4.242640687119E-1);
#1125=CARTESIAN_POINT('',(2.625E1,2.7E0,2.4875E0));
#1126=LINE('4130',#1125,#1124);
#1127=DIRECTION('',(0.E0,0.E0,-1.E0));
#1128=VECTOR('',#1127,3.9325E0);
#1129=CARTESIAN_POINT('',(2.655E1,2.4E0,6.42E0));
#1130=LINE('4135',#1129,#1128);
#1131=DIRECTION('',(0.E0,0.E0,-1.E0));
#1132=VECTOR('',#1131,3.9325E0);
#1133=CARTESIAN_POINT('',(2.625E1,2.7E0,6.42E0));
#1134=LINE('4133',#1133,#1132);
#1135=DIRECTION('',(3.535511809060E-3,-7.071023618106E-1,-7.071023618106E-1));
#1136=VECTOR('',#1135,7.071112005901E-1);
#1137=CARTESIAN_POINT('',(2.24025E1,2.7E0,7.42E0));
#1138=LINE('4416',#1137,#1136);
#1139=DIRECTION('',(1.E0,0.E0,0.E0));
#1140=VECTOR('',#1139,4.005E0);
#1141=CARTESIAN_POINT('',(1.83975E1,2.7E0,7.42E0));
#1142=LINE('4411',#1141,#1140);
#1143=DIRECTION('',(1.E0,0.E0,0.E0));
#1144=VECTOR('',#1143,4.E0);
#1145=CARTESIAN_POINT('',(1.84E1,2.7E0,7.52E0));
#1146=LINE('4179',#1145,#1144);
#1147=DIRECTION('',(0.E0,0.E0,1.E0));
#1148=VECTOR('',#1147,7.E-1);
#1149=CARTESIAN_POINT('',(2.24E1,2.95E0,7.52E0));
#1150=LINE('4327',#1149,#1148);
#1151=DIRECTION('',(-5.773502691896E-1,5.773502691896E-1,-5.773502691896E-1));
#1152=VECTOR('',#1151,6.928203230276E-1);
#1153=CARTESIAN_POINT('',(2.24E1,2.95E0,8.22E0));
#1154=LINE('4329',#1153,#1152);
#1155=DIRECTION('',(0.E0,0.E0,1.E0));
#1156=VECTOR('',#1155,3.E-1);
#1157=CARTESIAN_POINT('',(2.2E1,3.35E0,7.52E0));
#1158=LINE('4328',#1157,#1156);
#1159=DIRECTION('',(-7.071067811865E-1,7.071067811865E-1,0.E0));
#1160=VECTOR('',#1159,5.656854249492E-1);
#1161=CARTESIAN_POINT('',(2.24E1,2.95E0,7.52E0));
#1162=LINE('4330',#1161,#1160);
#1163=DIRECTION('',(1.E0,0.E0,0.E0));
#1164=VECTOR('',#1163,4.E0);
#1165=CARTESIAN_POINT('',(1.84E1,2.95E0,8.22E0));
#1166=LINE('4324',#1165,#1164);
#1167=DIRECTION('',(5.773502691896E-1,5.773502691896E-1,-5.773502691896E-1));
#1168=VECTOR('',#1167,6.928203230276E-1);
#1169=CARTESIAN_POINT('',(1.84E1,2.95E0,8.22E0));
#1170=LINE('4326',#1169,#1168);
#1171=DIRECTION('',(1.E0,0.E0,0.E0));
#1172=VECTOR('',#1171,3.2E0);
#1173=CARTESIAN_POINT('',(1.88E1,3.35E0,7.82E0));
#1174=LINE('4325',#1173,#1172);
#1175=DIRECTION('',(0.E0,0.E0,1.E0));
#1176=VECTOR('',#1175,7.E-1);
#1177=CARTESIAN_POINT('',(1.84E1,2.95E0,7.52E0));
#1178=LINE('4321',#1177,#1176);
#1179=DIRECTION('',(7.071067811865E-1,7.071067811865E-1,0.E0));
#1180=VECTOR('',#1179,5.656854249492E-1);
#1181=CARTESIAN_POINT('',(1.84E1,2.95E0,7.52E0));
#1182=LINE('4323',#1181,#1180);
#1183=DIRECTION('',(2.368475785867E-14,0.E0,1.E0));
#1184=VECTOR('',#1183,3.E-1);
#1185=CARTESIAN_POINT('',(1.88E1,3.35E0,7.52E0));
#1186=LINE('4322',#1185,#1184);
#1187=DIRECTION('',(1.E0,0.E0,0.E0));
#1188=VECTOR('',#1187,3.2E0);
#1189=CARTESIAN_POINT('',(1.88E1,3.35E0,7.52E0));
#1190=LINE('4367',#1189,#1188);
#1191=DIRECTION('',(-3.535511809060E-3,-7.071023618106E-1,-7.071023618106E-1));
#1192=VECTOR('',#1191,7.071112005901E-1);
#1193=CARTESIAN_POINT('',(1.83975E1,2.7E0,7.42E0));
#1194=LINE('4418',#1193,#1192);
#1195=DIRECTION('',(7.649833892072E-3,0.E0,-9.999707395926E-1));
#1196=VECTOR('',#1195,3.268044816754E-1);
#1197=CARTESIAN_POINT('',(-1.83975E1,2.7E0,7.42E0));
#1198=LINE('4391',#1197,#1196);
#1199=DIRECTION('',(-7.649833892072E-3,0.E0,-9.999707395926E-1));
#1200=VECTOR('',#1199,3.268044816754E-1);
#1201=CARTESIAN_POINT('',(1.83975E1,2.7E0,7.42E0));
#1202=LINE('4373',#1201,#1200);
#1203=DIRECTION('',(-5.892454211235E-3,-7.070945053468E-1,7.070945053468E-1));
#1204=VECTOR('',#1203,4.242714343436E-1);
#1205=CARTESIAN_POINT('',(-1.83975E1,2.7E0,7.42E0));
#1206=LINE('4213',#1205,#1204);
#1207=DIRECTION('',(1.E0,0.E0,0.E0));
#1208=VECTOR('',#1207,1.63975E1);
#1209=CARTESIAN_POINT('',(-1.83975E1,2.7E0,7.42E0));
#1210=LINE('4429',#1209,#1208);
#1211=DIRECTION('',(0.E0,-7.071067811865E-1,7.071067811865E-1));
#1212=VECTOR('',#1211,4.242640687119E-1);
#1213=CARTESIAN_POINT('',(-2.E0,2.7E0,7.42E0));
#1214=LINE('4165',#1213,#1212);
#1215=DIRECTION('',(1.E0,0.E0,0.E0));
#1216=VECTOR('',#1215,1.64E1);
#1217=CARTESIAN_POINT('',(-1.84E1,2.4E0,7.72E0));
#1218=LINE('4222',#1217,#1216);
#1219=DIRECTION('',(3.535511809055E-3,-7.071023618106E-1,-7.071023618106E-1));
#1220=VECTOR('',#1219,7.071112005901E-1);
#1221=CARTESIAN_POINT('',(-1.83975E1,2.7E0,7.42E0));
#1222=LINE('4426',#1221,#1220);
#1223=DIRECTION('',(0.E0,1.E0,0.E0));
#1224=VECTOR('',#1223,2.4E-1);
#1225=CARTESIAN_POINT('',(-1.5625E1,1.8E0,6.92E0));
#1226=LINE('4521',#1225,#1224);
#1227=DIRECTION('',(-1.E0,0.E0,0.E0));
#1228=VECTOR('',#1227,4.01E0);
#1229=CARTESIAN_POINT('',(-1.1615E1,2.04E0,6.92E0));
#1230=LINE('4523',#1229,#1228);
#1231=DIRECTION('',(0.E0,1.E0,0.E0));
#1232=VECTOR('',#1231,2.4E-1);
#1233=CARTESIAN_POINT('',(-1.1615E1,1.8E0,6.92E0));
#1234=LINE('4522',#1233,#1232);
#1235=DIRECTION('',(0.E0,1.E0,0.E0));
#1236=VECTOR('',#1235,2.4E-1);
#1237=CARTESIAN_POINT('',(-8.815E0,1.8E0,6.92E0));
#1238=LINE('4497',#1237,#1236);
#1239=DIRECTION('',(-1.E0,0.E0,0.E0));
#1240=VECTOR('',#1239,4.01E0);
#1241=CARTESIAN_POINT('',(-4.805E0,2.04E0,6.92E0));
#1242=LINE('4499',#1241,#1240);
#1243=DIRECTION('',(0.E0,1.E0,0.E0));
#1244=VECTOR('',#1243,2.4E-1);
#1245=CARTESIAN_POINT('',(-4.805E0,1.8E0,6.92E0));
#1246=LINE('4498',#1245,#1244);
#1247=DIRECTION('',(0.E0,1.E0,0.E0));
#1248=VECTOR('',#1247,2.4E-1);
#1249=CARTESIAN_POINT('',(-2.005E0,1.8E0,6.92E0));
#1250=LINE('4238',#1249,#1248);
#1251=DIRECTION('',(1.E0,0.E0,0.E0));
#1252=VECTOR('',#1251,4.01E0);
#1253=CARTESIAN_POINT('',(-2.005E0,2.04E0,6.92E0));
#1254=LINE('4239',#1253,#1252);
#1255=DIRECTION('',(0.E0,1.E0,0.E0));
#1256=VECTOR('',#1255,2.4E-1);
#1257=CARTESIAN_POINT('',(2.005E0,1.8E0,6.92E0));
#1258=LINE('4237',#1257,#1256);
#1259=DIRECTION('',(0.E0,1.E0,0.E0));
#1260=VECTOR('',#1259,2.4E-1);
#1261=CARTESIAN_POINT('',(4.805E0,1.8E0,6.92E0));
#1262=LINE('4436',#1261,#1260);
#1263=DIRECTION('',(1.E0,0.E0,0.E0));
#1264=VECTOR('',#1263,4.01E0);
#1265=CARTESIAN_POINT('',(4.805E0,2.04E0,6.92E0));
#1266=LINE('4437',#1265,#1264);
#1267=DIRECTION('',(0.E0,1.E0,0.E0));
#1268=VECTOR('',#1267,2.4E-1);
#1269=CARTESIAN_POINT('',(8.815E0,1.8E0,6.92E0));
#1270=LINE('4435',#1269,#1268);
#1271=DIRECTION('',(0.E0,1.E0,0.E0));
#1272=VECTOR('',#1271,2.4E-1);
#1273=CARTESIAN_POINT('',(1.1615E1,1.8E0,6.92E0));
#1274=LINE('4460',#1273,#1272);
#1275=DIRECTION('',(1.E0,0.E0,0.E0));
#1276=VECTOR('',#1275,4.01E0);
#1277=CARTESIAN_POINT('',(1.1615E1,2.04E0,6.92E0));
#1278=LINE('4461',#1277,#1276);
#1279=DIRECTION('',(0.E0,1.E0,0.E0));
#1280=VECTOR('',#1279,2.4E-1);
#1281=CARTESIAN_POINT('',(1.5625E1,1.8E0,6.92E0));
#1282=LINE('4459',#1281,#1280);
#1283=DIRECTION('',(0.E0,1.E0,0.E0));
#1284=VECTOR('',#1283,2.4E-1);
#1285=CARTESIAN_POINT('',(1.8425E1,1.8E0,6.92E0));
#1286=LINE('4463',#1285,#1284);
#1287=DIRECTION('',(1.E0,0.E0,0.E0));
#1288=VECTOR('',#1287,4.01E0);
#1289=CARTESIAN_POINT('',(1.8425E1,2.04E0,6.92E0));
#1290=LINE('4464',#1289,#1288);
#1291=DIRECTION('',(0.E0,1.E0,0.E0));
#1292=VECTOR('',#1291,2.4E-1);
#1293=CARTESIAN_POINT('',(2.2435E1,1.8E0,6.92E0));
#1294=LINE('4462',#1293,#1292);
#1295=DIRECTION('',(0.E0,-1.E0,0.E0));
#1296=VECTOR('',#1295,2.E-1);
#1297=CARTESIAN_POINT('',(2.2405E1,2.4E0,6.92E0));
#1298=LINE('4375',#1297,#1296);
#1299=DIRECTION('',(1.E0,0.E0,0.E0));
#1300=VECTOR('',#1299,4.01E0);
#1301=CARTESIAN_POINT('',(1.8395E1,2.2E0,6.92E0));
#1302=LINE('4377',#1301,#1300);
#1303=DIRECTION('',(0.E0,-1.E0,0.E0));
#1304=VECTOR('',#1303,2.E-1);
#1305=CARTESIAN_POINT('',(1.8395E1,2.4E0,6.92E0));
#1306=LINE('4376',#1305,#1304);
#1307=DIRECTION('',(0.E0,-1.E0,0.E0));
#1308=VECTOR('',#1307,2.E-1);
#1309=CARTESIAN_POINT('',(-1.8395E1,2.4E0,6.92E0));
#1310=LINE('4394',#1309,#1308);
#1311=DIRECTION('',(-1.E0,0.E0,0.E0));
#1312=VECTOR('',#1311,4.01E0);
#1313=CARTESIAN_POINT('',(-1.8395E1,2.2E0,6.92E0));
#1314=LINE('4395',#1313,#1312);
#1315=DIRECTION('',(0.E0,-1.E0,0.E0));
#1316=VECTOR('',#1315,2.E-1);
#1317=CARTESIAN_POINT('',(-2.2405E1,2.4E0,6.92E0));
#1318=LINE('4393',#1317,#1316);
#1319=DIRECTION('',(0.E0,1.E0,0.E0));
#1320=VECTOR('',#1319,2.4E-1);
#1321=CARTESIAN_POINT('',(-2.2435E1,1.8E0,6.92E0));
#1322=LINE('4524',#1321,#1320);
#1323=DIRECTION('',(-1.E0,0.E0,0.E0));
#1324=VECTOR('',#1323,4.01E0);
#1325=CARTESIAN_POINT('',(-1.8425E1,2.04E0,6.92E0));
#1326=LINE('4526',#1325,#1324);
#1327=DIRECTION('',(0.E0,1.E0,0.E0));
#1328=VECTOR('',#1327,2.4E-1);
#1329=CARTESIAN_POINT('',(-1.8425E1,1.8E0,6.92E0));
#1330=LINE('4525',#1329,#1328);
#1331=DIRECTION('',(0.E0,1.E0,0.E0));
#1332=VECTOR('',#1331,1.6E0);
#1333=CARTESIAN_POINT('',(-1.5625E1,0.E0,6.92E0));
#1334=LINE('5084',#1333,#1332);
#1335=DIRECTION('',(0.E0,-9.986295347546E-1,5.233595624295E-2));
#1336=VECTOR('',#1335,1.991594586759E0);
#1337=CARTESIAN_POINT('',(-1.5625E1,1.988865175595E0,7.21E0));
#1338=LINE('4540',#1337,#1336);
#1339=DIRECTION('',(0.E0,-1.736481776669E-1,9.848077530122E-1));
#1340=VECTOR('',#1339,2.944737174469E-1);
#1341=CARTESIAN_POINT('',(-1.5625E1,2.04E0,6.92E0));
#1342=LINE('4539',#1341,#1340);
#1343=CARTESIAN_POINT('',(-1.5625E1,1.8E0,6.72E0));
#1344=DIRECTION('',(-1.E0,0.E0,0.E0));
#1345=DIRECTION('',(0.E0,-1.E0,0.E0));
#1346=AXIS2_PLACEMENT_3D('',#1343,#1344,#1345);
#1348=DIRECTION('',(0.E0,0.E0,-1.E0));
#1349=VECTOR('',#1348,2.E-1);
#1350=CARTESIAN_POINT('',(-1.5625E1,1.6E0,6.92E0));
#1351=LINE('5085',#1350,#1349);
#1352=DIRECTION('',(-1.E0,0.E0,0.E0));
#1353=VECTOR('',#1352,4.01E0);
#1354=CARTESIAN_POINT('',(-1.8425E1,1.6E0,-6.92E0));
#1355=LINE('5271',#1354,#1353);
#1356=DIRECTION('',(-1.E0,0.E0,0.E0));
#1357=VECTOR('',#1356,4.01E0);
#1358=CARTESIAN_POINT('',(-1.1615E1,1.6E0,-6.92E0));
#1359=LINE('5270',#1358,#1357);
#1360=DIRECTION('',(-1.E0,0.E0,0.E0));
#1361=VECTOR('',#1360,4.01E0);
#1362=CARTESIAN_POINT('',(-4.805E0,1.6E0,-6.92E0));
#1363=LINE('5269',#1362,#1361);
#1364=DIRECTION('',(-1.E0,0.E0,0.E0));
#1365=VECTOR('',#1364,4.01E0);
#1366=CARTESIAN_POINT('',(2.005E0,1.6E0,-6.92E0));
#1367=LINE('5268',#1366,#1365);
#1368=DIRECTION('',(-1.E0,0.E0,0.E0));
#1369=VECTOR('',#1368,4.01E0);
#1370=CARTESIAN_POINT('',(8.815E0,1.6E0,-6.92E0));
#1371=LINE('5267',#1370,#1369);
#1372=DIRECTION('',(-1.E0,0.E0,0.E0));
#1373=VECTOR('',#1372,4.01E0);
#1374=CARTESIAN_POINT('',(1.5625E1,1.6E0,-6.92E0));
#1375=LINE('5266',#1374,#1373);
#1376=DIRECTION('',(-1.E0,0.E0,0.E0));
#1377=VECTOR('',#1376,4.01E0);
#1378=CARTESIAN_POINT('',(2.2435E1,1.6E0,-6.92E0));
#1379=LINE('5265',#1378,#1377);
#1380=DIRECTION('',(1.E0,0.E0,0.E0));
#1381=VECTOR('',#1380,4.01E0);
#1382=CARTESIAN_POINT('',(1.8425E1,1.6E0,6.92E0));
#1383=LINE('5278',#1382,#1381);
#1384=DIRECTION('',(1.E0,0.E0,0.E0));
#1385=VECTOR('',#1384,4.01E0);
#1386=CARTESIAN_POINT('',(1.1615E1,1.6E0,6.92E0));
#1387=LINE('5277',#1386,#1385);
#1388=DIRECTION('',(1.E0,0.E0,0.E0));
#1389=VECTOR('',#1388,4.01E0);
#1390=CARTESIAN_POINT('',(4.805E0,1.6E0,6.92E0));
#1391=LINE('5276',#1390,#1389);
#1392=DIRECTION('',(1.E0,0.E0,0.E0));
#1393=VECTOR('',#1392,4.01E0);
#1394=CARTESIAN_POINT('',(-2.005E0,1.6E0,6.92E0));
#1395=LINE('5275',#1394,#1393);
#1396=DIRECTION('',(1.E0,0.E0,0.E0));
#1397=VECTOR('',#1396,4.01E0);
#1398=CARTESIAN_POINT('',(-8.815E0,1.6E0,6.92E0));
#1399=LINE('5274',#1398,#1397);
#1400=DIRECTION('',(1.E0,0.E0,0.E0));
#1401=VECTOR('',#1400,4.01E0);
#1402=CARTESIAN_POINT('',(-1.5625E1,1.6E0,6.92E0));
#1403=LINE('5273',#1402,#1401);
#1404=DIRECTION('',(1.E0,0.E0,0.E0));
#1405=VECTOR('',#1404,4.01E0);
#1406=CARTESIAN_POINT('',(-2.2435E1,1.6E0,6.92E0));
#1407=LINE('5272',#1406,#1405);
#1408=DIRECTION('',(1.E0,0.E0,0.E0));
#1409=VECTOR('',#1408,2.815E0);
#1410=CARTESIAN_POINT('',(-2.525E1,1.6E0,-6.72E0));
#1411=LINE('5205',#1410,#1409);
#1412=CARTESIAN_POINT('',(-2.525E1,1.8E0,-6.72E0));
#1413=DIRECTION('',(1.E0,0.E0,0.E0));
#1414=DIRECTION('',(0.E0,-1.E0,0.E0));
#1415=AXIS2_PLACEMENT_3D('',#1412,#1413,#1414);
#1417=DIRECTION('',(1.E0,0.E0,0.E0));
#1418=VECTOR('',#1417,2.814999999942E0);
#1419=CARTESIAN_POINT('',(-2.524999999994E1,1.8E0,-6.92E0));
#1420=LINE('4533',#1419,#1418);
#1421=DIRECTION('',(0.E0,1.E0,0.E0));
#1422=VECTOR('',#1421,1.6E0);
#1423=CARTESIAN_POINT('',(-2.2435E1,0.E0,-6.92E0));
#1424=LINE('5091',#1423,#1422);
#1425=DIRECTION('',(-3.552713678800E-14,0.E0,-1.E0));
#1426=VECTOR('',#1425,2.E-1);
#1427=CARTESIAN_POINT('',(-2.2435E1,1.6E0,-6.72E0));
#1428=LINE('5094',#1427,#1426);
#1429=CARTESIAN_POINT('',(-2.2435E1,1.8E0,-6.72E0));
#1430=DIRECTION('',(1.E0,0.E0,0.E0));
#1431=DIRECTION('',(0.E0,-1.E0,0.E0));
#1432=AXIS2_PLACEMENT_3D('',#1429,#1430,#1431);
#1434=DIRECTION('',(-2.412924120769E-14,1.736481776669E-1,9.848077530122E-1));
#1435=VECTOR('',#1434,2.944737174469E-1);
#1436=CARTESIAN_POINT('',(-2.2435E1,1.988865175595E0,-7.21E0));
#1437=LINE('4550',#1436,#1435);
#1438=DIRECTION('',(0.E0,9.986295347546E-1,5.233595624295E-2));
#1439=VECTOR('',#1438,1.991594586759E0);
#1440=CARTESIAN_POINT('',(-2.2435E1,0.E0,-7.314232007146E0));
#1441=LINE('4549',#1440,#1439);
#1442=DIRECTION('',(0.E0,1.E0,0.E0));
#1443=VECTOR('',#1442,1.6E0);
#1444=CARTESIAN_POINT('',(-1.8425E1,0.E0,-6.92E0));
#1445=LINE('5095',#1444,#1443);
#1446=DIRECTION('',(0.E0,9.986295347546E-1,5.233595624295E-2));
#1447=VECTOR('',#1446,1.991594586759E0);
#1448=CARTESIAN_POINT('',(-1.8425E1,0.E0,-7.314232007146E0));
#1449=LINE('4553',#1448,#1447);
#1450=DIRECTION('',(0.E0,1.736481776669E-1,9.848077530122E-1));
#1451=VECTOR('',#1450,2.944737174469E-1);
#1452=CARTESIAN_POINT('',(-1.8425E1,1.988865175595E0,-7.21E0));
#1453=LINE('4554',#1452,#1451);
#1454=CARTESIAN_POINT('',(-1.8425E1,1.8E0,-6.72E0));
#1455=DIRECTION('',(1.E0,0.E0,0.E0));
#1456=DIRECTION('',(0.E0,-1.E0,0.E0));
#1457=AXIS2_PLACEMENT_3D('',#1454,#1455,#1456);
#1459=DIRECTION('',(0.E0,0.E0,-1.E0));
#1460=VECTOR('',#1459,2.E-1);
#1461=CARTESIAN_POINT('',(-1.8425E1,1.6E0,-6.72E0));
#1462=LINE('5098',#1461,#1460);
#1463=DIRECTION('',(1.E0,0.E0,0.E0));
#1464=VECTOR('',#1463,4.01E0);
#1465=CARTESIAN_POINT('',(-2.2435E1,1.988865175595E0,-7.21E0));
#1466=LINE('4516',#1465,#1464);
#1467=DIRECTION('',(0.E0,1.E0,0.E0));
#1468=VECTOR('',#1467,2.4E-1);
#1469=CARTESIAN_POINT('',(-1.5625E1,1.8E0,-6.92E0));
#1470=LINE('4527',#1469,#1468);
#1471=DIRECTION('',(0.E0,1.E0,0.E0));
#1472=VECTOR('',#1471,2.4E-1);
#1473=CARTESIAN_POINT('',(-1.8425E1,1.8E0,-6.92E0));
#1474=LINE('4531',#1473,#1472);
#1475=DIRECTION('',(-1.E0,0.E0,0.E0));
#1476=VECTOR('',#1475,4.01E0);
#1477=CARTESIAN_POINT('',(-1.8425E1,2.04E0,-6.92E0));
#1478=LINE('4532',#1477,#1476);
#1479=DIRECTION('',(0.E0,1.E0,0.E0));
#1480=VECTOR('',#1479,2.4E-1);
#1481=CARTESIAN_POINT('',(-2.2435E1,1.8E0,-6.92E0));
#1482=LINE('4530',#1481,#1480);
#1483=DIRECTION('',(0.E0,-1.E0,0.E0));
#1484=VECTOR('',#1483,2.E-1);
#1485=CARTESIAN_POINT('',(-2.2405E1,2.4E0,-6.92E0));
#1486=LINE('4396',#1485,#1484);
#1487=DIRECTION('',(-1.E0,0.E0,0.E0));
#1488=VECTOR('',#1487,4.01E0);
#1489=CARTESIAN_POINT('',(-1.8395E1,2.2E0,-6.92E0));
#1490=LINE('4398',#1489,#1488);
#1491=DIRECTION('',(0.E0,-1.E0,0.E0));
#1492=VECTOR('',#1491,2.E-1);
#1493=CARTESIAN_POINT('',(-1.8395E1,2.4E0,-6.92E0));
#1494=LINE('4397',#1493,#1492);
#1495=DIRECTION('',(0.E0,-1.E0,0.E0));
#1496=VECTOR('',#1495,2.E-1);
#1497=CARTESIAN_POINT('',(1.8395E1,2.4E0,-6.92E0));
#1498=LINE('4379',#1497,#1496);
#1499=DIRECTION('',(1.E0,0.E0,0.E0));
#1500=VECTOR('',#1499,4.01E0);
#1501=CARTESIAN_POINT('',(1.8395E1,2.2E0,-6.92E0));
#1502=LINE('4380',#1501,#1500);
#1503=DIRECTION('',(0.E0,-1.E0,0.E0));
#1504=VECTOR('',#1503,2.E-1);
#1505=CARTESIAN_POINT('',(2.2405E1,2.4E0,-6.92E0));
#1506=LINE('4378',#1505,#1504);
#1507=DIRECTION('',(0.E0,1.E0,0.E0));
#1508=VECTOR('',#1507,2.4E-1);
#1509=CARTESIAN_POINT('',(2.2435E1,1.8E0,-6.92E0));
#1510=LINE('4468',#1509,#1508);
#1511=DIRECTION('',(1.E0,0.E0,0.E0));
#1512=VECTOR('',#1511,4.01E0);
#1513=CARTESIAN_POINT('',(1.8425E1,2.04E0,-6.92E0));
#1514=LINE('4470',#1513,#1512);
#1515=DIRECTION('',(0.E0,1.E0,0.E0));
#1516=VECTOR('',#1515,2.4E-1);
#1517=CARTESIAN_POINT('',(1.8425E1,1.8E0,-6.92E0));
#1518=LINE('4469',#1517,#1516);
#1519=DIRECTION('',(0.E0,1.E0,0.E0));
#1520=VECTOR('',#1519,2.4E-1);
#1521=CARTESIAN_POINT('',(1.5625E1,1.8E0,-6.92E0));
#1522=LINE('4465',#1521,#1520);
#1523=DIRECTION('',(1.E0,0.E0,0.E0));
#1524=VECTOR('',#1523,4.01E0);
#1525=CARTESIAN_POINT('',(1.1615E1,2.04E0,-6.92E0));
#1526=LINE('4467',#1525,#1524);
#1527=DIRECTION('',(0.E0,1.E0,0.E0));
#1528=VECTOR('',#1527,2.4E-1);
#1529=CARTESIAN_POINT('',(1.1615E1,1.8E0,-6.92E0));
#1530=LINE('4466',#1529,#1528);
#1531=DIRECTION('',(0.E0,1.E0,0.E0));
#1532=VECTOR('',#1531,2.4E-1);
#1533=CARTESIAN_POINT('',(8.815E0,1.8E0,-6.92E0));
#1534=LINE('4438',#1533,#1532);
#1535=DIRECTION('',(1.E0,0.E0,0.E0));
#1536=VECTOR('',#1535,4.01E0);
#1537=CARTESIAN_POINT('',(4.805E0,2.04E0,-6.92E0));
#1538=LINE('4440',#1537,#1536);
#1539=DIRECTION('',(0.E0,1.E0,0.E0));
#1540=VECTOR('',#1539,2.4E-1);
#1541=CARTESIAN_POINT('',(4.805E0,1.8E0,-6.92E0));
#1542=LINE('4439',#1541,#1540);
#1543=DIRECTION('',(0.E0,1.E0,0.E0));
#1544=VECTOR('',#1543,2.4E-1);
#1545=CARTESIAN_POINT('',(2.005E0,1.8E0,-6.92E0));
#1546=LINE('4240',#1545,#1544);
#1547=DIRECTION('',(1.E0,0.E0,0.E0));
#1548=VECTOR('',#1547,4.01E0);
#1549=CARTESIAN_POINT('',(-2.005E0,2.04E0,-6.92E0));
#1550=LINE('4242',#1549,#1548);
#1551=DIRECTION('',(0.E0,1.E0,0.E0));
#1552=VECTOR('',#1551,2.4E-1);
#1553=CARTESIAN_POINT('',(-2.005E0,1.8E0,-6.92E0));
#1554=LINE('4241',#1553,#1552);
#1555=DIRECTION('',(0.E0,1.E0,0.E0));
#1556=VECTOR('',#1555,2.4E-1);
#1557=CARTESIAN_POINT('',(-4.805E0,1.8E0,-6.92E0));
#1558=LINE('4501',#1557,#1556);
#1559=DIRECTION('',(-1.E0,0.E0,0.E0));
#1560=VECTOR('',#1559,4.01E0);
#1561=CARTESIAN_POINT('',(-4.805E0,2.04E0,-6.92E0));
#1562=LINE('4502',#1561,#1560);
#1563=DIRECTION('',(0.E0,1.E0,0.E0));
#1564=VECTOR('',#1563,2.4E-1);
#1565=CARTESIAN_POINT('',(-8.815E0,1.8E0,-6.92E0));
#1566=LINE('4500',#1565,#1564);
#1567=DIRECTION('',(0.E0,1.E0,0.E0));
#1568=VECTOR('',#1567,2.4E-1);
#1569=CARTESIAN_POINT('',(-1.1615E1,1.8E0,-6.92E0));
#1570=LINE('4528',#1569,#1568);
#1571=DIRECTION('',(-1.E0,0.E0,0.E0));
#1572=VECTOR('',#1571,4.01E0);
#1573=CARTESIAN_POINT('',(-1.1615E1,2.04E0,-6.92E0));
#1574=LINE('4529',#1573,#1572);
#1575=DIRECTION('',(0.E0,1.E0,0.E0));
#1576=VECTOR('',#1575,1.6E0);
#1577=CARTESIAN_POINT('',(-1.5625E1,0.E0,-6.92E0));
#1578=LINE('5083',#1577,#1576);
#1579=DIRECTION('',(0.E0,0.E0,-1.E0));
#1580=VECTOR('',#1579,2.E-1);
#1581=CARTESIAN_POINT('',(-1.5625E1,1.6E0,-6.72E0));
#1582=LINE('5086',#1581,#1580);
#1583=CARTESIAN_POINT('',(-1.5625E1,1.8E0,-6.72E0));
#1584=DIRECTION('',(1.E0,0.E0,0.E0));
#1585=DIRECTION('',(0.E0,-1.E0,0.E0));
#1586=AXIS2_PLACEMENT_3D('',#1583,#1584,#1585);
#1588=DIRECTION('',(0.E0,1.736481776669E-1,9.848077530122E-1));
#1589=VECTOR('',#1588,2.944737174469E-1);
#1590=CARTESIAN_POINT('',(-1.5625E1,1.988865175595E0,-7.21E0));
#1591=LINE('4542',#1590,#1589);
#1592=DIRECTION('',(0.E0,9.986295347546E-1,5.233595624295E-2));
#1593=VECTOR('',#1592,1.991594586759E0);
#1594=CARTESIAN_POINT('',(-1.5625E1,0.E0,-7.314232007146E0));
#1595=LINE('4541',#1594,#1593);
#1596=DIRECTION('',(0.E0,1.E0,0.E0));
#1597=VECTOR('',#1596,1.6E0);
#1598=CARTESIAN_POINT('',(-1.1615E1,0.E0,-6.92E0));
#1599=LINE('5087',#1598,#1597);
#1600=DIRECTION('',(0.E0,9.986295347546E-1,5.233595624295E-2));
#1601=VECTOR('',#1600,1.991594586759E0);
#1602=CARTESIAN_POINT('',(-1.1615E1,0.E0,-7.314232007146E0));
#1603=LINE('4545',#1602,#1601);
#1604=DIRECTION('',(0.E0,1.736481776669E-1,9.848077530122E-1));
#1605=VECTOR('',#1604,2.944737174469E-1);
#1606=CARTESIAN_POINT('',(-1.1615E1,1.988865175595E0,-7.21E0));
#1607=LINE('4546',#1606,#1605);
#1608=CARTESIAN_POINT('',(-1.1615E1,1.8E0,-6.72E0));
#1609=DIRECTION('',(1.E0,0.E0,0.E0));
#1610=DIRECTION('',(0.E0,-1.E0,0.E0));
#1611=AXIS2_PLACEMENT_3D('',#1608,#1609,#1610);
#1613=DIRECTION('',(0.E0,0.E0,-1.E0));
#1614=VECTOR('',#1613,2.E-1);
#1615=CARTESIAN_POINT('',(-1.1615E1,1.6E0,-6.72E0));
#1616=LINE('5090',#1615,#1614);
#1617=DIRECTION('',(1.E0,0.E0,0.E0));
#1618=VECTOR('',#1617,4.01E0);
#1619=CARTESIAN_POINT('',(-1.5625E1,1.988865175595E0,-7.21E0));
#1620=LINE('4514',#1619,#1618);
#1621=DIRECTION('',(1.E0,0.E0,0.E0));
#1622=VECTOR('',#1621,2.8E0);
#1623=CARTESIAN_POINT('',(-1.1615E1,1.6E0,-6.72E0));
#1624=LINE('5207',#1623,#1622);
#1625=DIRECTION('',(1.E0,0.E0,0.E0));
#1626=VECTOR('',#1625,2.8E0);
#1627=CARTESIAN_POINT('',(-1.1615E1,1.8E0,-6.92E0));
#1628=LINE('4535',#1627,#1626);
#1629=DIRECTION('',(0.E0,1.E0,0.E0));
#1630=VECTOR('',#1629,1.6E0);
#1631=CARTESIAN_POINT('',(-8.815E0,0.E0,-6.92E0));
#1632=LINE('5075',#1631,#1630);
#1633=DIRECTION('',(0.E0,0.E0,-1.E0));
#1634=VECTOR('',#1633,2.E-1);
#1635=CARTESIAN_POINT('',(-8.815E0,1.6E0,-6.72E0));
#1636=LINE('5078',#1635,#1634);
#1637=CARTESIAN_POINT('',(-8.815E0,1.8E0,-6.72E0));
#1638=DIRECTION('',(1.E0,0.E0,0.E0));
#1639=DIRECTION('',(0.E0,-1.E0,0.E0));
#1640=AXIS2_PLACEMENT_3D('',#1637,#1638,#1639);
#1642=DIRECTION('',(0.E0,1.736481776669E-1,9.848077530122E-1));
#1643=VECTOR('',#1642,2.944737174469E-1);
#1644=CARTESIAN_POINT('',(-8.815E0,1.988865175595E0,-7.21E0));
#1645=LINE('4508',#1644,#1643);
#1646=DIRECTION('',(0.E0,9.986295347546E-1,5.233595624295E-2));
#1647=VECTOR('',#1646,1.991594586759E0);
#1648=CARTESIAN_POINT('',(-8.815E0,0.E0,-7.314232007146E0));
#1649=LINE('4507',#1648,#1647);
#1650=DIRECTION('',(0.E0,1.E0,0.E0));
#1651=VECTOR('',#1650,1.6E0);
#1652=CARTESIAN_POINT('',(-4.805E0,0.E0,-6.92E0));
#1653=LINE('5079',#1652,#1651);
#1654=DIRECTION('',(0.E0,9.986295347546E-1,5.233595624295E-2));
#1655=VECTOR('',#1654,1.991594586759E0);
#1656=CARTESIAN_POINT('',(-4.805E0,0.E0,-7.314232007146E0));
#1657=LINE('4511',#1656,#1655);
#1658=DIRECTION('',(0.E0,1.736481776669E-1,9.848077530122E-1));
#1659=VECTOR('',#1658,2.944737174469E-1);
#1660=CARTESIAN_POINT('',(-4.805E0,1.988865175595E0,-7.21E0));
#1661=LINE('4512',#1660,#1659);
#1662=CARTESIAN_POINT('',(-4.805E0,1.8E0,-6.72E0));
#1663=DIRECTION('',(1.E0,0.E0,0.E0));
#1664=DIRECTION('',(0.E0,-1.E0,0.E0));
#1665=AXIS2_PLACEMENT_3D('',#1662,#1663,#1664);
#1667=DIRECTION('',(0.E0,0.E0,-1.E0));
#1668=VECTOR('',#1667,2.E-1);
#1669=CARTESIAN_POINT('',(-4.805E0,1.6E0,-6.72E0));
#1670=LINE('5082',#1669,#1668);
#1671=DIRECTION('',(1.E0,0.E0,0.E0));
#1672=VECTOR('',#1671,4.01E0);
#1673=CARTESIAN_POINT('',(-8.815E0,1.988865175595E0,-7.21E0));
#1674=LINE('4494',#1673,#1672);
#1675=DIRECTION('',(1.E0,0.E0,0.E0));
#1676=VECTOR('',#1675,2.8E0);
#1677=CARTESIAN_POINT('',(-4.805E0,1.6E0,-6.72E0));
#1678=LINE('5187',#1677,#1676);
#1679=DIRECTION('',(1.E0,0.E0,0.E0));
#1680=VECTOR('',#1679,2.8E0);
#1681=CARTESIAN_POINT('',(-4.805E0,1.8E0,-6.92E0));
#1682=LINE('4503',#1681,#1680);
#1683=DIRECTION('',(0.E0,1.E0,0.E0));
#1684=VECTOR('',#1683,1.6E0);
#1685=CARTESIAN_POINT('',(-2.005E0,0.E0,-6.92E0));
#1686=LINE('5047',#1685,#1684);
#1687=DIRECTION('',(0.E0,0.E0,-1.E0));
#1688=VECTOR('',#1687,2.E-1);
#1689=CARTESIAN_POINT('',(-2.005E0,1.6E0,-6.72E0));
#1690=LINE('5050',#1689,#1688);
#1691=CARTESIAN_POINT('',(-2.005E0,1.8E0,-6.72E0));
#1692=DIRECTION('',(1.E0,0.E0,0.E0));
#1693=DIRECTION('',(0.E0,-1.E0,0.E0));
#1694=AXIS2_PLACEMENT_3D('',#1691,#1692,#1693);
#1696=DIRECTION('',(0.E0,1.736481776669E-1,9.848077530122E-1));
#1697=VECTOR('',#1696,2.944737174469E-1);
#1698=CARTESIAN_POINT('',(-2.005E0,1.988865175595E0,-7.21E0));
#1699=LINE('4250',#1698,#1697);
#1700=DIRECTION('',(0.E0,9.986295347546E-1,5.233595624295E-2));
#1701=VECTOR('',#1700,1.991594586759E0);
#1702=CARTESIAN_POINT('',(-2.005E0,0.E0,-7.314232007146E0));
#1703=LINE('4249',#1702,#1701);
#1704=DIRECTION('',(0.E0,1.E0,0.E0));
#1705=VECTOR('',#1704,1.6E0);
#1706=CARTESIAN_POINT('',(2.005E0,0.E0,-6.92E0));
#1707=LINE('5043',#1706,#1705);
#1708=DIRECTION('',(0.E0,9.986295347546E-1,5.233595624295E-2));
#1709=VECTOR('',#1708,1.991594586759E0);
#1710=CARTESIAN_POINT('',(2.005E0,0.E0,-7.314232007146E0));
#1711=LINE('4245',#1710,#1709);
#1712=DIRECTION('',(0.E0,1.736481776669E-1,9.848077530122E-1));
#1713=VECTOR('',#1712,2.944737174469E-1);
#1714=CARTESIAN_POINT('',(2.005E0,1.988865175595E0,-7.21E0));
#1715=LINE('4246',#1714,#1713);
#1716=CARTESIAN_POINT('',(2.005E0,1.8E0,-6.72E0));
#1717=DIRECTION('',(1.E0,0.E0,0.E0));
#1718=DIRECTION('',(0.E0,-1.E0,0.E0));
#1719=AXIS2_PLACEMENT_3D('',#1716,#1717,#1718);
#1721=DIRECTION('',(0.E0,0.E0,-1.E0));
#1722=VECTOR('',#1721,2.E-1);
#1723=CARTESIAN_POINT('',(2.005E0,1.6E0,-6.72E0));
#1724=LINE('5046',#1723,#1722);
#1725=DIRECTION('',(-1.E0,0.E0,0.E0));
#1726=VECTOR('',#1725,4.01E0);
#1727=CARTESIAN_POINT('',(2.005E0,1.988865175595E0,-7.21E0));
#1728=LINE('4234',#1727,#1726);
#1729=DIRECTION('',(1.E0,0.E0,0.E0));
#1730=VECTOR('',#1729,2.8E0);
#1731=CARTESIAN_POINT('',(2.005E0,1.8E0,-6.92E0));
#1732=LINE('4441',#1731,#1730);
#1733=DIRECTION('',(1.E0,0.E0,0.E0));
#1734=VECTOR('',#1733,2.8E0);
#1735=CARTESIAN_POINT('',(2.005E0,1.6E0,-6.72E0));
#1736=LINE('5155',#1735,#1734);
#1737=DIRECTION('',(0.E0,1.E0,0.E0));
#1738=VECTOR('',#1737,1.6E0);
#1739=CARTESIAN_POINT('',(4.805E0,0.E0,-6.92E0));
#1740=LINE('5055',#1739,#1738);
#1741=DIRECTION('',(0.E0,0.E0,-1.E0));
#1742=VECTOR('',#1741,2.E-1);
#1743=CARTESIAN_POINT('',(4.805E0,1.6E0,-6.72E0));
#1744=LINE('5058',#1743,#1742);
#1745=CARTESIAN_POINT('',(4.805E0,1.8E0,-6.72E0));
#1746=DIRECTION('',(1.E0,0.E0,0.E0));
#1747=DIRECTION('',(0.E0,-1.E0,0.E0));
#1748=AXIS2_PLACEMENT_3D('',#1745,#1746,#1747);
#1750=DIRECTION('',(0.E0,1.736481776669E-1,9.848077530122E-1));
#1751=VECTOR('',#1750,2.944737174469E-1);
#1752=CARTESIAN_POINT('',(4.805E0,1.988865175595E0,-7.21E0));
#1753=LINE('4450',#1752,#1751);
#1754=DIRECTION('',(0.E0,9.986295347546E-1,5.233595624295E-2));
#1755=VECTOR('',#1754,1.991594586759E0);
#1756=CARTESIAN_POINT('',(4.805E0,0.E0,-7.314232007146E0));
#1757=LINE('4449',#1756,#1755);
#1758=DIRECTION('',(0.E0,1.E0,0.E0));
#1759=VECTOR('',#1758,1.6E0);
#1760=CARTESIAN_POINT('',(8.815E0,0.E0,-6.92E0));
#1761=LINE('5051',#1760,#1759);
#1762=DIRECTION('',(0.E0,9.986295347546E-1,5.233595624295E-2));
#1763=VECTOR('',#1762,1.991594586759E0);
#1764=CARTESIAN_POINT('',(8.815E0,0.E0,-7.314232007146E0));
#1765=LINE('4445',#1764,#1763);
#1766=DIRECTION('',(0.E0,1.736481776669E-1,9.848077530122E-1));
#1767=VECTOR('',#1766,2.944737174469E-1);
#1768=CARTESIAN_POINT('',(8.815E0,1.988865175595E0,-7.21E0));
#1769=LINE('4446',#1768,#1767);
#1770=CARTESIAN_POINT('',(8.815E0,1.8E0,-6.72E0));
#1771=DIRECTION('',(1.E0,0.E0,0.E0));
#1772=DIRECTION('',(0.E0,-1.E0,0.E0));
#1773=AXIS2_PLACEMENT_3D('',#1770,#1771,#1772);
#1775=DIRECTION('',(0.E0,0.E0,-1.E0));
#1776=VECTOR('',#1775,2.E-1);
#1777=CARTESIAN_POINT('',(8.815E0,1.6E0,-6.72E0));
#1778=LINE('5054',#1777,#1776);
#1779=DIRECTION('',(-1.E0,0.E0,0.E0));
#1780=VECTOR('',#1779,4.01E0);
#1781=CARTESIAN_POINT('',(8.815E0,1.988865175595E0,-7.21E0));
#1782=LINE('4432',#1781,#1780);
#1783=DIRECTION('',(1.E0,0.E0,0.E0));
#1784=VECTOR('',#1783,2.8E0);
#1785=CARTESIAN_POINT('',(8.815E0,1.8E0,-6.92E0));
#1786=LINE('4471',#1785,#1784);
#1787=DIRECTION('',(1.E0,0.E0,0.E0));
#1788=VECTOR('',#1787,2.8E0);
#1789=CARTESIAN_POINT('',(8.815E0,1.6E0,-6.72E0));
#1790=LINE('5173',#1789,#1788);
#1791=DIRECTION('',(0.E0,1.E0,0.E0));
#1792=VECTOR('',#1791,1.6E0);
#1793=CARTESIAN_POINT('',(1.1615E1,0.E0,-6.92E0));
#1794=LINE('5063',#1793,#1792);
#1795=DIRECTION('',(0.E0,0.E0,-1.E0));
#1796=VECTOR('',#1795,2.E-1);
#1797=CARTESIAN_POINT('',(1.1615E1,1.6E0,-6.72E0));
#1798=LINE('5066',#1797,#1796);
#1799=CARTESIAN_POINT('',(1.1615E1,1.8E0,-6.72E0));
#1800=DIRECTION('',(1.E0,0.E0,0.E0));
#1801=DIRECTION('',(0.E0,-1.E0,0.E0));
#1802=AXIS2_PLACEMENT_3D('',#1799,#1800,#1801);
#1804=DIRECTION('',(0.E0,1.736481776669E-1,9.848077530122E-1));
#1805=VECTOR('',#1804,2.944737174469E-1);
#1806=CARTESIAN_POINT('',(1.1615E1,1.988865175595E0,-7.21E0));
#1807=LINE('4484',#1806,#1805);
#1808=DIRECTION('',(0.E0,9.986295347546E-1,5.233595624295E-2));
#1809=VECTOR('',#1808,1.991594586759E0);
#1810=CARTESIAN_POINT('',(1.1615E1,0.E0,-7.314232007146E0));
#1811=LINE('4483',#1810,#1809);
#1812=DIRECTION('',(0.E0,1.E0,0.E0));
#1813=VECTOR('',#1812,1.6E0);
#1814=CARTESIAN_POINT('',(1.5625E1,0.E0,-6.92E0));
#1815=LINE('5059',#1814,#1813);
#1816=DIRECTION('',(0.E0,9.986295347546E-1,5.233595624295E-2));
#1817=VECTOR('',#1816,1.991594586759E0);
#1818=CARTESIAN_POINT('',(1.5625E1,0.E0,-7.314232007146E0));
#1819=LINE('4479',#1818,#1817);
#1820=DIRECTION('',(0.E0,1.736481776669E-1,9.848077530122E-1));
#1821=VECTOR('',#1820,2.944737174469E-1);
#1822=CARTESIAN_POINT('',(1.5625E1,1.988865175595E0,-7.21E0));
#1823=LINE('4480',#1822,#1821);
#1824=CARTESIAN_POINT('',(1.5625E1,1.8E0,-6.72E0));
#1825=DIRECTION('',(1.E0,0.E0,0.E0));
#1826=DIRECTION('',(0.E0,-1.E0,0.E0));
#1827=AXIS2_PLACEMENT_3D('',#1824,#1825,#1826);
#1829=DIRECTION('',(0.E0,0.E0,-1.E0));
#1830=VECTOR('',#1829,2.E-1);
#1831=CARTESIAN_POINT('',(1.5625E1,1.6E0,-6.72E0));
#1832=LINE('5062',#1831,#1830);
#1833=DIRECTION('',(-1.E0,0.E0,0.E0));
#1834=VECTOR('',#1833,4.01E0);
#1835=CARTESIAN_POINT('',(1.5625E1,1.988865175595E0,-7.21E0));
#1836=LINE('4452',#1835,#1834);
#1837=DIRECTION('',(1.E0,0.E0,0.E0));
#1838=VECTOR('',#1837,2.8E0);
#1839=CARTESIAN_POINT('',(1.5625E1,1.8E0,-6.92E0));
#1840=LINE('4472',#1839,#1838);
#1841=DIRECTION('',(1.E0,0.E0,0.E0));
#1842=VECTOR('',#1841,2.8E0);
#1843=CARTESIAN_POINT('',(1.5625E1,1.6E0,-6.72E0));
#1844=LINE('5174',#1843,#1842);
#1845=DIRECTION('',(0.E0,1.E0,0.E0));
#1846=VECTOR('',#1845,1.6E0);
#1847=CARTESIAN_POINT('',(1.8425E1,0.E0,-6.92E0));
#1848=LINE('5071',#1847,#1846);
#1849=DIRECTION('',(0.E0,0.E0,-1.E0));
#1850=VECTOR('',#1849,2.E-1);
#1851=CARTESIAN_POINT('',(1.8425E1,1.6E0,-6.72E0));
#1852=LINE('5074',#1851,#1850);
#1853=CARTESIAN_POINT('',(1.8425E1,1.8E0,-6.72E0));
#1854=DIRECTION('',(1.E0,0.E0,0.E0));
#1855=DIRECTION('',(0.E0,-1.E0,0.E0));
#1856=AXIS2_PLACEMENT_3D('',#1853,#1854,#1855);
#1858=DIRECTION('',(0.E0,1.736481776669E-1,9.848077530122E-1));
#1859=VECTOR('',#1858,2.944737174469E-1);
#1860=CARTESIAN_POINT('',(1.8425E1,1.988865175595E0,-7.21E0));
#1861=LINE('4492',#1860,#1859);
#1862=DIRECTION('',(0.E0,9.986295347546E-1,5.233595624295E-2));
#1863=VECTOR('',#1862,1.991594586759E0);
#1864=CARTESIAN_POINT('',(1.8425E1,0.E0,-7.314232007146E0));
#1865=LINE('4491',#1864,#1863);
#1866=DIRECTION('',(0.E0,1.E0,0.E0));
#1867=VECTOR('',#1866,1.6E0);
#1868=CARTESIAN_POINT('',(2.2435E1,0.E0,-6.92E0));
#1869=LINE('5067',#1868,#1867);
#1870=DIRECTION('',(0.E0,9.986295347546E-1,5.233595624295E-2));
#1871=VECTOR('',#1870,1.991594586759E0);
#1872=CARTESIAN_POINT('',(2.2435E1,0.E0,-7.314232007146E0));
#1873=LINE('4487',#1872,#1871);
#1874=DIRECTION('',(0.E0,1.736481776669E-1,9.848077530122E-1));
#1875=VECTOR('',#1874,2.944737174469E-1);
#1876=CARTESIAN_POINT('',(2.2435E1,1.988865175595E0,-7.21E0));
#1877=LINE('4488',#1876,#1875);
#1878=CARTESIAN_POINT('',(2.2435E1,1.8E0,-6.72E0));
#1879=DIRECTION('',(1.E0,0.E0,0.E0));
#1880=DIRECTION('',(0.E0,-1.E0,0.E0));
#1881=AXIS2_PLACEMENT_3D('',#1878,#1879,#1880);
#1883=DIRECTION('',(-3.552713678800E-14,0.E0,-1.E0));
#1884=VECTOR('',#1883,2.E-1);
#1885=CARTESIAN_POINT('',(2.2435E1,1.6E0,-6.72E0));
#1886=LINE('5070',#1885,#1884);
#1887=DIRECTION('',(-1.E0,0.E0,0.E0));
#1888=VECTOR('',#1887,4.01E0);
#1889=CARTESIAN_POINT('',(2.2435E1,1.988865175595E0,-7.21E0));
#1890=LINE('4454',#1889,#1888);
#1891=DIRECTION('',(1.E0,0.E0,0.E0));
#1892=VECTOR('',#1891,2.815000000001E0);
#1893=CARTESIAN_POINT('',(2.2435E1,1.8E0,-6.92E0));
#1894=LINE('4473',#1893,#1892);
#1895=DIRECTION('',(1.E0,0.E0,0.E0));
#1896=VECTOR('',#1895,2.815E0);
#1897=CARTESIAN_POINT('',(2.2435E1,1.6E0,-6.72E0));
#1898=LINE('5175',#1897,#1896);
#1899=CARTESIAN_POINT('',(2.525E1,1.6E0,-6.42E0));
#1900=DIRECTION('',(0.E0,-1.E0,0.E0));
#1901=DIRECTION('',(0.E0,0.E0,-1.E0));
#1902=AXIS2_PLACEMENT_3D('',#1899,#1900,#1901);
#1904=CARTESIAN_POINT('',(2.524999999952E1,1.8E0,-6.72E0));
#1905=DIRECTION('',(1.E0,0.E0,-1.604557320345E-9));
#1906=DIRECTION('',(0.E0,-1.E0,0.E0));
#1907=AXIS2_PLACEMENT_3D('',#1904,#1905,#1906);
#1909=CARTESIAN_POINT('',(2.525E1,1.8E0,-6.42E0));
#1910=DIRECTION('',(0.E0,-1.E0,0.E0));
#1911=DIRECTION('',(0.E0,0.E0,-1.E0));
#1912=AXIS2_PLACEMENT_3D('',#1909,#1910,#1911);
#1914=DIRECTION('',(1.580957587066E-12,-1.E0,0.E0));
#1915=VECTOR('',#1914,6.E-1);
#1916=CARTESIAN_POINT('',(2.525E1,2.4E0,-6.92E0));
#1917=LINE('4124',#1916,#1915);
#1918=DIRECTION('',(0.E0,-1.E0,9.699944551282E-11));
#1919=VECTOR('',#1918,6.E-1);
#1920=CARTESIAN_POINT('',(2.575E1,2.4E0,-6.42E0));
#1921=LINE('4123',#1920,#1919);
#1922=CARTESIAN_POINT('',(2.525E1,2.4E0,-6.42E0));
#1923=DIRECTION('',(0.E0,-1.E0,0.E0));
#1924=DIRECTION('',(0.E0,0.E0,-1.E0));
#1925=AXIS2_PLACEMENT_3D('',#1922,#1923,#1924);
#1927=DIRECTION('',(0.E0,8.660254037844E-1,-5.E-1));
#1928=VECTOR('',#1927,3.464101615138E-1);
#1929=CARTESIAN_POINT('',(2.525E1,2.4E0,-6.92E0));
#1930=LINE('4116',#1929,#1928);
#1931=CARTESIAN_POINT('',(2.525E1,2.7E0,-6.42E0));
#1932=DIRECTION('',(0.E0,-1.E0,0.E0));
#1933=DIRECTION('',(0.E0,0.E0,-1.E0));
#1934=AXIS2_PLACEMENT_3D('',#1931,#1932,#1933);
#1936=DIRECTION('',(5.E-1,8.660254037844E-1,0.E0));
#1937=VECTOR('',#1936,3.464101615138E-1);
#1938=CARTESIAN_POINT('',(2.575E1,2.4E0,-6.42E0));
#1939=LINE('4115',#1938,#1937);
#1940=DIRECTION('',(0.E0,-8.660254037844E-1,5.E-1));
#1941=VECTOR('',#1940,3.464101615138E-1);
#1942=CARTESIAN_POINT('',(2.2405E1,2.7E0,-7.093205080757E0));
#1943=LINE('4381',#1942,#1941);
#1944=DIRECTION('',(-1.E0,0.E0,0.E0));
#1945=VECTOR('',#1944,2.845E0);
#1946=CARTESIAN_POINT('',(2.525E1,2.7E0,-7.093205080757E0));
#1947=LINE('4385',#1946,#1945);
#1948=DIRECTION('',(-1.E0,0.E0,0.E0));
#1949=VECTOR('',#1948,2.845E0);
#1950=CARTESIAN_POINT('',(2.525E1,2.4E0,-6.92E0));
#1951=LINE('4386',#1950,#1949);
#1952=DIRECTION('',(0.E0,0.E0,-1.E0));
#1953=VECTOR('',#1952,1.284E1);
#1954=CARTESIAN_POINT('',(2.592320508076E1,2.7E0,6.42E0));
#1955=LINE('4110',#1954,#1953);
#1956=DIRECTION('',(-5.E-1,-8.660254037844E-1,0.E0));
#1957=VECTOR('',#1956,3.464101615138E-1);
#1958=CARTESIAN_POINT('',(2.592320508076E1,2.7E0,6.42E0));
#1959=LINE('4112',#1958,#1957);
#1960=DIRECTION('',(0.E0,0.E0,-1.E0));
#1961=VECTOR('',#1960,1.284E1);
#1962=CARTESIAN_POINT('',(2.575E1,2.4E0,6.42E0));
#1963=LINE('4111',#1962,#1961);
#1964=CARTESIAN_POINT('',(2.525E1,2.4E0,6.42E0));
#1965=DIRECTION('',(0.E0,-1.E0,0.E0));
#1966=DIRECTION('',(1.E0,0.E0,0.E0));
#1967=AXIS2_PLACEMENT_3D('',#1964,#1965,#1966);
#1969=CARTESIAN_POINT('',(2.525E1,2.7E0,6.42E0));
#1970=DIRECTION('',(0.E0,-1.E0,0.E0));
#1971=DIRECTION('',(1.E0,0.E0,0.E0));
#1972=AXIS2_PLACEMENT_3D('',#1969,#1970,#1971);
#1974=DIRECTION('',(0.E0,8.660254037844E-1,5.E-1));
#1975=VECTOR('',#1974,3.464101615138E-1);
#1976=CARTESIAN_POINT('',(2.525E1,2.4E0,6.92E0));
#1977=LINE('4109',#1976,#1975);
#1978=DIRECTION('',(0.E0,-1.E0,1.583918181799E-12));
#1979=VECTOR('',#1978,6.E-1);
#1980=CARTESIAN_POINT('',(2.575E1,2.4E0,6.42E0));
#1981=LINE('4122',#1980,#1979);
#1982=DIRECTION('',(-9.700092581018E-11,-1.E0,0.E0));
#1983=VECTOR('',#1982,6.E-1);
#1984=CARTESIAN_POINT('',(2.525E1,2.4E0,6.92E0));
#1985=LINE('4121',#1984,#1983);
#1986=CARTESIAN_POINT('',(2.525E1,1.6E0,6.42E0));
#1987=DIRECTION('',(0.E0,-1.E0,0.E0));
#1988=DIRECTION('',(1.E0,0.E0,0.E0));
#1989=AXIS2_PLACEMENT_3D('',#1986,#1987,#1988);
#1991=CARTESIAN_POINT('',(2.555E1,1.8E0,6.419999999519E0));
#1992=DIRECTION('',(1.604571420177E-9,0.E0,1.E0));
#1993=DIRECTION('',(1.776356839400E-14,-1.E0,0.E0));
#1994=AXIS2_PLACEMENT_3D('',#1991,#1992,#1993);
#1996=CARTESIAN_POINT('',(2.525E1,1.8E0,6.42E0));
#1997=DIRECTION('',(0.E0,-1.E0,0.E0));
#1998=DIRECTION('',(1.E0,0.E0,0.E0));
#1999=AXIS2_PLACEMENT_3D('',#1996,#1997,#1998);
#2001=DIRECTION('',(0.E0,0.E0,1.E0));
#2002=VECTOR('',#2001,1.284E1);
#2003=CARTESIAN_POINT('',(2.555E1,1.6E0,-6.42E0));
#2004=LINE('4061',#2003,#2002);
#2005=CARTESIAN_POINT('',(2.555E1,1.8E0,-6.42E0));
#2006=DIRECTION('',(0.E0,0.E0,1.E0));
#2007=DIRECTION('',(0.E0,-1.E0,0.E0));
#2008=AXIS2_PLACEMENT_3D('',#2005,#2006,#2007);
#2010=DIRECTION('',(0.E0,0.E0,1.E0));
#2011=VECTOR('',#2010,1.283999999994E1);
#2012=CARTESIAN_POINT('',(2.575E1,1.8E0,-6.419999999942E0));
#2013=LINE('4062',#2012,#2011);
#2014=DIRECTION('',(-1.E0,0.E0,0.E0));
#2015=VECTOR('',#2014,2.815E0);
#2016=CARTESIAN_POINT('',(2.525E1,1.6E0,6.72E0));
#2017=LINE('5176',#2016,#2015);
#2018=CARTESIAN_POINT('',(2.525E1,1.8E0,6.72E0));
#2019=DIRECTION('',(-1.E0,0.E0,0.E0));
#2020=DIRECTION('',(0.E0,-1.E0,0.E0));
#2021=AXIS2_PLACEMENT_3D('',#2018,#2019,#2020);
#2023=DIRECTION('',(-1.E0,0.E0,0.E0));
#2024=VECTOR('',#2023,2.814999999942E0);
#2025=CARTESIAN_POINT('',(2.524999999994E1,1.8E0,6.92E0));
#2026=LINE('4474',#2025,#2024);
#2027=DIRECTION('',(0.E0,1.E0,0.E0));
#2028=VECTOR('',#2027,1.6E0);
#2029=CARTESIAN_POINT('',(2.2435E1,0.E0,6.92E0));
#2030=LINE('5068',#2029,#2028);
#2031=DIRECTION('',(-3.552713678800E-14,0.E0,-1.E0));
#2032=VECTOR('',#2031,2.E-1);
#2033=CARTESIAN_POINT('',(2.2435E1,1.6E0,6.92E0));
#2034=LINE('5069',#2033,#2032);
#2035=CARTESIAN_POINT('',(2.2435E1,1.8E0,6.72E0));
#2036=DIRECTION('',(-1.E0,0.E0,0.E0));
#2037=DIRECTION('',(0.E0,-1.E0,0.E0));
#2038=AXIS2_PLACEMENT_3D('',#2035,#2036,#2037);
#2040=DIRECTION('',(-2.412924120769E-14,-1.736481776669E-1,9.848077530122E-1));
#2041=VECTOR('',#2040,2.944737174469E-1);
#2042=CARTESIAN_POINT('',(2.2435E1,2.04E0,6.92E0));
#2043=LINE('4485',#2042,#2041);
#2044=DIRECTION('',(0.E0,-9.986295347546E-1,5.233595624295E-2));
#2045=VECTOR('',#2044,1.991594586759E0);
#2046=CARTESIAN_POINT('',(2.2435E1,1.988865175595E0,7.21E0));
#2047=LINE('4486',#2046,#2045);
#2048=DIRECTION('',(0.E0,1.E0,0.E0));
#2049=VECTOR('',#2048,1.6E0);
#2050=CARTESIAN_POINT('',(1.8425E1,0.E0,6.92E0));
#2051=LINE('5072',#2050,#2049);
#2052=DIRECTION('',(0.E0,-9.986295347546E-1,5.233595624295E-2));
#2053=VECTOR('',#2052,1.991594586759E0);
#2054=CARTESIAN_POINT('',(1.8425E1,1.988865175595E0,7.21E0));
#2055=LINE('4490',#2054,#2053);
#2056=DIRECTION('',(-1.206462060385E-14,-1.736481776669E-1,9.848077530122E-1));
#2057=VECTOR('',#2056,2.944737174469E-1);
#2058=CARTESIAN_POINT('',(1.8425E1,2.04E0,6.92E0));
#2059=LINE('4489',#2058,#2057);
#2060=CARTESIAN_POINT('',(1.8425E1,1.8E0,6.72E0));
#2061=DIRECTION('',(-1.E0,0.E0,0.E0));
#2062=DIRECTION('',(0.E0,-1.E0,0.E0));
#2063=AXIS2_PLACEMENT_3D('',#2060,#2061,#2062);
#2065=DIRECTION('',(0.E0,0.E0,-1.E0));
#2066=VECTOR('',#2065,2.E-1);
#2067=CARTESIAN_POINT('',(1.8425E1,1.6E0,6.92E0));
#2068=LINE('5073',#2067,#2066);
#2069=DIRECTION('',(-1.E0,0.E0,0.E0));
#2070=VECTOR('',#2069,4.01E0);
#2071=CARTESIAN_POINT('',(2.2435E1,1.988865175595E0,7.21E0));
#2072=LINE('4453',#2071,#2070);
#2073=DIRECTION('',(-1.E0,0.E0,0.E0));
#2074=VECTOR('',#2073,2.8E0);
#2075=CARTESIAN_POINT('',(1.8425E1,1.6E0,6.72E0));
#2076=LINE('5177',#2075,#2074);
#2077=DIRECTION('',(-1.E0,0.E0,0.E0));
#2078=VECTOR('',#2077,2.8E0);
#2079=CARTESIAN_POINT('',(1.8425E1,1.8E0,6.92E0));
#2080=LINE('4475',#2079,#2078);
#2081=DIRECTION('',(0.E0,1.E0,0.E0));
#2082=VECTOR('',#2081,1.6E0);
#2083=CARTESIAN_POINT('',(1.5625E1,0.E0,6.92E0));
#2084=LINE('5060',#2083,#2082);
#2085=DIRECTION('',(0.E0,0.E0,-1.E0));
#2086=VECTOR('',#2085,2.E-1);
#2087=CARTESIAN_POINT('',(1.5625E1,1.6E0,6.92E0));
#2088=LINE('5061',#2087,#2086);
#2089=CARTESIAN_POINT('',(1.5625E1,1.8E0,6.72E0));
#2090=DIRECTION('',(-1.E0,0.E0,0.E0));
#2091=DIRECTION('',(0.E0,-1.E0,0.E0));
#2092=AXIS2_PLACEMENT_3D('',#2089,#2090,#2091);
#2094=DIRECTION('',(0.E0,-1.736481776669E-1,9.848077530122E-1));
#2095=VECTOR('',#2094,2.944737174469E-1);
#2096=CARTESIAN_POINT('',(1.5625E1,2.04E0,6.92E0));
#2097=LINE('4477',#2096,#2095);
#2098=DIRECTION('',(0.E0,-9.986295347546E-1,5.233595624295E-2));
#2099=VECTOR('',#2098,1.991594586759E0);
#2100=CARTESIAN_POINT('',(1.5625E1,1.988865175595E0,7.21E0));
#2101=LINE('4478',#2100,#2099);
#2102=DIRECTION('',(0.E0,1.E0,0.E0));
#2103=VECTOR('',#2102,1.6E0);
#2104=CARTESIAN_POINT('',(1.1615E1,0.E0,6.92E0));
#2105=LINE('5064',#2104,#2103);
#2106=DIRECTION('',(0.E0,-9.986295347546E-1,5.233595624295E-2));
#2107=VECTOR('',#2106,1.991594586759E0);
#2108=CARTESIAN_POINT('',(1.1615E1,1.988865175595E0,7.21E0));
#2109=LINE('4482',#2108,#2107);
#2110=DIRECTION('',(0.E0,-1.736481776669E-1,9.848077530122E-1));
#2111=VECTOR('',#2110,2.944737174469E-1);
#2112=CARTESIAN_POINT('',(1.1615E1,2.04E0,6.92E0));
#2113=LINE('4481',#2112,#2111);
#2114=CARTESIAN_POINT('',(1.1615E1,1.8E0,6.72E0));
#2115=DIRECTION('',(-1.E0,0.E0,0.E0));
#2116=DIRECTION('',(0.E0,-1.E0,0.E0));
#2117=AXIS2_PLACEMENT_3D('',#2114,#2115,#2116);
#2119=DIRECTION('',(0.E0,0.E0,-1.E0));
#2120=VECTOR('',#2119,2.E-1);
#2121=CARTESIAN_POINT('',(1.1615E1,1.6E0,6.92E0));
#2122=LINE('5065',#2121,#2120);
#2123=DIRECTION('',(-1.E0,0.E0,0.E0));
#2124=VECTOR('',#2123,4.01E0);
#2125=CARTESIAN_POINT('',(1.5625E1,1.988865175595E0,7.21E0));
#2126=LINE('4451',#2125,#2124);
#2127=DIRECTION('',(-1.E0,0.E0,0.E0));
#2128=VECTOR('',#2127,2.8E0);
#2129=CARTESIAN_POINT('',(1.1615E1,1.6E0,6.72E0));
#2130=LINE('5178',#2129,#2128);
#2131=DIRECTION('',(-1.E0,0.E0,0.E0));
#2132=VECTOR('',#2131,2.8E0);
#2133=CARTESIAN_POINT('',(1.1615E1,1.8E0,6.92E0));
#2134=LINE('4476',#2133,#2132);
#2135=DIRECTION('',(0.E0,1.E0,0.E0));
#2136=VECTOR('',#2135,1.6E0);
#2137=CARTESIAN_POINT('',(8.815E0,0.E0,6.92E0));
#2138=LINE('5052',#2137,#2136);
#2139=DIRECTION('',(0.E0,0.E0,-1.E0));
#2140=VECTOR('',#2139,2.E-1);
#2141=CARTESIAN_POINT('',(8.815E0,1.6E0,6.92E0));
#2142=LINE('5053',#2141,#2140);
#2143=CARTESIAN_POINT('',(8.815E0,1.8E0,6.72E0));
#2144=DIRECTION('',(-1.E0,0.E0,0.E0));
#2145=DIRECTION('',(0.E0,-1.E0,0.E0));
#2146=AXIS2_PLACEMENT_3D('',#2143,#2144,#2145);
#2148=DIRECTION('',(0.E0,-1.736481776669E-1,9.848077530122E-1));
#2149=VECTOR('',#2148,2.944737174469E-1);
#2150=CARTESIAN_POINT('',(8.815E0,2.04E0,6.92E0));
#2151=LINE('4443',#2150,#2149);
#2152=DIRECTION('',(0.E0,-9.986295347546E-1,5.233595624295E-2));
#2153=VECTOR('',#2152,1.991594586759E0);
#2154=CARTESIAN_POINT('',(8.815E0,1.988865175595E0,7.21E0));
#2155=LINE('4444',#2154,#2153);
#2156=DIRECTION('',(0.E0,1.E0,0.E0));
#2157=VECTOR('',#2156,1.6E0);
#2158=CARTESIAN_POINT('',(4.805E0,0.E0,6.92E0));
#2159=LINE('5056',#2158,#2157);
#2160=DIRECTION('',(0.E0,-9.986295347546E-1,5.233595624295E-2));
#2161=VECTOR('',#2160,1.991594586759E0);
#2162=CARTESIAN_POINT('',(4.805E0,1.988865175595E0,7.21E0));
#2163=LINE('4448',#2162,#2161);
#2164=DIRECTION('',(0.E0,-1.736481776669E-1,9.848077530122E-1));
#2165=VECTOR('',#2164,2.944737174469E-1);
#2166=CARTESIAN_POINT('',(4.805E0,2.04E0,6.92E0));
#2167=LINE('4447',#2166,#2165);
#2168=CARTESIAN_POINT('',(4.805E0,1.8E0,6.72E0));
#2169=DIRECTION('',(-1.E0,0.E0,0.E0));
#2170=DIRECTION('',(0.E0,-1.E0,0.E0));
#2171=AXIS2_PLACEMENT_3D('',#2168,#2169,#2170);
#2173=DIRECTION('',(0.E0,0.E0,-1.E0));
#2174=VECTOR('',#2173,2.E-1);
#2175=CARTESIAN_POINT('',(4.805E0,1.6E0,6.92E0));
#2176=LINE('5057',#2175,#2174);
#2177=DIRECTION('',(-1.E0,0.E0,0.E0));
#2178=VECTOR('',#2177,4.01E0);
#2179=CARTESIAN_POINT('',(8.815E0,1.988865175595E0,7.21E0));
#2180=LINE('4431',#2179,#2178);
#2181=DIRECTION('',(-1.E0,0.E0,0.E0));
#2182=VECTOR('',#2181,2.8E0);
#2183=CARTESIAN_POINT('',(4.805E0,1.6E0,6.72E0));
#2184=LINE('5156',#2183,#2182);
#2185=DIRECTION('',(-1.E0,0.E0,0.E0));
#2186=VECTOR('',#2185,2.8E0);
#2187=CARTESIAN_POINT('',(4.805E0,1.8E0,6.92E0));
#2188=LINE('4442',#2187,#2186);
#2189=DIRECTION('',(0.E0,1.E0,0.E0));
#2190=VECTOR('',#2189,1.6E0);
#2191=CARTESIAN_POINT('',(2.005E0,0.E0,6.92E0));
#2192=LINE('5044',#2191,#2190);
#2193=DIRECTION('',(0.E0,0.E0,-1.E0));
#2194=VECTOR('',#2193,2.E-1);
#2195=CARTESIAN_POINT('',(2.005E0,1.6E0,6.92E0));
#2196=LINE('5045',#2195,#2194);
#2197=CARTESIAN_POINT('',(2.005E0,1.8E0,6.72E0));
#2198=DIRECTION('',(-1.E0,0.E0,0.E0));
#2199=DIRECTION('',(0.E0,-1.E0,0.E0));
#2200=AXIS2_PLACEMENT_3D('',#2197,#2198,#2199);
#2202=DIRECTION('',(0.E0,-1.736481776669E-1,9.848077530122E-1));
#2203=VECTOR('',#2202,2.944737174469E-1);
#2204=CARTESIAN_POINT('',(2.005E0,2.04E0,6.92E0));
#2205=LINE('4243',#2204,#2203);
#2206=DIRECTION('',(0.E0,-9.986295347546E-1,5.233595624295E-2));
#2207=VECTOR('',#2206,1.991594586759E0);
#2208=CARTESIAN_POINT('',(2.005E0,1.988865175595E0,7.21E0));
#2209=LINE('4244',#2208,#2207);
#2210=DIRECTION('',(0.E0,1.E0,0.E0));
#2211=VECTOR('',#2210,1.6E0);
#2212=CARTESIAN_POINT('',(-2.005E0,0.E0,6.92E0));
#2213=LINE('5048',#2212,#2211);
#2214=DIRECTION('',(0.E0,-9.986295347546E-1,5.233595624295E-2));
#2215=VECTOR('',#2214,1.991594586759E0);
#2216=CARTESIAN_POINT('',(-2.005E0,1.988865175595E0,7.21E0));
#2217=LINE('4248',#2216,#2215);
#2218=DIRECTION('',(0.E0,-1.736481776669E-1,9.848077530122E-1));
#2219=VECTOR('',#2218,2.944737174469E-1);
#2220=CARTESIAN_POINT('',(-2.005E0,2.04E0,6.92E0));
#2221=LINE('4247',#2220,#2219);
#2222=CARTESIAN_POINT('',(-2.005E0,1.8E0,6.72E0));
#2223=DIRECTION('',(-1.E0,0.E0,0.E0));
#2224=DIRECTION('',(0.E0,-1.E0,0.E0));
#2225=AXIS2_PLACEMENT_3D('',#2222,#2223,#2224);
#2227=DIRECTION('',(0.E0,0.E0,-1.E0));
#2228=VECTOR('',#2227,2.E-1);
#2229=CARTESIAN_POINT('',(-2.005E0,1.6E0,6.92E0));
#2230=LINE('5049',#2229,#2228);
#2231=DIRECTION('',(-1.E0,0.E0,0.E0));
#2232=VECTOR('',#2231,4.01E0);
#2233=CARTESIAN_POINT('',(2.005E0,1.988865175595E0,7.21E0));
#2234=LINE('4233',#2233,#2232);
#2235=DIRECTION('',(-1.E0,0.E0,0.E0));
#2236=VECTOR('',#2235,2.8E0);
#2237=CARTESIAN_POINT('',(-2.005E0,1.8E0,6.92E0));
#2238=LINE('4504',#2237,#2236);
#2239=DIRECTION('',(-1.E0,0.E0,0.E0));
#2240=VECTOR('',#2239,2.8E0);
#2241=CARTESIAN_POINT('',(-2.005E0,1.6E0,6.72E0));
#2242=LINE('5188',#2241,#2240);
#2243=DIRECTION('',(0.E0,1.E0,0.E0));
#2244=VECTOR('',#2243,1.6E0);
#2245=CARTESIAN_POINT('',(-4.805E0,0.E0,6.92E0));
#2246=LINE('5080',#2245,#2244);
#2247=DIRECTION('',(0.E0,0.E0,-1.E0));
#2248=VECTOR('',#2247,2.E-1);
#2249=CARTESIAN_POINT('',(-4.805E0,1.6E0,6.92E0));
#2250=LINE('5081',#2249,#2248);
#2251=CARTESIAN_POINT('',(-4.805E0,1.8E0,6.72E0));
#2252=DIRECTION('',(-1.E0,0.E0,0.E0));
#2253=DIRECTION('',(0.E0,-1.E0,0.E0));
#2254=AXIS2_PLACEMENT_3D('',#2251,#2252,#2253);
#2256=DIRECTION('',(0.E0,-1.736481776669E-1,9.848077530122E-1));
#2257=VECTOR('',#2256,2.944737174469E-1);
#2258=CARTESIAN_POINT('',(-4.805E0,2.04E0,6.92E0));
#2259=LINE('4509',#2258,#2257);
#2260=DIRECTION('',(0.E0,-9.986295347546E-1,5.233595624295E-2));
#2261=VECTOR('',#2260,1.991594586759E0);
#2262=CARTESIAN_POINT('',(-4.805E0,1.988865175595E0,7.21E0));
#2263=LINE('4510',#2262,#2261);
#2264=DIRECTION('',(0.E0,1.E0,0.E0));
#2265=VECTOR('',#2264,1.6E0);
#2266=CARTESIAN_POINT('',(-8.815E0,0.E0,6.92E0));
#2267=LINE('5076',#2266,#2265);
#2268=DIRECTION('',(0.E0,-9.986295347546E-1,5.233595624295E-2));
#2269=VECTOR('',#2268,1.991594586759E0);
#2270=CARTESIAN_POINT('',(-8.815E0,1.988865175595E0,7.21E0));
#2271=LINE('4506',#2270,#2269);
#2272=DIRECTION('',(0.E0,-1.736481776669E-1,9.848077530122E-1));
#2273=VECTOR('',#2272,2.944737174469E-1);
#2274=CARTESIAN_POINT('',(-8.815E0,2.04E0,6.92E0));
#2275=LINE('4505',#2274,#2273);
#2276=CARTESIAN_POINT('',(-8.815E0,1.8E0,6.72E0));
#2277=DIRECTION('',(-1.E0,0.E0,0.E0));
#2278=DIRECTION('',(0.E0,-1.E0,0.E0));
#2279=AXIS2_PLACEMENT_3D('',#2276,#2277,#2278);
#2281=DIRECTION('',(0.E0,0.E0,-1.E0));
#2282=VECTOR('',#2281,2.E-1);
#2283=CARTESIAN_POINT('',(-8.815E0,1.6E0,6.92E0));
#2284=LINE('5077',#2283,#2282);
#2285=DIRECTION('',(1.E0,0.E0,0.E0));
#2286=VECTOR('',#2285,4.01E0);
#2287=CARTESIAN_POINT('',(-8.815E0,1.988865175595E0,7.21E0));
#2288=LINE('4493',#2287,#2286);
#2289=DIRECTION('',(-1.E0,0.E0,0.E0));
#2290=VECTOR('',#2289,2.8E0);
#2291=CARTESIAN_POINT('',(-8.815E0,1.8E0,6.92E0));
#2292=LINE('4536',#2291,#2290);
#2293=DIRECTION('',(-1.E0,0.E0,0.E0));
#2294=VECTOR('',#2293,2.8E0);
#2295=CARTESIAN_POINT('',(-8.815E0,1.6E0,6.72E0));
#2296=LINE('5208',#2295,#2294);
#2297=DIRECTION('',(0.E0,1.E0,0.E0));
#2298=VECTOR('',#2297,1.6E0);
#2299=CARTESIAN_POINT('',(-1.1615E1,0.E0,6.92E0));
#2300=LINE('5088',#2299,#2298);
#2301=DIRECTION('',(0.E0,0.E0,-1.E0));
#2302=VECTOR('',#2301,2.E-1);
#2303=CARTESIAN_POINT('',(-1.1615E1,1.6E0,6.92E0));
#2304=LINE('5089',#2303,#2302);
#2305=CARTESIAN_POINT('',(-1.1615E1,1.8E0,6.72E0));
#2306=DIRECTION('',(-1.E0,0.E0,0.E0));
#2307=DIRECTION('',(0.E0,-1.E0,0.E0));
#2308=AXIS2_PLACEMENT_3D('',#2305,#2306,#2307);
#2310=DIRECTION('',(0.E0,-1.736481776669E-1,9.848077530122E-1));
#2311=VECTOR('',#2310,2.944737174469E-1);
#2312=CARTESIAN_POINT('',(-1.1615E1,2.04E0,6.92E0));
#2313=LINE('4543',#2312,#2311);
#2314=DIRECTION('',(0.E0,-9.986295347546E-1,5.233595624295E-2));
#2315=VECTOR('',#2314,1.991594586759E0);
#2316=CARTESIAN_POINT('',(-1.1615E1,1.988865175595E0,7.21E0));
#2317=LINE('4544',#2316,#2315);
#2318=DIRECTION('',(1.E0,0.E0,0.E0));
#2319=VECTOR('',#2318,4.01E0);
#2320=CARTESIAN_POINT('',(-1.5625E1,1.988865175595E0,7.21E0));
#2321=LINE('4513',#2320,#2319);
#2322=DIRECTION('',(0.E0,-8.660254037844E-1,-5.E-1));
#2323=VECTOR('',#2322,3.464101615138E-1);
#2324=CARTESIAN_POINT('',(2.2405E1,2.7E0,7.093205080757E0));
#2325=LINE('4383',#2324,#2323);
#2326=DIRECTION('',(1.E0,0.E0,0.E0));
#2327=VECTOR('',#2326,2.845E0);
#2328=CARTESIAN_POINT('',(2.2405E1,2.4E0,6.92E0));
#2329=LINE('4388',#2328,#2327);
#2330=DIRECTION('',(1.E0,0.E0,0.E0));
#2331=VECTOR('',#2330,2.845E0);
#2332=CARTESIAN_POINT('',(2.2405E1,2.7E0,7.093205080757E0));
#2333=LINE('4387',#2332,#2331);
#2334=DIRECTION('',(1.E0,0.E0,0.E0));
#2335=VECTOR('',#2334,2.8E0);
#2336=CARTESIAN_POINT('',(-1.8425E1,1.6E0,-6.72E0));
#2337=LINE('5206',#2336,#2335);
#2338=DIRECTION('',(1.E0,0.E0,0.E0));
#2339=VECTOR('',#2338,2.8E0);
#2340=CARTESIAN_POINT('',(-1.8425E1,1.8E0,-6.92E0));
#2341=LINE('4534',#2340,#2339);
#2342=DIRECTION('',(0.E0,-1.E0,-1.583918181799E-12));
#2343=VECTOR('',#2342,6.E-1);
#2344=CARTESIAN_POINT('',(-2.575E1,2.4E0,-6.42E0));
#2345=LINE('4118',#2344,#2343);
#2346=DIRECTION('',(9.700092581018E-11,-1.E0,0.E0));
#2347=VECTOR('',#2346,6.E-1);
#2348=CARTESIAN_POINT('',(-2.525E1,2.4E0,-6.92E0));
#2349=LINE('4117',#2348,#2347);
#2350=CARTESIAN_POINT('',(-2.525E1,1.6E0,-6.42E0));
#2351=DIRECTION('',(0.E0,-1.E0,0.E0));
#2352=DIRECTION('',(-1.E0,0.E0,0.E0));
#2353=AXIS2_PLACEMENT_3D('',#2350,#2351,#2352);
#2355=CARTESIAN_POINT('',(-2.555E1,1.8E0,-6.419999999519E0));
#2356=DIRECTION('',(-1.604571420177E-9,0.E0,-1.E0));
#2357=DIRECTION('',(-1.776356839400E-14,-1.E0,0.E0));
#2358=AXIS2_PLACEMENT_3D('',#2355,#2356,#2357);
#2360=CARTESIAN_POINT('',(-2.525E1,1.8E0,-6.42E0));
#2361=DIRECTION('',(0.E0,-1.E0,0.E0));
#2362=DIRECTION('',(-1.E0,0.E0,0.E0));
#2363=AXIS2_PLACEMENT_3D('',#2360,#2361,#2362);
#2365=DIRECTION('',(0.E0,0.E0,-1.E0));
#2366=VECTOR('',#2365,1.284E1);
#2367=CARTESIAN_POINT('',(-2.555E1,1.6E0,6.42E0));
#2368=LINE('4055',#2367,#2366);
#2369=CARTESIAN_POINT('',(-2.555E1,1.8E0,6.42E0));
#2370=DIRECTION('',(0.E0,0.E0,-1.E0));
#2371=DIRECTION('',(0.E0,-1.E0,0.E0));
#2372=AXIS2_PLACEMENT_3D('',#2369,#2370,#2371);
#2374=DIRECTION('',(0.E0,0.E0,-1.E0));
#2375=VECTOR('',#2374,1.283999999994E1);
#2376=CARTESIAN_POINT('',(-2.575E1,1.8E0,6.419999999942E0));
#2377=LINE('4056',#2376,#2375);
#2378=CARTESIAN_POINT('',(-2.525E1,1.6E0,6.42E0));
#2379=DIRECTION('',(0.E0,-1.E0,0.E0));
#2380=DIRECTION('',(0.E0,0.E0,1.E0));
#2381=AXIS2_PLACEMENT_3D('',#2378,#2379,#2380);
#2383=CARTESIAN_POINT('',(-2.524999999952E1,1.8E0,6.72E0));
#2384=DIRECTION('',(-1.E0,0.E0,1.604557320345E-9));
#2385=DIRECTION('',(0.E0,-1.E0,0.E0));
#2386=AXIS2_PLACEMENT_3D('',#2383,#2384,#2385);
#2388=CARTESIAN_POINT('',(-2.525E1,1.8E0,6.42E0));
#2389=DIRECTION('',(0.E0,-1.E0,0.E0));
#2390=DIRECTION('',(0.E0,0.E0,1.E0));
#2391=AXIS2_PLACEMENT_3D('',#2388,#2389,#2390);
#2393=DIRECTION('',(-1.E0,0.E0,0.E0));
#2394=VECTOR('',#2393,2.815000000001E0);
#2395=CARTESIAN_POINT('',(-2.2435E1,1.8E0,6.92E0));
#2396=LINE('4538',#2395,#2394);
#2397=DIRECTION('',(-1.E0,0.E0,0.E0));
#2398=VECTOR('',#2397,2.815E0);
#2399=CARTESIAN_POINT('',(-2.2435E1,1.6E0,6.72E0));
#2400=LINE('5210',#2399,#2398);
#2401=DIRECTION('',(0.E0,1.E0,0.E0));
#2402=VECTOR('',#2401,1.6E0);
#2403=CARTESIAN_POINT('',(-2.2435E1,0.E0,6.92E0));
#2404=LINE('5092',#2403,#2402);
#2405=DIRECTION('',(0.E0,-9.986295347546E-1,5.233595624295E-2));
#2406=VECTOR('',#2405,1.991594586759E0);
#2407=CARTESIAN_POINT('',(-2.2435E1,1.988865175595E0,7.21E0));
#2408=LINE('4548',#2407,#2406);
#2409=DIRECTION('',(0.E0,-1.736481776669E-1,9.848077530122E-1));
#2410=VECTOR('',#2409,2.944737174469E-1);
#2411=CARTESIAN_POINT('',(-2.2435E1,2.04E0,6.92E0));
#2412=LINE('4547',#2411,#2410);
#2413=CARTESIAN_POINT('',(-2.2435E1,1.8E0,6.72E0));
#2414=DIRECTION('',(-1.E0,0.E0,0.E0));
#2415=DIRECTION('',(0.E0,-1.E0,0.E0));
#2416=AXIS2_PLACEMENT_3D('',#2413,#2414,#2415);
#2418=DIRECTION('',(-3.552713678800E-14,0.E0,-1.E0));
#2419=VECTOR('',#2418,2.E-1);
#2420=CARTESIAN_POINT('',(-2.2435E1,1.6E0,6.92E0));
#2421=LINE('5093',#2420,#2419);
#2422=DIRECTION('',(0.E0,1.E0,0.E0));
#2423=VECTOR('',#2422,1.6E0);
#2424=CARTESIAN_POINT('',(-1.8425E1,0.E0,6.92E0));
#2425=LINE('5096',#2424,#2423);
#2426=DIRECTION('',(0.E0,0.E0,-1.E0));
#2427=VECTOR('',#2426,2.E-1);
#2428=CARTESIAN_POINT('',(-1.8425E1,1.6E0,6.92E0));
#2429=LINE('5097',#2428,#2427);
#2430=CARTESIAN_POINT('',(-1.8425E1,1.8E0,6.72E0));
#2431=DIRECTION('',(-1.E0,0.E0,0.E0));
#2432=DIRECTION('',(0.E0,-1.E0,0.E0));
#2433=AXIS2_PLACEMENT_3D('',#2430,#2431,#2432);
#2435=DIRECTION('',(0.E0,-1.736481776669E-1,9.848077530122E-1));
#2436=VECTOR('',#2435,2.944737174469E-1);
#2437=CARTESIAN_POINT('',(-1.8425E1,2.04E0,6.92E0));
#2438=LINE('4551',#2437,#2436);
#2439=DIRECTION('',(0.E0,-9.986295347546E-1,5.233595624295E-2));
#2440=VECTOR('',#2439,1.991594586759E0);
#2441=CARTESIAN_POINT('',(-1.8425E1,1.988865175595E0,7.21E0));
#2442=LINE('4552',#2441,#2440);
#2443=DIRECTION('',(-1.E0,0.E0,0.E0));
#2444=VECTOR('',#2443,2.8E0);
#2445=CARTESIAN_POINT('',(-1.5625E1,1.8E0,6.92E0));
#2446=LINE('4537',#2445,#2444);
#2447=DIRECTION('',(-1.E0,0.E0,0.E0));
#2448=VECTOR('',#2447,2.8E0);
#2449=CARTESIAN_POINT('',(-1.5625E1,1.6E0,6.72E0));
#2450=LINE('5209',#2449,#2448);
#2451=DIRECTION('',(1.E0,0.E0,0.E0));
#2452=VECTOR('',#2451,4.01E0);
#2453=CARTESIAN_POINT('',(-2.2435E1,1.988865175595E0,7.21E0));
#2454=LINE('4515',#2453,#2452);
#2455=DIRECTION('',(-1.580957587066E-12,-1.E0,0.E0));
#2456=VECTOR('',#2455,6.E-1);
#2457=CARTESIAN_POINT('',(-2.525E1,2.4E0,6.92E0));
#2458=LINE('4120',#2457,#2456);
#2459=DIRECTION('',(0.E0,-1.E0,-9.699944551282E-11));
#2460=VECTOR('',#2459,6.E-1);
#2461=CARTESIAN_POINT('',(-2.575E1,2.4E0,6.42E0));
#2462=LINE('4119',#2461,#2460);
#2463=CARTESIAN_POINT('',(-2.525E1,2.4E0,6.42E0));
#2464=DIRECTION('',(0.E0,-1.E0,0.E0));
#2465=DIRECTION('',(0.E0,0.E0,1.E0));
#2466=AXIS2_PLACEMENT_3D('',#2463,#2464,#2465);
#2468=CARTESIAN_POINT('',(-2.525E1,2.7E0,6.42E0));
#2469=DIRECTION('',(0.E0,-1.E0,0.E0));
#2470=DIRECTION('',(0.E0,0.E0,1.E0));
#2471=AXIS2_PLACEMENT_3D('',#2468,#2469,#2470);
#2473=DIRECTION('',(-5.E-1,8.660254037844E-1,0.E0));
#2474=VECTOR('',#2473,3.464101615138E-1);
#2475=CARTESIAN_POINT('',(-2.575E1,2.4E0,6.42E0));
#2476=LINE('4105',#2475,#2474);
#2477=DIRECTION('',(0.E0,-8.660254037844E-1,-5.E-1));
#2478=VECTOR('',#2477,3.464101615138E-1);
#2479=CARTESIAN_POINT('',(-2.2405E1,2.7E0,7.093205080757E0));
#2480=LINE('4401',#2479,#2478);
#2481=DIRECTION('',(1.E0,0.E0,0.E0));
#2482=VECTOR('',#2481,2.845E0);
#2483=CARTESIAN_POINT('',(-2.525E1,2.7E0,7.093205080757E0));
#2484=LINE('4407',#2483,#2482);
#2485=DIRECTION('',(0.E0,-8.660254037844E-1,-5.E-1));
#2486=VECTOR('',#2485,3.464101615138E-1);
#2487=CARTESIAN_POINT('',(-2.525E1,2.7E0,7.093205080757E0));
#2488=LINE('4106',#2487,#2486);
#2489=DIRECTION('',(1.E0,0.E0,0.E0));
#2490=VECTOR('',#2489,2.845E0);
#2491=CARTESIAN_POINT('',(-2.525E1,2.4E0,6.92E0));
#2492=LINE('4409',#2491,#2490);
#2493=DIRECTION('',(0.E0,0.E0,1.E0));
#2494=VECTOR('',#2493,1.284E1);
#2495=CARTESIAN_POINT('',(-2.592320508076E1,2.7E0,-6.42E0));
#2496=LINE('4100',#2495,#2494);
#2497=DIRECTION('',(5.E-1,-8.660254037844E-1,0.E0));
#2498=VECTOR('',#2497,3.464101615138E-1);
#2499=CARTESIAN_POINT('',(-2.592320508076E1,2.7E0,-6.42E0));
#2500=LINE('4102',#2499,#2498);
#2501=DIRECTION('',(0.E0,0.E0,1.E0));
#2502=VECTOR('',#2501,1.284E1);
#2503=CARTESIAN_POINT('',(-2.575E1,2.4E0,-6.42E0));
#2504=LINE('4101',#2503,#2502);
#2505=CARTESIAN_POINT('',(-2.525E1,2.4E0,-6.42E0));
#2506=DIRECTION('',(0.E0,-1.E0,0.E0));
#2507=DIRECTION('',(-1.E0,0.E0,0.E0));
#2508=AXIS2_PLACEMENT_3D('',#2505,#2506,#2507);
#2510=CARTESIAN_POINT('',(-2.525E1,2.7E0,-6.42E0));
#2511=DIRECTION('',(0.E0,-1.E0,0.E0));
#2512=DIRECTION('',(-1.E0,0.E0,0.E0));
#2513=AXIS2_PLACEMENT_3D('',#2510,#2511,#2512);
#2515=DIRECTION('',(0.E0,8.660254037844E-1,-5.E-1));
#2516=VECTOR('',#2515,3.464101615138E-1);
#2517=CARTESIAN_POINT('',(-2.525E1,2.4E0,-6.92E0));
#2518=LINE('4099',#2517,#2516);
#2519=DIRECTION('',(0.E0,-8.660254037844E-1,5.E-1));
#2520=VECTOR('',#2519,3.464101615138E-1);
#2521=CARTESIAN_POINT('',(-2.2405E1,2.7E0,-7.093205080757E0));
#2522=LINE('4399',#2521,#2520);
#2523=DIRECTION('',(-1.E0,0.E0,0.E0));
#2524=VECTOR('',#2523,2.845E0);
#2525=CARTESIAN_POINT('',(-2.2405E1,2.4E0,-6.92E0));
#2526=LINE('4406',#2525,#2524);
#2527=DIRECTION('',(-1.E0,0.E0,0.E0));
#2528=VECTOR('',#2527,2.845E0);
#2529=CARTESIAN_POINT('',(-2.2405E1,2.7E0,-7.093205080757E0));
#2530=LINE('4404',#2529,#2528);
#2531=DIRECTION('',(0.E0,-8.660254037844E-1,5.E-1));
#2532=VECTOR('',#2531,3.464101615138E-1);
#2533=CARTESIAN_POINT('',(-1.8395E1,2.7E0,-7.093205080757E0));
#2534=LINE('4400',#2533,#2532);
#2535=DIRECTION('',(-1.E0,0.E0,0.E0));
#2536=VECTOR('',#2535,3.679E1);
#2537=CARTESIAN_POINT('',(1.8395E1,2.7E0,-7.093205080757E0));
#2538=LINE('4403',#2537,#2536);
#2539=DIRECTION('',(0.E0,-8.660254037844E-1,5.E-1));
#2540=VECTOR('',#2539,3.464101615138E-1);
#2541=CARTESIAN_POINT('',(1.8395E1,2.7E0,-7.093205080757E0));
#2542=LINE('4382',#2541,#2540);
#2543=DIRECTION('',(-1.E0,0.E0,0.E0));
#2544=VECTOR('',#2543,3.679E1);
#2545=CARTESIAN_POINT('',(1.8395E1,2.4E0,-6.92E0));
#2546=LINE('4405',#2545,#2544);
#2547=DIRECTION('',(1.E0,0.E0,0.E0));
#2548=VECTOR('',#2547,4.464925918501E-1);
#2549=CARTESIAN_POINT('',(2.421941176471E1,1.6E0,-5.635E0));
#2550=LINE('5125',#2549,#2548);
#2551=DIRECTION('',(-4.797812852134E-2,9.988483864850E-1,0.E0));
#2552=VECTOR('',#2551,1.151325882446E-1);
#2553=CARTESIAN_POINT('',(2.466590435656E1,1.6E0,-5.635E0));
#2554=LINE('5240',#2553,#2552);
#2555=DIRECTION('',(0.E0,-1.E0,0.E0));
#2556=VECTOR('',#2555,2.E-2);
#2557=CARTESIAN_POINT('',(2.4385E1,1.715E0,-5.635E0));
#2558=LINE('5008',#2557,#2556);
#2559=DIRECTION('',(1.E0,0.E0,0.E0));
#2560=VECTOR('',#2559,1.E-1);
#2561=CARTESIAN_POINT('',(2.4215E1,1.625E0,-5.635E0));
#2562=LINE('5009',#2561,#2560);
#2563=DIRECTION('',(-1.737853339093E-1,9.847835588179E-1,0.E0));
#2564=VECTOR('',#2563,2.538628897299E-2);
#2565=CARTESIAN_POINT('',(2.421941176471E1,1.6E0,-5.635E0));
#2566=LINE('5242',#2565,#2564);
#2567=DIRECTION('',(0.E0,0.E0,1.E0));
#2568=VECTOR('',#2567,1.E-1);
#2569=CARTESIAN_POINT('',(2.466590435656E1,1.6E0,-5.635E0));
#2570=LINE('5129',#2569,#2568);
#2571=DIRECTION('',(0.E0,0.E0,-1.E0));
#2572=VECTOR('',#2571,1.E-1);
#2573=CARTESIAN_POINT('',(2.466038051044E1,1.715E0,-5.535E0));
#2574=LINE('4984',#2573,#2572);
#2575=DIRECTION('',(1.E0,0.E0,0.E0));
#2576=VECTOR('',#2575,4.464925918501E-1);
#2577=CARTESIAN_POINT('',(2.421941176471E1,1.6E0,-5.535E0));
#2578=LINE('5126',#2577,#2576);
#2579=DIRECTION('',(-1.737853339093E-1,9.847835588179E-1,-6.997308040140E-14));
#2580=VECTOR('',#2579,2.538628897299E-2);
#2581=CARTESIAN_POINT('',(2.421941176471E1,1.6E0,-5.535E0));
#2582=LINE('5241',#2581,#2580);
#2583=DIRECTION('',(1.E0,0.E0,0.E0));
#2584=VECTOR('',#2583,1.E-1);
#2585=CARTESIAN_POINT('',(2.4215E1,1.625E0,-5.535E0));
#2586=LINE('5007',#2585,#2584);
#2587=DIRECTION('',(0.E0,-1.E0,0.E0));
#2588=VECTOR('',#2587,2.E-2);
#2589=CARTESIAN_POINT('',(2.4385E1,1.715E0,-5.535E0));
#2590=LINE('5006',#2589,#2588);
#2591=DIRECTION('',(-4.797812852134E-2,9.988483864850E-1,-1.542879272049E-14));
#2592=VECTOR('',#2591,1.151325882446E-1);
#2593=CARTESIAN_POINT('',(2.466590435656E1,1.6E0,-5.535E0));
#2594=LINE('5239',#2593,#2592);
#2595=DIRECTION('',(0.E0,0.E0,1.E0));
#2596=VECTOR('',#2595,1.E-1);
#2597=CARTESIAN_POINT('',(2.421941176471E1,1.6E0,-5.635E0));
#2598=LINE('5130',#2597,#2596);
#2599=DIRECTION('',(0.E0,0.E0,-1.E0));
#2600=VECTOR('',#2599,1.E-1);
#2601=CARTESIAN_POINT('',(2.4215E1,1.625E0,-5.535E0));
#2602=LINE('4999',#2601,#2600);
#2603=DIRECTION('',(0.E0,0.E0,-1.E0));
#2604=VECTOR('',#2603,1.E-1);
#2605=CARTESIAN_POINT('',(2.4385E1,1.695E0,-5.535E0));
#2606=LINE('5004',#2605,#2604);
#2607=CARTESIAN_POINT('',(2.4315E1,1.695E0,-5.535E0));
#2608=DIRECTION('',(0.E0,0.E0,-1.E0));
#2609=DIRECTION('',(1.E0,0.E0,0.E0));
#2610=AXIS2_PLACEMENT_3D('',#2607,#2608,#2609);
#2612=DIRECTION('',(0.E0,0.E0,-1.E0));
#2613=VECTOR('',#2612,1.E-1);
#2614=CARTESIAN_POINT('',(2.4315E1,1.625E0,-5.535E0));
#2615=LINE('5005',#2614,#2613);
#2616=CARTESIAN_POINT('',(2.4315E1,1.695E0,-5.635E0));
#2617=DIRECTION('',(0.E0,0.E0,1.E0));
#2618=DIRECTION('',(0.E0,-1.E0,0.E0));
#2619=AXIS2_PLACEMENT_3D('',#2616,#2617,#2618);
#2621=CARTESIAN_POINT('',(2.4385E1,1.715E0,-5.885E0));
#2622=DIRECTION('',(1.E0,0.E0,0.E0));
#2623=DIRECTION('',(0.E0,2.435240152993E-1,9.698948674844E-1));
#2624=AXIS2_PLACEMENT_3D('',#2621,#2622,#2623);
#2626=DIRECTION('',(0.E0,0.E0,-1.E0));
#2627=VECTOR('',#2626,1.E-1);
#2628=CARTESIAN_POINT('',(2.4385E1,1.715E0,-5.535E0));
#2629=LINE('5003',#2628,#2627);
#2630=CARTESIAN_POINT('',(2.4385E1,1.715E0,-5.885E0));
#2631=DIRECTION('',(1.E0,0.E0,0.E0));
#2632=DIRECTION('',(0.E0,2.435240152993E-1,9.698948674844E-1));
#2633=AXIS2_PLACEMENT_3D('',#2630,#2631,#2632);
#2635=DIRECTION('',(-1.E0,0.E0,0.E0));
#2636=VECTOR('',#2635,2.753805104402E-1);
#2637=CARTESIAN_POINT('',(2.466038051044E1,1.715E0,-5.535E0));
#2638=LINE('4988',#2637,#2636);
#2639=DIRECTION('',(0.E0,9.698948674844E-1,-2.435240152993E-1));
#2640=VECTOR('',#2639,3.693575503493E-1);
#2641=CARTESIAN_POINT('',(2.4385E1,1.800233405355E0,-5.545536796380E0));
#2642=LINE('4986',#2641,#2640);
#2643=DIRECTION('',(-4.653691713195E-2,9.688440550276E-1,-2.432601742611E-1));
#2644=VECTOR('',#2643,3.697581571475E-1);
#2645=CARTESIAN_POINT('',(2.465628645640E1,1.800233405355E0,-5.545536796380E0));
#2646=LINE('4976',#2645,#2644);
#2647=DIRECTION('',(-1.E0,0.E0,0.E0));
#2648=VECTOR('',#2647,2.712864563958E-1);
#2649=CARTESIAN_POINT('',(2.465628645640E1,1.800233405355E0,-5.545536796380E0));
#2650=LINE('4989',#2649,#2648);
#2651=DIRECTION('',(0.E0,-2.435240152993E-1,-9.698948674844E-1));
#2652=VECTOR('',#2651,1.E-1);
#2653=CARTESIAN_POINT('',(2.4385E1,1.800233405355E0,-5.545536796380E0));
#2654=LINE('5002',#2653,#2652);
#2655=DIRECTION('',(0.E0,9.698948674844E-1,-2.435240152993E-1));
#2656=VECTOR('',#2655,3.693575503493E-1);
#2657=CARTESIAN_POINT('',(2.4385E1,1.775881003825E0,-5.642526283129E0));
#2658=LINE('4993',#2657,#2656);
#2659=DIRECTION('',(-1.E0,0.E0,0.E0));
#2660=VECTOR('',#2659,2.712864563958E-1);
#2661=CARTESIAN_POINT('',(2.465628645640E1,1.775881003825E0,-5.642526283129E0));
#2662=LINE('4996',#2661,#2660);
#2663=DIRECTION('',(-4.653691713195E-2,9.688440550276E-1,-2.432601742611E-1));
#2664=VECTOR('',#2663,3.697581571475E-1);
#2665=CARTESIAN_POINT('',(2.465628645640E1,1.775881003825E0,-5.642526283129E0));
#2666=LINE('4979',#2665,#2664);
#2667=DIRECTION('',(-1.E0,0.E0,0.E0));
#2668=VECTOR('',#2667,2.753805104402E-1);
#2669=CARTESIAN_POINT('',(2.466038051044E1,1.715E0,-5.635E0));
#2670=LINE('4995',#2669,#2668);
#2671=CARTESIAN_POINT('',(2.465628645640E1,1.800233405355E0,-5.545536796380E0));
#2672=CARTESIAN_POINT('',(2.465673312725E1,1.790955302771E0,-5.543207223484E0));
#2673=CARTESIAN_POINT('',(2.465763201992E1,1.772207669606E0,-5.539309178411E0));
#2674=CARTESIAN_POINT('',(2.465900254120E1,1.743700494919E0,-5.535784938975E0));
#2675=CARTESIAN_POINT('',(2.465991995142E1,1.724566907433E0,-5.535E0));
#2676=CARTESIAN_POINT('',(2.466038051044E1,1.715E0,-5.535E0));
#2678=DIRECTION('',(0.E0,-2.435240152993E-1,-9.698948674844E-1));
#2679=VECTOR('',#2678,1.E-1);
#2680=CARTESIAN_POINT('',(2.465628645640E1,1.800233405355E0,-5.545536796380E0));
#2681=LINE('4983',#2680,#2679);
#2682=CARTESIAN_POINT('',(2.465628645640E1,1.775881003825E0,-5.642526283129E0));
#2683=CARTESIAN_POINT('',(2.465673312725E1,1.769253787694E0,-5.640862302489E0));
#2684=CARTESIAN_POINT('',(2.465763201992E1,1.755862621147E0,-5.638077984579E0));
#2685=CARTESIAN_POINT('',(2.465900254120E1,1.735500353514E0,-5.635560670696E0));
#2686=CARTESIAN_POINT('',(2.465991995142E1,1.721833505309E0,-5.635E0));
#2687=CARTESIAN_POINT('',(2.466038051044E1,1.715E0,-5.635E0));
#2689=DIRECTION('',(0.E0,-2.435240152993E-1,-9.698948674844E-1));
#2690=VECTOR('',#2689,1.E-1);
#2691=CARTESIAN_POINT('',(2.463907905168E1,2.158471397705E0,-5.635484230123E0));
#2692=LINE('4982',#2691,#2690);
#2693=CARTESIAN_POINT('',(2.463907905168E1,2.158471397705E0,-5.635484230123E0));
#2694=CARTESIAN_POINT('',(2.463891575505E1,2.161833762196E0,-5.636328462347E0));
#2695=CARTESIAN_POINT('',(2.463858868299E1,2.168617783982E0,-5.637784218575E0));
#2696=CARTESIAN_POINT('',(2.463809488258E1,2.178938806812E0,-5.639258655072E0));
#2697=CARTESIAN_POINT('',(2.463759860515E1,2.189308003095E0,-5.640012236255E0));
#2698=CARTESIAN_POINT('',(2.463709789554E1,2.199729401058E0,-5.640046170691E0));
#2699=CARTESIAN_POINT('',(2.463659809235E1,2.210121763583E0,-5.639356540518E0));
#2700=CARTESIAN_POINT('',(2.463610301981E1,2.220426264451E0,-5.637951531862E0));
#2701=CARTESIAN_POINT('',(2.463561286627E1,2.230635195120E0,-5.635829628237E0));
#2702=CARTESIAN_POINT('',(2.463513197656E1,2.240645256785E0,-5.633012394998E0));
#2703=CARTESIAN_POINT('',(2.463466049615E1,2.250450071594E0,-5.629504462951E0));
#2704=CARTESIAN_POINT('',(2.463420199211E1,2.259992649686E0,-5.625321860825E0));
#2705=CARTESIAN_POINT('',(2.463376127582E1,2.269200254391E0,-5.620500602659E0));
#2706=CARTESIAN_POINT('',(2.463333663904E1,2.278076310823E0,-5.615037986455E0));
#2707=CARTESIAN_POINT('',(2.463306464564E1,2.283716731470E0,-5.611001450184E0));
#2708=CARTESIAN_POINT('',(2.463293115424E1,2.286463414634E0,-5.608888366897E0));
#2710=DIRECTION('',(0.E0,6.097560975610E-1,-7.925891126474E-1));
#2711=VECTOR('',#2710,1.E-1);
#2712=CARTESIAN_POINT('',(2.463293115424E1,2.286463414634E0,-5.608888366897E0));
#2713=LINE('4981',#2712,#2711);
#2714=CARTESIAN_POINT('',(2.463907905168E1,2.134118996175E0,-5.732473716871E0));
#2715=CARTESIAN_POINT('',(2.463893756619E1,2.138974431865E0,-5.733692833741E0));
#2716=CARTESIAN_POINT('',(2.46386542E1,2.148761081637E0,-5.735840208216E0));
#2717=CARTESIAN_POINT('',(2.463822673552E1,2.163633052721E0,-5.738176438064E0));
#2718=CARTESIAN_POINT('',(2.463779757853E1,2.178592100715E0,-5.739611589900E0));
#2719=CARTESIAN_POINT('',(2.463736525410E1,2.193610064387E0,-5.740146959848E0));
#2720=CARTESIAN_POINT('',(2.463693118577E1,2.208660232637E0,-5.739777566182E0));
#2721=CARTESIAN_POINT('',(2.463649914722E1,2.223633847596E0,-5.738506065321E0));
#2722=CARTESIAN_POINT('',(2.463607056817E1,2.238504202458E0,-5.736338826945E0));
#2723=CARTESIAN_POINT('',(2.463564592664E1,2.253243828149E0,-5.733275745584E0));
#2724=CARTESIAN_POINT('',(2.463522797969E1,2.267746110321E0,-5.729339004473E0));
#2725=CARTESIAN_POINT('',(2.463481718096E1,2.281985743686E0,-5.724539771481E0));
#2726=CARTESIAN_POINT('',(2.463441484948E1,2.295935953854E0,-5.718882839070E0));
#2727=CARTESIAN_POINT('',(2.463402445547E1,2.309495996002E0,-5.712409118890E0));
#2728=CARTESIAN_POINT('',(2.463364726858E1,2.322643324660E0,-5.705133896124E0));
#2729=CARTESIAN_POINT('',(2.463328201096E1,2.335351788786E0,-5.697067143476E0));
#2730=CARTESIAN_POINT('',(2.463304684276E1,2.343471731089E0,-5.691199403460E0));
#2731=CARTESIAN_POINT('',(2.463293115424E1,2.347439024390E0,-5.688147278162E0));
#2733=DIRECTION('',(-1.E0,0.E0,0.E0));
#2734=VECTOR('',#2733,2.540790516778E-1);
#2735=CARTESIAN_POINT('',(2.463907905168E1,2.158471397705E0,-5.635484230123E0));
#2736=LINE('4990',#2735,#2734);
#2737=CARTESIAN_POINT('',(2.4385E1,2.195E0,-5.49E0));
#2738=DIRECTION('',(1.E0,0.E0,0.E0));
#2739=DIRECTION('',(0.E0,-2.435240152993E-1,-9.698948674844E-1));
#2740=AXIS2_PLACEMENT_3D('',#2737,#2738,#2739);
#2742=DIRECTION('',(0.E0,-2.435240152993E-1,-9.698948674844E-1));
#2743=VECTOR('',#2742,1.E-1);
#2744=CARTESIAN_POINT('',(2.4385E1,2.158471397705E0,-5.635484230123E0));
#2745=LINE('5001',#2744,#2743);
#2746=CARTESIAN_POINT('',(2.4385E1,2.195E0,-5.49E0));
#2747=DIRECTION('',(1.E0,0.E0,0.E0));
#2748=DIRECTION('',(0.E0,-2.435240152993E-1,-9.698948674844E-1));
#2749=AXIS2_PLACEMENT_3D('',#2746,#2747,#2748);
#2751=DIRECTION('',(-1.E0,0.E0,0.E0));
#2752=VECTOR('',#2751,2.540790516778E-1);
#2753=CARTESIAN_POINT('',(2.463907905168E1,2.134118996175E0,-5.732473716871E0));
#2754=LINE('4997',#2753,#2752);
#2755=CARTESIAN_POINT('',(2.454735440034E1,2.462333959723E0,-5.599756097561E0));
#2756=DIRECTION('',(1.110223024625E-14,6.097560975610E-1,-7.925891126474E-1));
#2757=DIRECTION('',(9.246757232844E-1,3.017827221537E-1,2.321680326356E-1));
#2758=AXIS2_PLACEMENT_3D('',#2755,#2756,#2757);
#2760=DIRECTION('',(3.807555735224E-1,-7.328879110046E-1,-5.638266605393E-1));
#2761=VECTOR('',#2760,1.081460207961E-1);
#2762=CARTESIAN_POINT('',(2.458015125804E1,2.565735488761E0,-5.520207045194E0));
#2763=LINE('5025',#2762,#2761);
#2764=CARTESIAN_POINT('',(2.450617720017E1,2.541592870988E0,-5.538780487805E0));
#2765=DIRECTION('',(0.E0,6.097560975610E-1,-7.925891126474E-1));
#2766=DIRECTION('',(4.440892098501E-14,7.925891126474E-1,6.097560975610E-1));
#2767=AXIS2_PLACEMENT_3D('',#2764,#2765,#2766);
#2769=CARTESIAN_POINT('',(2.450617720017E1,2.541592870988E0,-5.538780487805E0));
#2770=DIRECTION('',(0.E0,6.097560975610E-1,-7.925891126474E-1));
#2771=DIRECTION('',(-9.246757232844E-1,3.017827221537E-1,2.321680326356E-1));
#2772=AXIS2_PLACEMENT_3D('',#2769,#2770,#2771);
#2774=DIRECTION('',(3.807555735224E-1,7.328879110046E-1,5.638266605393E-1));
#2775=VECTOR('',#2774,1.081460207961E-1);
#2776=CARTESIAN_POINT('',(2.439102594214E1,2.486476577496E0,-5.581182654950E0));
#2777=LINE('5022',#2776,#2775);
#2778=CARTESIAN_POINT('',(2.4465E1,2.462333959723E0,-5.599756097561E0));
#2779=DIRECTION('',(0.E0,6.097560975610E-1,-7.925891126474E-1));
#2780=DIRECTION('',(-1.E0,1.110223024625E-14,1.110223024625E-14));
#2781=AXIS2_PLACEMENT_3D('',#2778,#2779,#2780);
#2783=DIRECTION('',(0.E0,7.925891126474E-1,6.097560975610E-1));
#2784=VECTOR('',#2783,1.449615361854E-1);
#2785=CARTESIAN_POINT('',(2.4385E1,2.347439024390E0,-5.688147278162E0));
#2786=LINE('5027',#2785,#2784);
#2787=DIRECTION('',(-1.E0,0.E0,0.E0));
#2788=VECTOR('',#2787,2.479311542381E-1);
#2789=CARTESIAN_POINT('',(2.463293115424E1,2.347439024390E0,-5.688147278162E0));
#2790=LINE('4998',#2789,#2788);
#2791=DIRECTION('',(-3.804322549027E-2,7.920153530117E-1,6.093146917546E-1));
#2792=VECTOR('',#2791,1.481122134739E-1);
#2793=CARTESIAN_POINT('',(2.463293115424E1,2.347439024390E0,-5.688147278162E0));
#2794=LINE('5026',#2793,#2792);
#2795=DIRECTION('',(3.552713678800E-14,6.097560975610E-1,-7.925891126474E-1));
#2796=VECTOR('',#2795,1.E-1);
#2797=CARTESIAN_POINT('',(2.462132845821E1,2.425500967740E0,-5.501923743685E0));
#2798=LINE('5030',#2797,#2796);
#2799=CARTESIAN_POINT('',(2.454735440034E1,2.401358349967E0,-5.520497186296E0));
#2800=DIRECTION('',(1.110223024625E-14,6.097560975610E-1,-7.925891126474E-1));
#2801=DIRECTION('',(9.246757232844E-1,3.017827221537E-1,2.321680326356E-1));
#2802=AXIS2_PLACEMENT_3D('',#2799,#2800,#2801);
#2804=DIRECTION('',(-3.804322549027E-2,7.920153530117E-1,6.093146917546E-1));
#2805=VECTOR('',#2804,1.481122134739E-1);
#2806=CARTESIAN_POINT('',(2.463293115424E1,2.286463414634E0,-5.608888366897E0));
#2807=LINE('5018',#2806,#2805);
#2808=DIRECTION('',(-1.E0,0.E0,0.E0));
#2809=VECTOR('',#2808,2.479311542381E-1);
#2810=CARTESIAN_POINT('',(2.463293115424E1,2.286463414634E0,-5.608888366897E0));
#2811=LINE('4991',#2810,#2809);
#2812=DIRECTION('',(0.E0,7.925891126474E-1,6.097560975610E-1));
#2813=VECTOR('',#2812,1.449615361854E-1);
#2814=CARTESIAN_POINT('',(2.4385E1,2.286463414634E0,-5.608888366897E0));
#2815=LINE('5019',#2814,#2813);
#2816=CARTESIAN_POINT('',(2.4465E1,2.401358349967E0,-5.520497186296E0));
#2817=DIRECTION('',(0.E0,6.097560975610E-1,-7.925891126474E-1));
#2818=DIRECTION('',(-1.E0,1.110223024625E-14,1.110223024625E-14));
#2819=AXIS2_PLACEMENT_3D('',#2816,#2817,#2818);
#2821=DIRECTION('',(3.807555735224E-1,7.328879110046E-1,5.638266605393E-1));
#2822=VECTOR('',#2821,1.081460207961E-1);
#2823=CARTESIAN_POINT('',(2.439102594214E1,2.425500967740E0,-5.501923743685E0));
#2824=LINE('5014',#2823,#2822);
#2825=CARTESIAN_POINT('',(2.450617720017E1,2.480617261232E0,-5.459521576540E0));
#2826=DIRECTION('',(0.E0,6.097560975610E-1,-7.925891126474E-1));
#2827=DIRECTION('',(-9.246757232844E-1,3.017827221537E-1,2.321680326356E-1));
#2828=AXIS2_PLACEMENT_3D('',#2825,#2826,#2827);
#2830=CARTESIAN_POINT('',(2.450617720017E1,2.480617261232E0,-5.459521576540E0));
#2831=DIRECTION('',(0.E0,6.097560975610E-1,-7.925891126474E-1));
#2832=DIRECTION('',(4.440892098501E-14,7.925891126474E-1,6.097560975610E-1));
#2833=AXIS2_PLACEMENT_3D('',#2830,#2831,#2832);
#2835=DIRECTION('',(3.807555735224E-1,-7.328879110046E-1,-5.638266605393E-1));
#2836=VECTOR('',#2835,1.081460207961E-1);
#2837=CARTESIAN_POINT('',(2.458015125804E1,2.504759879004E0,-5.440948133929E0));
#2838=LINE('5017',#2837,#2836);
#2839=DIRECTION('',(0.E0,6.097560975610E-1,-7.925891126474E-1));
#2840=VECTOR('',#2839,1.E-1);
#2841=CARTESIAN_POINT('',(2.462729648790E1,2.403770561674E0,-5.518641419199E0));
#2842=LINE('5028',#2841,#2840);
#2843=DIRECTION('',(0.E0,6.097560975610E-1,-7.925891126474E-1));
#2844=VECTOR('',#2843,1.E-1);
#2845=CARTESIAN_POINT('',(2.4385E1,2.286463414634E0,-5.608888366897E0));
#2846=LINE('5000',#2845,#2844);
#2847=DIRECTION('',(0.E0,6.097560975610E-1,-7.925891126474E-1));
#2848=VECTOR('',#2847,1.E-1);
#2849=CARTESIAN_POINT('',(2.4385E1,2.401358349967E0,-5.520497186296E0));
#2850=LINE('5029',#2849,#2848);
#2851=DIRECTION('',(0.E0,6.097560975610E-1,-7.925891126474E-1));
#2852=VECTOR('',#2851,1.E-1);
#2853=CARTESIAN_POINT('',(2.439102594214E1,2.425500967740E0,-5.501923743685E0));
#2854=LINE('5031',#2853,#2852);
#2855=DIRECTION('',(0.E0,6.097560975610E-1,-7.925891126474E-1));
#2856=VECTOR('',#2855,1.E-1);
#2857=CARTESIAN_POINT('',(2.443220314231E1,2.504759879004E0,-5.440948133929E0));
#2858=LINE('5032',#2857,#2856);
#2859=DIRECTION('',(0.E0,6.097560975610E-1,-7.925891126474E-1));
#2860=VECTOR('',#2859,1.E-1);
#2861=CARTESIAN_POINT('',(2.450617720017E1,2.544024390244E0,-5.410741088735E0));
#2862=LINE('5033',#2861,#2860);
#2863=DIRECTION('',(7.105427357601E-14,6.097560975610E-1,-7.925891126474E-1));
#2864=VECTOR('',#2863,1.E-1);
#2865=CARTESIAN_POINT('',(2.458015125804E1,2.504759879004E0,-5.440948133929E0));
#2866=LINE('5034',#2865,#2864);
#2867=DIRECTION('',(-1.E0,0.E0,0.E0));
#2868=VECTOR('',#2867,4.464925918501E-1);
#2869=CARTESIAN_POINT('',(2.531058823529E1,1.6E0,-5.795E0));
#2870=LINE('5123',#2869,#2868);
#2871=DIRECTION('',(4.797812852137E-2,9.988483864849E-1,0.E0));
#2872=VECTOR('',#2871,1.151325882446E-1);
#2873=CARTESIAN_POINT('',(2.486409564344E1,1.6E0,-5.795E0));
#2874=LINE('5235',#2873,#2872);
#2875=DIRECTION('',(-1.776356839400E-13,-1.E0,4.440892098501E-14));
#2876=VECTOR('',#2875,2.E-2);
#2877=CARTESIAN_POINT('',(2.5145E1,1.715E0,-5.795E0));
#2878=LINE('4947',#2877,#2876);
#2879=DIRECTION('',(-1.E0,0.E0,0.E0));
#2880=VECTOR('',#2879,1.E-1);
#2881=CARTESIAN_POINT('',(2.5315E1,1.625E0,-5.795E0));
#2882=LINE('4946',#2881,#2880);
#2883=DIRECTION('',(1.737853339093E-1,9.847835588179E-1,0.E0));
#2884=VECTOR('',#2883,2.538628897299E-2);
#2885=CARTESIAN_POINT('',(2.531058823529E1,1.6E0,-5.795E0));
#2886=LINE('5237',#2885,#2884);
#2887=DIRECTION('',(0.E0,0.E0,1.E0));
#2888=VECTOR('',#2887,1.E-1);
#2889=CARTESIAN_POINT('',(2.486409564344E1,1.6E0,-5.895E0));
#2890=LINE('5127',#2889,#2888);
#2891=DIRECTION('',(-1.E0,0.E0,0.E0));
#2892=VECTOR('',#2891,4.464925918501E-1);
#2893=CARTESIAN_POINT('',(2.531058823529E1,1.6E0,-5.895E0));
#2894=LINE('5124',#2893,#2892);
#2895=DIRECTION('',(1.737853339093E-1,9.847835588179E-1,0.E0));
#2896=VECTOR('',#2895,2.538628897299E-2);
#2897=CARTESIAN_POINT('',(2.531058823529E1,1.6E0,-5.895E0));
#2898=LINE('5238',#2897,#2896);
#2899=DIRECTION('',(-1.E0,0.E0,0.E0));
#2900=VECTOR('',#2899,1.E-1);
#2901=CARTESIAN_POINT('',(2.5315E1,1.625E0,-5.895E0));
#2902=LINE('4948',#2901,#2900);
#2903=DIRECTION('',(-1.776356839400E-13,-1.E0,0.E0));
#2904=VECTOR('',#2903,2.E-2);
#2905=CARTESIAN_POINT('',(2.5145E1,1.715E0,-5.895E0));
#2906=LINE('4949',#2905,#2904);
#2907=DIRECTION('',(4.797812852137E-2,9.988483864849E-1,0.E0));
#2908=VECTOR('',#2907,1.151325882446E-1);
#2909=CARTESIAN_POINT('',(2.486409564344E1,1.6E0,-5.895E0));
#2910=LINE('5236',#2909,#2908);
#2911=DIRECTION('',(0.E0,0.E0,1.E0));
#2912=VECTOR('',#2911,1.E-1);
#2913=CARTESIAN_POINT('',(2.531058823529E1,1.6E0,-5.895E0));
#2914=LINE('5128',#2913,#2912);
#2915=DIRECTION('',(0.E0,0.E0,-1.E0));
#2916=VECTOR('',#2915,1.E-1);
#2917=CARTESIAN_POINT('',(2.5315E1,1.625E0,-5.795E0));
#2918=LINE('4939',#2917,#2916);
#2919=DIRECTION('',(0.E0,0.E0,-1.E0));
#2920=VECTOR('',#2919,1.E-1);
#2921=CARTESIAN_POINT('',(2.5215E1,1.625E0,-5.795E0));
#2922=LINE('4944',#2921,#2920);
#2923=CARTESIAN_POINT('',(2.5215E1,1.695E0,-5.795E0));
#2924=DIRECTION('',(0.E0,0.E0,-1.E0));
#2925=DIRECTION('',(0.E0,-1.E0,0.E0));
#2926=AXIS2_PLACEMENT_3D('',#2923,#2924,#2925);
#2928=DIRECTION('',(0.E0,0.E0,-1.E0));
#2929=VECTOR('',#2928,1.E-1);
#2930=CARTESIAN_POINT('',(2.5145E1,1.695E0,-5.795E0));
#2931=LINE('4945',#2930,#2929);
#2932=CARTESIAN_POINT('',(2.5215E1,1.695E0,-5.895E0));
#2933=DIRECTION('',(0.E0,0.E0,1.E0));
#2934=DIRECTION('',(-1.E0,0.E0,0.E0));
#2935=AXIS2_PLACEMENT_3D('',#2932,#2933,#2934);
#2937=DIRECTION('',(0.E0,0.E0,-1.E0));
#2938=VECTOR('',#2937,1.E-1);
#2939=CARTESIAN_POINT('',(2.5145E1,1.715E0,-5.795E0));
#2940=LINE('4943',#2939,#2938);
#2941=CARTESIAN_POINT('',(2.5145E1,1.715E0,-5.545E0));
#2942=DIRECTION('',(-1.E0,0.E0,0.E0));
#2943=DIRECTION('',(0.E0,2.435240152993E-1,-9.698948674844E-1));
#2944=AXIS2_PLACEMENT_3D('',#2941,#2942,#2943);
#2946=DIRECTION('',(0.E0,2.435240152993E-1,-9.698948674844E-1));
#2947=VECTOR('',#2946,1.E-1);
#2948=CARTESIAN_POINT('',(2.5145E1,1.775881003825E0,-5.787473716871E0));
#2949=LINE('4942',#2948,#2947);
#2950=CARTESIAN_POINT('',(2.5145E1,1.715E0,-5.545E0));
#2951=DIRECTION('',(-1.E0,0.E0,0.E0));
#2952=DIRECTION('',(0.E0,2.435240152993E-1,-9.698948674844E-1));
#2953=AXIS2_PLACEMENT_3D('',#2950,#2951,#2952);
#2955=DIRECTION('',(1.E0,0.E0,0.E0));
#2956=VECTOR('',#2955,2.753805104402E-1);
#2957=CARTESIAN_POINT('',(2.486961948956E1,1.715E0,-5.795E0));
#2958=LINE('4928',#2957,#2956);
#2959=CARTESIAN_POINT('',(2.487254381388E1,1.775881003825E0,-5.787473716871E0));
#2960=CARTESIAN_POINT('',(2.487222476326E1,1.769253787694E0,-5.789137697511E0));
#2961=CARTESIAN_POINT('',(2.487158269707E1,1.755862621147E0,-5.791922015421E0));
#2962=CARTESIAN_POINT('',(2.487060375330E1,1.735500353514E0,-5.794439329304E0));
#2963=CARTESIAN_POINT('',(2.486994846029E1,1.721833505309E0,-5.795E0));
#2964=CARTESIAN_POINT('',(2.486961948956E1,1.715E0,-5.795E0));
#2966=DIRECTION('',(0.E0,0.E0,-1.E0));
#2967=VECTOR('',#2966,1.E-1);
#2968=CARTESIAN_POINT('',(2.486961948956E1,1.715E0,-5.795E0));
#2969=LINE('4924',#2968,#2967);
#2970=CARTESIAN_POINT('',(2.487254381388E1,1.800233405355E0,-5.884463203620E0));
#2971=CARTESIAN_POINT('',(2.487222476326E1,1.790955302771E0,-5.886792776516E0));
#2972=CARTESIAN_POINT('',(2.487158269707E1,1.772207669606E0,-5.890690821589E0));
#2973=CARTESIAN_POINT('',(2.487060375330E1,1.743700494919E0,-5.894215061025E0));
#2974=CARTESIAN_POINT('',(2.486994846029E1,1.724566907433E0,-5.895E0));
#2975=CARTESIAN_POINT('',(2.486961948956E1,1.715E0,-5.895E0));
#2977=DIRECTION('',(1.E0,0.E0,0.E0));
#2978=VECTOR('',#2977,2.753805104402E-1);
#2979=CARTESIAN_POINT('',(2.486961948956E1,1.715E0,-5.895E0));
#2980=LINE('4935',#2979,#2978);
#2981=DIRECTION('',(0.E0,9.698948674844E-1,2.435240152993E-1));
#2982=VECTOR('',#2981,3.693575503493E-1);
#2983=CARTESIAN_POINT('',(2.5145E1,1.800233405355E0,-5.884463203620E0));
#2984=LINE('4933',#2983,#2982);
#2985=DIRECTION('',(4.653691713197E-2,9.688440550276E-1,2.432601742611E-1));
#2986=VECTOR('',#2985,3.697581571475E-1);
#2987=CARTESIAN_POINT('',(2.487254381388E1,1.800233405355E0,-5.884463203620E0));
#2988=LINE('4919',#2987,#2986);
#2989=DIRECTION('',(1.E0,0.E0,0.E0));
#2990=VECTOR('',#2989,2.724561861228E-1);
#2991=CARTESIAN_POINT('',(2.487254381388E1,1.800233405355E0,-5.884463203620E0));
#2992=LINE('4936',#2991,#2990);
#2993=DIRECTION('',(0.E0,2.435240152993E-1,-9.698948674844E-1));
#2994=VECTOR('',#2993,1.E-1);
#2995=CARTESIAN_POINT('',(2.5145E1,2.134118996175E0,-5.697526283129E0));
#2996=LINE('4941',#2995,#2994);
#2997=DIRECTION('',(0.E0,9.698948674844E-1,2.435240152993E-1));
#2998=VECTOR('',#2997,3.693575503493E-1);
#2999=CARTESIAN_POINT('',(2.5145E1,1.775881003825E0,-5.787473716871E0));
#3000=LINE('4926',#2999,#2998);
#3001=DIRECTION('',(1.E0,0.E0,0.E0));
#3002=VECTOR('',#3001,2.724561861228E-1);
#3003=CARTESIAN_POINT('',(2.487254381388E1,1.775881003825E0,-5.787473716871E0));
#3004=LINE('4929',#3003,#3002);
#3005=DIRECTION('',(4.653691713197E-2,9.688440550276E-1,2.432601742611E-1));
#3006=VECTOR('',#3005,3.697581571475E-1);
#3007=CARTESIAN_POINT('',(2.487254381388E1,1.775881003825E0,-5.787473716871E0));
#3008=LINE('4916',#3007,#3006);
#3009=DIRECTION('',(-3.552713678801E-14,2.435240152993E-1,-9.698948674844E-1));
#3010=VECTOR('',#3009,1.E-1);
#3011=CARTESIAN_POINT('',(2.487254381388E1,1.775881003825E0,-5.787473716871E0));
#3012=LINE('4923',#3011,#3010);
#3013=CARTESIAN_POINT('',(2.488975121860E1,2.134118996175E0,-5.697526283129E0));
#3014=CARTESIAN_POINT('',(2.488998704423E1,2.138974771521E0,-5.696307080977E0));
#3015=CARTESIAN_POINT('',(2.489045935632E1,2.148762152570E0,-5.694159566282E0));
#3016=CARTESIAN_POINT('',(2.489117185543E1,2.163635351152E0,-5.691823246123E0));
#3017=CARTESIAN_POINT('',(2.489188717728E1,2.178595654692E0,-5.690388152139E0));
#3018=CARTESIAN_POINT('',(2.489260777469E1,2.193614786047E0,-5.689852992039E0));
#3019=CARTESIAN_POINT('',(2.489333127161E1,2.208665982156E0,-5.690222728370E0));
#3020=CARTESIAN_POINT('',(2.489405138249E1,2.223640569913E0,-5.691494687977E0));
#3021=CARTESIAN_POINT('',(2.489476572786E1,2.238511909690E0,-5.693662514690E0));
#3022=CARTESIAN_POINT('',(2.489547349465E1,2.253252179442E0,-5.696726242700E0));
#3023=CARTESIAN_POINT('',(2.489617007971E1,2.267754595503E0,-5.700663575087E0));
#3024=CARTESIAN_POINT('',(2.489685472E1,2.281993719572E0,-5.705463201659E0));
#3025=CARTESIAN_POINT('',(2.489752521874E1,2.295942819498E0,-5.711120216301E0));
#3026=CARTESIAN_POINT('',(2.489817580395E1,2.309501392458E0,-5.717593694272E0));
#3027=CARTESIAN_POINT('',(2.489880437059E1,2.322647092654E0,-5.724868382894E0));
#3028=CARTESIAN_POINT('',(2.489941304603E1,2.335353717974E0,-5.732934217053E0));
#3029=CARTESIAN_POINT('',(2.489980493183E1,2.343472383598E0,-5.738801098530E0));
#3030=CARTESIAN_POINT('',(2.489999771433E1,2.347439024390E0,-5.741852721838E0));
#3032=DIRECTION('',(0.E0,2.435240152993E-1,-9.698948674844E-1));
#3033=VECTOR('',#3032,1.E-1);
#3034=CARTESIAN_POINT('',(2.488975121860E1,2.134118996175E0,-5.697526283129E0));
#3035=LINE('4922',#3034,#3033);
#3036=CARTESIAN_POINT('',(2.488975121860E1,2.158471397705E0,-5.794515769877E0));
#3037=CARTESIAN_POINT('',(2.489002343253E1,2.161834415540E0,-5.793671373609E0));
#3038=CARTESIAN_POINT('',(2.489056866573E1,2.168619853768E0,-5.792215358182E0));
#3039=CARTESIAN_POINT('',(2.489139185509E1,2.178943261596E0,-5.790740809256E0));
#3040=CARTESIAN_POINT('',(2.489221917660E1,2.189314847914E0,-5.789987452477E0));
#3041=CARTESIAN_POINT('',(2.489305385956E1,2.199738312071E0,-5.789954066094E0));
#3042=CARTESIAN_POINT('',(2.489388701425E1,2.210132537056E0,-5.790644503632E0));
#3043=CARTESIAN_POINT('',(2.489471228836E1,2.220438967823E0,-5.792050607459E0));
#3044=CARTESIAN_POINT('',(2.489552931097E1,2.230649149660E0,-5.794173758208E0));
#3045=CARTESIAN_POINT('',(2.489633080348E1,2.240659313870E0,-5.796992100362E0));
#3046=CARTESIAN_POINT('',(2.489711649260E1,2.250462735432E0,-5.800500617225E0));
#3047=CARTESIAN_POINT('',(2.489788046194E1,2.260002790209E0,-5.804683079985E0));
#3048=CARTESIAN_POINT('',(2.489861474675E1,2.269207393874E0,-5.809503547007E0));
#3049=CARTESIAN_POINT('',(2.489932220222E1,2.278080002521E0,-5.814964579653E0));
#3050=CARTESIAN_POINT('',(2.489977533011E1,2.283717983925E0,-5.818999513357E0));
#3051=CARTESIAN_POINT('',(2.489999771433E1,2.286463414634E0,-5.821111633103E0));
#3053=DIRECTION('',(1.E0,0.E0,0.E0));
#3054=VECTOR('',#3053,2.552487814047E-1);
#3055=CARTESIAN_POINT('',(2.488975121860E1,2.134118996175E0,-5.697526283129E0));
#3056=LINE('4930',#3055,#3054);
#3057=CARTESIAN_POINT('',(2.5145E1,2.195E0,-5.94E0));
#3058=DIRECTION('',(-1.E0,0.E0,0.E0));
#3059=DIRECTION('',(0.E0,-2.435240152993E-1,9.698948674844E-1));
#3060=AXIS2_PLACEMENT_3D('',#3057,#3058,#3059);
#3062=DIRECTION('',(0.E0,-6.097560975610E-1,-7.925891126474E-1));
#3063=VECTOR('',#3062,1.E-1);
#3064=CARTESIAN_POINT('',(2.5145E1,2.347439024390E0,-5.741852721838E0));
#3065=LINE('4940',#3064,#3063);
#3066=CARTESIAN_POINT('',(2.5145E1,2.195E0,-5.94E0));
#3067=DIRECTION('',(-1.E0,0.E0,0.E0));
#3068=DIRECTION('',(0.E0,-2.435240152993E-1,9.698948674844E-1));
#3069=AXIS2_PLACEMENT_3D('',#3066,#3067,#3068);
#3071=DIRECTION('',(0.E0,-6.097560975610E-1,-7.925891126474E-1));
#3072=VECTOR('',#3071,1.E-1);
#3073=CARTESIAN_POINT('',(2.5145E1,2.462333959723E0,-5.830243902439E0));
#3074=LINE('4969',#3073,#3072);
#3075=DIRECTION('',(0.E0,-6.097560975610E-1,-7.925891126474E-1));
#3076=VECTOR('',#3075,1.E-1);
#3077=CARTESIAN_POINT('',(2.513934395410E1,2.485751936779E0,-5.848259863136E0));
#3078=LINE('4974',#3077,#3076);
#3079=CARTESIAN_POINT('',(2.498545860138E1,2.459921748017E0,-5.828388135342E0));
#3080=DIRECTION('',(1.387778780781E-14,6.097560975610E-1,7.925891126474E-1));
#3081=DIRECTION('',(-9.328388682923E-1,2.855649690657E-1,-2.196913613360E-1));
#3082=AXIS2_PLACEMENT_3D('',#3079,#3080,#3081);
#3084=DIRECTION('',(-3.602938325911E-1,-7.393579308628E-1,5.688041879831E-1));
#3085=VECTOR('',#3084,1.104622261590E-1);
#3086=CARTESIAN_POINT('',(2.495063035074E1,2.564438068513E0,-5.908794821102E0));
#3087=LINE('4957',#3086,#3085);
#3088=CARTESIAN_POINT('',(2.502525746020E1,2.541592870988E0,-5.891219512195E0));
#3089=DIRECTION('',(0.E0,6.097560975610E-1,7.925891126474E-1));
#3090=DIRECTION('',(-4.611049320147E-8,7.925891126474E-1,-6.097560975610E-1));
#3091=AXIS2_PLACEMENT_3D('',#3088,#3089,#3090);
#3093=CARTESIAN_POINT('',(2.502525746020E1,2.541592870988E0,-5.891219512195E0));
#3094=DIRECTION('',(-1.110223024625E-14,6.097560975610E-1,7.925891126474E-1));
#3095=DIRECTION('',(9.292994262121E-1,2.927247131986E-1,-2.251995087132E-1));
#3096=AXIS2_PLACEMENT_3D('',#3093,#3094,#3095);
#3098=DIRECTION('',(-3.693271942896E-1,7.365526076052E-1,-5.666459915928E-1));
#3099=VECTOR('',#3098,1.076079433381E-1);
#3100=CARTESIAN_POINT('',(2.513934395410E1,2.485751936779E0,-5.848259863136E0));
#3101=LINE('4954',#3100,#3099);
#3102=CARTESIAN_POINT('',(2.5065E1,2.462333959723E0,-5.830243902439E0));
#3103=DIRECTION('',(0.E0,6.097560975610E-1,7.925891126474E-1));
#3104=DIRECTION('',(1.E0,1.665334536938E-14,-1.110223024625E-14));
#3105=AXIS2_PLACEMENT_3D('',#3102,#3103,#3104);
#3107=DIRECTION('',(-2.450797482068E-14,7.925891126474E-1,-6.097560975610E-1));
#3108=VECTOR('',#3107,1.449615361854E-1);
#3109=CARTESIAN_POINT('',(2.5145E1,2.347439024390E0,-5.741852721838E0));
#3110=LINE('4959',#3109,#3108);
#3111=DIRECTION('',(1.E0,0.E0,0.E0));
#3112=VECTOR('',#3111,2.450022856719E-1);
#3113=CARTESIAN_POINT('',(2.489999771433E1,2.347439024390E0,-5.741852721838E0));
#3114=LINE('4931',#3113,#3112);
#3115=DIRECTION('',(3.804322549030E-2,7.920153530117E-1,-6.093146917546E-1));
#3116=VECTOR('',#3115,1.450665506626E-1);
#3117=CARTESIAN_POINT('',(2.489999771433E1,2.347439024390E0,-5.741852721838E0));
#3118=LINE('4958',#3117,#3116);
#3119=DIRECTION('',(0.E0,-6.097560975610E-1,-7.925891126474E-1));
#3120=VECTOR('',#3119,1.E-1);
#3121=CARTESIAN_POINT('',(2.490551651383E1,2.462333959723E0,-5.830243902439E0));
#3122=LINE('4968',#3121,#3120);
#3123=DIRECTION('',(0.E0,-6.097560975610E-1,-7.925891126474E-1));
#3124=VECTOR('',#3123,1.E-1);
#3125=CARTESIAN_POINT('',(2.489999771433E1,2.347439024390E0,-5.741852721838E0));
#3126=LINE('4921',#3125,#3124);
#3127=CARTESIAN_POINT('',(2.498545860138E1,2.398946138261E0,-5.907647046607E0));
#3128=DIRECTION('',(1.387778780781E-14,6.097560975610E-1,7.925891126474E-1));
#3129=DIRECTION('',(-9.328388682923E-1,2.855649690657E-1,-2.196913613360E-1));
#3130=AXIS2_PLACEMENT_3D('',#3127,#3128,#3129);
#3132=DIRECTION('',(3.804322549027E-2,7.920153530117E-1,-6.093146917546E-1));
#3133=VECTOR('',#3132,1.450665506626E-1);
#3134=CARTESIAN_POINT('',(2.489999771433E1,2.286463414634E0,-5.821111633103E0));
#3135=LINE('4966',#3134,#3133);
#3136=DIRECTION('',(1.E0,0.E0,0.E0));
#3137=VECTOR('',#3136,2.450022856719E-1);
#3138=CARTESIAN_POINT('',(2.489999771433E1,2.286463414634E0,-5.821111633103E0));
#3139=LINE('4938',#3138,#3137);
#3140=DIRECTION('',(-2.450797482068E-14,7.925891126474E-1,-6.097560975610E-1));
#3141=VECTOR('',#3140,1.449615361854E-1);
#3142=CARTESIAN_POINT('',(2.5145E1,2.286463414634E0,-5.821111633103E0));
#3143=LINE('4967',#3142,#3141);
#3144=CARTESIAN_POINT('',(2.5065E1,2.401358349967E0,-5.909502813704E0));
#3145=DIRECTION('',(0.E0,6.097560975610E-1,7.925891126474E-1));
#3146=DIRECTION('',(1.E0,1.110223024625E-14,-1.110223024625E-14));
#3147=AXIS2_PLACEMENT_3D('',#3144,#3145,#3146);
#3149=DIRECTION('',(-3.693271942896E-1,7.365526076052E-1,-5.666459915928E-1));
#3150=VECTOR('',#3149,1.076079433381E-1);
#3151=CARTESIAN_POINT('',(2.513934395410E1,2.424776327023E0,-5.927518774401E0));
#3152=LINE('4962',#3151,#3150);
#3153=CARTESIAN_POINT('',(2.502525746020E1,2.480617261232E0,-5.970478423460E0));
#3154=DIRECTION('',(-1.110223024625E-14,6.097560975610E-1,7.925891126474E-1));
#3155=DIRECTION('',(9.292994262121E-1,2.927247131986E-1,-2.251995087132E-1));
#3156=AXIS2_PLACEMENT_3D('',#3153,#3154,#3155);
#3158=CARTESIAN_POINT('',(2.502525746020E1,2.480617261232E0,-5.970478423460E0));
#3159=DIRECTION('',(0.E0,6.097560975610E-1,7.925891126474E-1));
#3160=DIRECTION('',(-4.611049320147E-8,7.925891126474E-1,-6.097560975610E-1));
#3161=AXIS2_PLACEMENT_3D('',#3158,#3159,#3160);
#3163=DIRECTION('',(-3.602938325910E-1,-7.393579308628E-1,5.688041879831E-1));
#3164=VECTOR('',#3163,1.104622261590E-1);
#3165=CARTESIAN_POINT('',(2.495063035074E1,2.503462458757E0,-5.988053732367E0));
#3166=LINE('4965',#3165,#3164);
#3167=DIRECTION('',(1.E0,0.E0,0.E0));
#3168=VECTOR('',#3167,2.552487814047E-1);
#3169=CARTESIAN_POINT('',(2.488975121860E1,2.158471397705E0,-5.794515769877E0));
#3170=LINE('4937',#3169,#3168);
#3171=DIRECTION('',(0.E0,-6.097560975610E-1,-7.925891126474E-1));
#3172=VECTOR('',#3171,1.E-1);
#3173=CARTESIAN_POINT('',(2.509960141430E1,2.565010848044E0,-5.909235472892E0));
#3174=LINE('4973',#3173,#3172);
#3175=DIRECTION('',(0.E0,-6.097560975610E-1,-7.925891126474E-1));
#3176=VECTOR('',#3175,1.E-1);
#3177=CARTESIAN_POINT('',(2.502525745651E1,2.605E0,-5.94E0));
#3178=LINE('4972',#3177,#3176);
#3179=DIRECTION('',(3.552713678800E-14,-6.097560975610E-1,-7.925891126474E-1));
#3180=VECTOR('',#3179,1.E-1);
#3181=CARTESIAN_POINT('',(2.495063035074E1,2.564438068513E0,-5.908794821102E0));
#3182=LINE('4971',#3181,#3180);
#3183=DIRECTION('',(0.E0,-6.097560975610E-1,-7.925891126474E-1));
#3184=VECTOR('',#3183,1.E-1);
#3185=CARTESIAN_POINT('',(2.491083149192E1,2.482766945542E0,-5.845963444249E0));
#3186=LINE('4970',#3185,#3184);
#3187=DIRECTION('',(1.E0,0.E0,0.E0));
#3188=VECTOR('',#3187,4.464925918501E-1);
#3189=CARTESIAN_POINT('',(2.421941176471E1,1.6E0,5.795E0));
#3190=LINE('5117',#3189,#3188);
#3191=DIRECTION('',(-4.797812852134E-2,9.988483864850E-1,0.E0));
#3192=VECTOR('',#3191,1.151325882446E-1);
#3193=CARTESIAN_POINT('',(2.466590435656E1,1.6E0,5.795E0));
#3194=LINE('5232',#3193,#3192);
#3195=DIRECTION('',(0.E0,-1.E0,-4.440892098501E-14));
#3196=VECTOR('',#3195,2.E-2);
#3197=CARTESIAN_POINT('',(2.4385E1,1.715E0,5.795E0));
#3198=LINE('4888',#3197,#3196);
#3199=DIRECTION('',(1.E0,0.E0,0.E0));
#3200=VECTOR('',#3199,1.E-1);
#3201=CARTESIAN_POINT('',(2.4215E1,1.625E0,5.795E0));
#3202=LINE('4889',#3201,#3200);
#3203=DIRECTION('',(-1.737853339093E-1,9.847835588179E-1,0.E0));
#3204=VECTOR('',#3203,2.538628897299E-2);
#3205=CARTESIAN_POINT('',(2.421941176471E1,1.6E0,5.795E0));
#3206=LINE('5234',#3205,#3204);
#3207=DIRECTION('',(0.E0,0.E0,1.E0));
#3208=VECTOR('',#3207,1.E-1);
#3209=CARTESIAN_POINT('',(2.466590435656E1,1.6E0,5.795E0));
#3210=LINE('5121',#3209,#3208);
#3211=DIRECTION('',(0.E0,0.E0,-1.E0));
#3212=VECTOR('',#3211,1.E-1);
#3213=CARTESIAN_POINT('',(2.466038051044E1,1.715E0,5.895E0));
#3214=LINE('4864',#3213,#3212);
#3215=DIRECTION('',(1.E0,0.E0,0.E0));
#3216=VECTOR('',#3215,4.464925918501E-1);
#3217=CARTESIAN_POINT('',(2.421941176471E1,1.6E0,5.895E0));
#3218=LINE('5118',#3217,#3216);
#3219=DIRECTION('',(-1.737853339093E-1,9.847835588179E-1,-3.498654020070E-14));
#3220=VECTOR('',#3219,2.538628897299E-2);
#3221=CARTESIAN_POINT('',(2.421941176471E1,1.6E0,5.895E0));
#3222=LINE('5233',#3221,#3220);
#3223=DIRECTION('',(1.E0,0.E0,0.E0));
#3224=VECTOR('',#3223,1.E-1);
#3225=CARTESIAN_POINT('',(2.4215E1,1.625E0,5.895E0));
#3226=LINE('4887',#3225,#3224);
#3227=DIRECTION('',(0.E0,-1.E0,0.E0));
#3228=VECTOR('',#3227,2.E-2);
#3229=CARTESIAN_POINT('',(2.4385E1,1.715E0,5.895E0));
#3230=LINE('4886',#3229,#3228);
#3231=DIRECTION('',(-4.797812852134E-2,9.988483864850E-1,0.E0));
#3232=VECTOR('',#3231,1.151325882446E-1);
#3233=CARTESIAN_POINT('',(2.466590435656E1,1.6E0,5.895E0));
#3234=LINE('5231',#3233,#3232);
#3235=DIRECTION('',(0.E0,0.E0,1.E0));
#3236=VECTOR('',#3235,1.E-1);
#3237=CARTESIAN_POINT('',(2.421941176471E1,1.6E0,5.795E0));
#3238=LINE('5122',#3237,#3236);
#3239=DIRECTION('',(0.E0,0.E0,-1.E0));
#3240=VECTOR('',#3239,1.E-1);
#3241=CARTESIAN_POINT('',(2.4215E1,1.625E0,5.895E0));
#3242=LINE('4879',#3241,#3240);
#3243=DIRECTION('',(0.E0,0.E0,-1.E0));
#3244=VECTOR('',#3243,1.E-1);
#3245=CARTESIAN_POINT('',(2.4385E1,1.695E0,5.895E0));
#3246=LINE('4884',#3245,#3244);
#3247=CARTESIAN_POINT('',(2.4315E1,1.695E0,5.895E0));
#3248=DIRECTION('',(0.E0,0.E0,-1.E0));
#3249=DIRECTION('',(1.E0,0.E0,0.E0));
#3250=AXIS2_PLACEMENT_3D('',#3247,#3248,#3249);
#3252=DIRECTION('',(0.E0,0.E0,-1.E0));
#3253=VECTOR('',#3252,1.E-1);
#3254=CARTESIAN_POINT('',(2.4315E1,1.625E0,5.895E0));
#3255=LINE('4885',#3254,#3253);
#3256=CARTESIAN_POINT('',(2.4315E1,1.695E0,5.795E0));
#3257=DIRECTION('',(0.E0,0.E0,1.E0));
#3258=DIRECTION('',(0.E0,-1.E0,0.E0));
#3259=AXIS2_PLACEMENT_3D('',#3256,#3257,#3258);
#3261=CARTESIAN_POINT('',(2.4385E1,1.715E0,5.545E0));
#3262=DIRECTION('',(1.E0,0.E0,0.E0));
#3263=DIRECTION('',(0.E0,2.435240152993E-1,9.698948674844E-1));
#3264=AXIS2_PLACEMENT_3D('',#3261,#3262,#3263);
#3266=DIRECTION('',(0.E0,0.E0,-1.E0));
#3267=VECTOR('',#3266,1.E-1);
#3268=CARTESIAN_POINT('',(2.4385E1,1.715E0,5.895E0));
#3269=LINE('4883',#3268,#3267);
#3270=CARTESIAN_POINT('',(2.4385E1,1.715E0,5.545E0));
#3271=DIRECTION('',(1.E0,0.E0,0.E0));
#3272=DIRECTION('',(0.E0,2.435240152993E-1,9.698948674844E-1));
#3273=AXIS2_PLACEMENT_3D('',#3270,#3271,#3272);
#3275=DIRECTION('',(-1.E0,0.E0,0.E0));
#3276=VECTOR('',#3275,2.753805104402E-1);
#3277=CARTESIAN_POINT('',(2.466038051044E1,1.715E0,5.895E0));
#3278=LINE('4868',#3277,#3276);
#3279=DIRECTION('',(0.E0,9.698948674844E-1,-2.435240152993E-1));
#3280=VECTOR('',#3279,3.693575503493E-1);
#3281=CARTESIAN_POINT('',(2.4385E1,1.800233405355E0,5.884463203620E0));
#3282=LINE('4866',#3281,#3280);
#3283=DIRECTION('',(-4.653691713195E-2,9.688440550276E-1,-2.432601742611E-1));
#3284=VECTOR('',#3283,3.697581571475E-1);
#3285=CARTESIAN_POINT('',(2.465628645640E1,1.800233405355E0,5.884463203620E0));
#3286=LINE('4856',#3285,#3284);
#3287=DIRECTION('',(-1.E0,0.E0,0.E0));
#3288=VECTOR('',#3287,2.712864563958E-1);
#3289=CARTESIAN_POINT('',(2.465628645640E1,1.800233405355E0,5.884463203620E0));
#3290=LINE('4869',#3289,#3288);
#3291=DIRECTION('',(0.E0,-2.435240152993E-1,-9.698948674844E-1));
#3292=VECTOR('',#3291,1.E-1);
#3293=CARTESIAN_POINT('',(2.4385E1,1.800233405355E0,5.884463203620E0));
#3294=LINE('4882',#3293,#3292);
#3295=DIRECTION('',(0.E0,9.698948674844E-1,-2.435240152993E-1));
#3296=VECTOR('',#3295,3.693575503493E-1);
#3297=CARTESIAN_POINT('',(2.4385E1,1.775881003825E0,5.787473716871E0));
#3298=LINE('4873',#3297,#3296);
#3299=DIRECTION('',(-1.E0,0.E0,0.E0));
#3300=VECTOR('',#3299,2.712864563958E-1);
#3301=CARTESIAN_POINT('',(2.465628645640E1,1.775881003825E0,5.787473716871E0));
#3302=LINE('4876',#3301,#3300);
#3303=DIRECTION('',(-4.653691713195E-2,9.688440550276E-1,-2.432601742611E-1));
#3304=VECTOR('',#3303,3.697581571475E-1);
#3305=CARTESIAN_POINT('',(2.465628645640E1,1.775881003825E0,5.787473716871E0));
#3306=LINE('4859',#3305,#3304);
#3307=DIRECTION('',(-1.E0,0.E0,0.E0));
#3308=VECTOR('',#3307,2.753805104402E-1);
#3309=CARTESIAN_POINT('',(2.466038051044E1,1.715E0,5.795E0));
#3310=LINE('4875',#3309,#3308);
#3311=CARTESIAN_POINT('',(2.465628645640E1,1.800233405355E0,5.884463203620E0));
#3312=CARTESIAN_POINT('',(2.465673312725E1,1.790955302771E0,5.886792776516E0));
#3313=CARTESIAN_POINT('',(2.465763201992E1,1.772207669606E0,5.890690821589E0));
#3314=CARTESIAN_POINT('',(2.465900254120E1,1.743700494919E0,5.894215061025E0));
#3315=CARTESIAN_POINT('',(2.465991995142E1,1.724566907433E0,5.895E0));
#3316=CARTESIAN_POINT('',(2.466038051044E1,1.715E0,5.895E0));
#3318=DIRECTION('',(0.E0,-2.435240152993E-1,-9.698948674844E-1));
#3319=VECTOR('',#3318,1.E-1);
#3320=CARTESIAN_POINT('',(2.465628645640E1,1.800233405355E0,5.884463203620E0));
#3321=LINE('4863',#3320,#3319);
#3322=CARTESIAN_POINT('',(2.465628645640E1,1.775881003825E0,5.787473716871E0));
#3323=CARTESIAN_POINT('',(2.465673312725E1,1.769253787694E0,5.789137697511E0));
#3324=CARTESIAN_POINT('',(2.465763201992E1,1.755862621147E0,5.791922015421E0));
#3325=CARTESIAN_POINT('',(2.465900254120E1,1.735500353514E0,5.794439329304E0));
#3326=CARTESIAN_POINT('',(2.465991995142E1,1.721833505309E0,5.795E0));
#3327=CARTESIAN_POINT('',(2.466038051044E1,1.715E0,5.795E0));
#3329=DIRECTION('',(0.E0,-2.435240152993E-1,-9.698948674844E-1));
#3330=VECTOR('',#3329,1.E-1);
#3331=CARTESIAN_POINT('',(2.463907905168E1,2.158471397705E0,5.794515769877E0));
#3332=LINE('4862',#3331,#3330);
#3333=CARTESIAN_POINT('',(2.463907905168E1,2.158471397705E0,5.794515769877E0));
#3334=CARTESIAN_POINT('',(2.463891575505E1,2.161833762196E0,5.793671537653E0));
#3335=CARTESIAN_POINT('',(2.463858868299E1,2.168617783982E0,5.792215781425E0));
#3336=CARTESIAN_POINT('',(2.463809488258E1,2.178938806812E0,5.790741344928E0));
#3337=CARTESIAN_POINT('',(2.463759860515E1,2.189308003095E0,5.789987763745E0));
#3338=CARTESIAN_POINT('',(2.463709789554E1,2.199729401058E0,5.789953829309E0));
#3339=CARTESIAN_POINT('',(2.463659809235E1,2.210121763583E0,5.790643459482E0));
#3340=CARTESIAN_POINT('',(2.463610301981E1,2.220426264451E0,5.792048468138E0));
#3341=CARTESIAN_POINT('',(2.463561286627E1,2.230635195120E0,5.794170371763E0));
#3342=CARTESIAN_POINT('',(2.463513197656E1,2.240645256785E0,5.796987605002E0));
#3343=CARTESIAN_POINT('',(2.463466049615E1,2.250450071594E0,5.800495537049E0));
#3344=CARTESIAN_POINT('',(2.463420199211E1,2.259992649686E0,5.804678139175E0));
#3345=CARTESIAN_POINT('',(2.463376127582E1,2.269200254391E0,5.809499397341E0));
#3346=CARTESIAN_POINT('',(2.463333663904E1,2.278076310823E0,5.814962013545E0));
#3347=CARTESIAN_POINT('',(2.463306464564E1,2.283716731470E0,5.818998549816E0));
#3348=CARTESIAN_POINT('',(2.463293115424E1,2.286463414634E0,5.821111633103E0));
#3350=DIRECTION('',(0.E0,6.097560975610E-1,-7.925891126474E-1));
#3351=VECTOR('',#3350,1.E-1);
#3352=CARTESIAN_POINT('',(2.463293115424E1,2.286463414634E0,5.821111633103E0));
#3353=LINE('4861',#3352,#3351);
#3354=CARTESIAN_POINT('',(2.463907905168E1,2.134118996175E0,5.697526283129E0));
#3355=CARTESIAN_POINT('',(2.463893756619E1,2.138974431865E0,5.696307166259E0));
#3356=CARTESIAN_POINT('',(2.46386542E1,2.148761081637E0,5.694159791784E0));
#3357=CARTESIAN_POINT('',(2.463822673552E1,2.163633052721E0,5.691823561936E0));
#3358=CARTESIAN_POINT('',(2.463779757853E1,2.178592100715E0,5.690388410100E0));
#3359=CARTESIAN_POINT('',(2.463736525410E1,2.193610064387E0,5.689853040152E0));
#3360=CARTESIAN_POINT('',(2.463693118577E1,2.208660232637E0,5.690222433818E0));
#3361=CARTESIAN_POINT('',(2.463649914722E1,2.223633847596E0,5.691493934679E0));
#3362=CARTESIAN_POINT('',(2.463607056817E1,2.238504202458E0,5.693661173055E0));
#3363=CARTESIAN_POINT('',(2.463564592664E1,2.253243828149E0,5.696724254416E0));
#3364=CARTESIAN_POINT('',(2.463522797969E1,2.267746110321E0,5.700660995527E0));
#3365=CARTESIAN_POINT('',(2.463481718096E1,2.281985743686E0,5.705460228519E0));
#3366=CARTESIAN_POINT('',(2.463441484948E1,2.295935953854E0,5.711117160930E0));
#3367=CARTESIAN_POINT('',(2.463402445547E1,2.309495996002E0,5.717590881110E0));
#3368=CARTESIAN_POINT('',(2.463364726858E1,2.322643324660E0,5.724866103876E0));
#3369=CARTESIAN_POINT('',(2.463328201096E1,2.335351788786E0,5.732932856524E0));
#3370=CARTESIAN_POINT('',(2.463304684276E1,2.343471731089E0,5.738800596540E0));
#3371=CARTESIAN_POINT('',(2.463293115424E1,2.347439024390E0,5.741852721838E0));
#3373=DIRECTION('',(-1.E0,0.E0,0.E0));
#3374=VECTOR('',#3373,2.540790516778E-1);
#3375=CARTESIAN_POINT('',(2.463907905168E1,2.158471397705E0,5.794515769877E0));
#3376=LINE('4870',#3375,#3374);
#3377=CARTESIAN_POINT('',(2.4385E1,2.195E0,5.94E0));
#3378=DIRECTION('',(1.E0,0.E0,0.E0));
#3379=DIRECTION('',(0.E0,-2.435240152993E-1,-9.698948674844E-1));
#3380=AXIS2_PLACEMENT_3D('',#3377,#3378,#3379);
#3382=DIRECTION('',(0.E0,-2.435240152993E-1,-9.698948674844E-1));
#3383=VECTOR('',#3382,1.E-1);
#3384=CARTESIAN_POINT('',(2.4385E1,2.158471397705E0,5.794515769877E0));
#3385=LINE('4881',#3384,#3383);
#3386=CARTESIAN_POINT('',(2.4385E1,2.195E0,5.94E0));
#3387=DIRECTION('',(1.E0,0.E0,0.E0));
#3388=DIRECTION('',(0.E0,-2.435240152993E-1,-9.698948674844E-1));
#3389=AXIS2_PLACEMENT_3D('',#3386,#3387,#3388);
#3391=DIRECTION('',(-1.E0,0.E0,0.E0));
#3392=VECTOR('',#3391,2.540790516778E-1);
#3393=CARTESIAN_POINT('',(2.463907905168E1,2.134118996175E0,5.697526283129E0));
#3394=LINE('4877',#3393,#3392);
#3395=CARTESIAN_POINT('',(2.454735440034E1,2.462333959723E0,5.830243902439E0));
#3396=DIRECTION('',(1.110223024625E-14,6.097560975610E-1,-7.925891126474E-1));
#3397=DIRECTION('',(9.246757232844E-1,3.017827221537E-1,2.321680326356E-1));
#3398=AXIS2_PLACEMENT_3D('',#3395,#3396,#3397);
#3400=DIRECTION('',(3.807555735224E-1,-7.328879110046E-1,-5.638266605393E-1));
#3401=VECTOR('',#3400,1.081460207961E-1);
#3402=CARTESIAN_POINT('',(2.458015125804E1,2.565735488761E0,5.909792954806E0));
#3403=LINE('4905',#3402,#3401);
#3404=CARTESIAN_POINT('',(2.450617720017E1,2.541592870988E0,5.891219512195E0));
#3405=DIRECTION('',(0.E0,6.097560975610E-1,-7.925891126474E-1));
#3406=DIRECTION('',(4.440892098501E-14,7.925891126474E-1,6.097560975610E-1));
#3407=AXIS2_PLACEMENT_3D('',#3404,#3405,#3406);
#3409=CARTESIAN_POINT('',(2.450617720017E1,2.541592870988E0,5.891219512195E0));
#3410=DIRECTION('',(0.E0,6.097560975610E-1,-7.925891126474E-1));
#3411=DIRECTION('',(-9.246757232844E-1,3.017827221537E-1,2.321680326356E-1));
#3412=AXIS2_PLACEMENT_3D('',#3409,#3410,#3411);
#3414=DIRECTION('',(3.807555735224E-1,7.328879110046E-1,5.638266605393E-1));
#3415=VECTOR('',#3414,1.081460207961E-1);
#3416=CARTESIAN_POINT('',(2.439102594214E1,2.486476577496E0,5.848817345050E0));
#3417=LINE('4902',#3416,#3415);
#3418=CARTESIAN_POINT('',(2.4465E1,2.462333959723E0,5.830243902439E0));
#3419=DIRECTION('',(0.E0,6.097560975610E-1,-7.925891126474E-1));
#3420=DIRECTION('',(-1.E0,1.110223024625E-14,1.110223024625E-14));
#3421=AXIS2_PLACEMENT_3D('',#3418,#3419,#3420);
#3423=DIRECTION('',(0.E0,7.925891126474E-1,6.097560975610E-1));
#3424=VECTOR('',#3423,1.449615361854E-1);
#3425=CARTESIAN_POINT('',(2.4385E1,2.347439024390E0,5.741852721838E0));
#3426=LINE('4907',#3425,#3424);
#3427=DIRECTION('',(-1.E0,0.E0,0.E0));
#3428=VECTOR('',#3427,2.479311542381E-1);
#3429=CARTESIAN_POINT('',(2.463293115424E1,2.347439024390E0,5.741852721838E0));
#3430=LINE('4878',#3429,#3428);
#3431=DIRECTION('',(-3.804322549027E-2,7.920153530117E-1,6.093146917546E-1));
#3432=VECTOR('',#3431,1.481122134739E-1);
#3433=CARTESIAN_POINT('',(2.463293115424E1,2.347439024390E0,5.741852721838E0));
#3434=LINE('4906',#3433,#3432);
#3435=DIRECTION('',(3.552713678800E-14,6.097560975610E-1,-7.925891126474E-1));
#3436=VECTOR('',#3435,1.E-1);
#3437=CARTESIAN_POINT('',(2.462132845821E1,2.425500967740E0,5.928076256315E0));
#3438=LINE('4910',#3437,#3436);
#3439=CARTESIAN_POINT('',(2.454735440034E1,2.401358349967E0,5.909502813704E0));
#3440=DIRECTION('',(1.110223024625E-14,6.097560975610E-1,-7.925891126474E-1));
#3441=DIRECTION('',(9.246757232844E-1,3.017827221537E-1,2.321680326356E-1));
#3442=AXIS2_PLACEMENT_3D('',#3439,#3440,#3441);
#3444=DIRECTION('',(-3.804322549027E-2,7.920153530117E-1,6.093146917546E-1));
#3445=VECTOR('',#3444,1.481122134739E-1);
#3446=CARTESIAN_POINT('',(2.463293115424E1,2.286463414634E0,5.821111633103E0));
#3447=LINE('4898',#3446,#3445);
#3448=DIRECTION('',(-1.E0,0.E0,0.E0));
#3449=VECTOR('',#3448,2.479311542381E-1);
#3450=CARTESIAN_POINT('',(2.463293115424E1,2.286463414634E0,5.821111633103E0));
#3451=LINE('4871',#3450,#3449);
#3452=DIRECTION('',(0.E0,7.925891126474E-1,6.097560975610E-1));
#3453=VECTOR('',#3452,1.449615361854E-1);
#3454=CARTESIAN_POINT('',(2.4385E1,2.286463414634E0,5.821111633103E0));
#3455=LINE('4899',#3454,#3453);
#3456=CARTESIAN_POINT('',(2.4465E1,2.401358349967E0,5.909502813704E0));
#3457=DIRECTION('',(0.E0,6.097560975610E-1,-7.925891126474E-1));
#3458=DIRECTION('',(-1.E0,1.110223024625E-14,1.110223024625E-14));
#3459=AXIS2_PLACEMENT_3D('',#3456,#3457,#3458);
#3461=DIRECTION('',(3.807555735224E-1,7.328879110046E-1,5.638266605393E-1));
#3462=VECTOR('',#3461,1.081460207961E-1);
#3463=CARTESIAN_POINT('',(2.439102594214E1,2.425500967740E0,5.928076256315E0));
#3464=LINE('4894',#3463,#3462);
#3465=CARTESIAN_POINT('',(2.450617720017E1,2.480617261232E0,5.970478423460E0));
#3466=DIRECTION('',(0.E0,6.097560975610E-1,-7.925891126474E-1));
#3467=DIRECTION('',(-9.246757232844E-1,3.017827221537E-1,2.321680326356E-1));
#3468=AXIS2_PLACEMENT_3D('',#3465,#3466,#3467);
#3470=CARTESIAN_POINT('',(2.450617720017E1,2.480617261232E0,5.970478423460E0));
#3471=DIRECTION('',(0.E0,6.097560975610E-1,-7.925891126474E-1));
#3472=DIRECTION('',(4.440892098501E-14,7.925891126474E-1,6.097560975610E-1));
#3473=AXIS2_PLACEMENT_3D('',#3470,#3471,#3472);
#3475=DIRECTION('',(3.807555735224E-1,-7.328879110046E-1,-5.638266605393E-1));
#3476=VECTOR('',#3475,1.081460207961E-1);
#3477=CARTESIAN_POINT('',(2.458015125804E1,2.504759879004E0,5.989051866071E0));
#3478=LINE('4897',#3477,#3476);
#3479=DIRECTION('',(0.E0,6.097560975610E-1,-7.925891126474E-1));
#3480=VECTOR('',#3479,1.E-1);
#3481=CARTESIAN_POINT('',(2.462729648790E1,2.403770561674E0,5.911358580801E0));
#3482=LINE('4908',#3481,#3480);
#3483=DIRECTION('',(0.E0,6.097560975610E-1,-7.925891126474E-1));
#3484=VECTOR('',#3483,1.E-1);
#3485=CARTESIAN_POINT('',(2.4385E1,2.286463414634E0,5.821111633103E0));
#3486=LINE('4880',#3485,#3484);
#3487=DIRECTION('',(0.E0,6.097560975610E-1,-7.925891126474E-1));
#3488=VECTOR('',#3487,1.E-1);
#3489=CARTESIAN_POINT('',(2.4385E1,2.401358349967E0,5.909502813704E0));
#3490=LINE('4909',#3489,#3488);
#3491=DIRECTION('',(0.E0,6.097560975610E-1,-7.925891126474E-1));
#3492=VECTOR('',#3491,1.E-1);
#3493=CARTESIAN_POINT('',(2.439102594214E1,2.425500967740E0,5.928076256315E0));
#3494=LINE('4911',#3493,#3492);
#3495=DIRECTION('',(0.E0,6.097560975610E-1,-7.925891126474E-1));
#3496=VECTOR('',#3495,1.E-1);
#3497=CARTESIAN_POINT('',(2.443220314231E1,2.504759879004E0,5.989051866071E0));
#3498=LINE('4912',#3497,#3496);
#3499=DIRECTION('',(0.E0,6.097560975610E-1,-7.925891126474E-1));
#3500=VECTOR('',#3499,1.E-1);
#3501=CARTESIAN_POINT('',(2.450617720017E1,2.544024390244E0,6.019258911265E0));
#3502=LINE('4913',#3501,#3500);
#3503=DIRECTION('',(7.105427357601E-14,6.097560975610E-1,-7.925891126474E-1));
#3504=VECTOR('',#3503,1.E-1);
#3505=CARTESIAN_POINT('',(2.458015125804E1,2.504759879004E0,5.989051866071E0));
#3506=LINE('4914',#3505,#3504);
#3507=DIRECTION('',(-1.E0,0.E0,0.E0));
#3508=VECTOR('',#3507,4.464925918501E-1);
#3509=CARTESIAN_POINT('',(2.531058823529E1,1.6E0,5.635E0));
#3510=LINE('5115',#3509,#3508);
#3511=DIRECTION('',(4.797812852137E-2,9.988483864849E-1,0.E0));
#3512=VECTOR('',#3511,1.151325882446E-1);
#3513=CARTESIAN_POINT('',(2.486409564344E1,1.6E0,5.635E0));
#3514=LINE('5227',#3513,#3512);
#3515=DIRECTION('',(-1.776356839400E-13,-1.E0,0.E0));
#3516=VECTOR('',#3515,2.E-2);
#3517=CARTESIAN_POINT('',(2.5145E1,1.715E0,5.635E0));
#3518=LINE('4827',#3517,#3516);
#3519=DIRECTION('',(-1.E0,0.E0,0.E0));
#3520=VECTOR('',#3519,1.E-1);
#3521=CARTESIAN_POINT('',(2.5315E1,1.625E0,5.635E0));
#3522=LINE('4826',#3521,#3520);
#3523=DIRECTION('',(1.737853339093E-1,9.847835588179E-1,0.E0));
#3524=VECTOR('',#3523,2.538628897299E-2);
#3525=CARTESIAN_POINT('',(2.531058823529E1,1.6E0,5.635E0));
#3526=LINE('5229',#3525,#3524);
#3527=DIRECTION('',(0.E0,0.E0,1.E0));
#3528=VECTOR('',#3527,1.E-1);
#3529=CARTESIAN_POINT('',(2.486409564344E1,1.6E0,5.535E0));
#3530=LINE('5119',#3529,#3528);
#3531=DIRECTION('',(-1.E0,0.E0,0.E0));
#3532=VECTOR('',#3531,4.464925918501E-1);
#3533=CARTESIAN_POINT('',(2.531058823529E1,1.6E0,5.535E0));
#3534=LINE('5116',#3533,#3532);
#3535=DIRECTION('',(1.737853339093E-1,9.847835588179E-1,0.E0));
#3536=VECTOR('',#3535,2.538628897299E-2);
#3537=CARTESIAN_POINT('',(2.531058823529E1,1.6E0,5.535E0));
#3538=LINE('5230',#3537,#3536);
#3539=DIRECTION('',(-1.E0,0.E0,0.E0));
#3540=VECTOR('',#3539,1.E-1);
#3541=CARTESIAN_POINT('',(2.5315E1,1.625E0,5.535E0));
#3542=LINE('4828',#3541,#3540);
#3543=DIRECTION('',(-1.776356839400E-13,-1.E0,0.E0));
#3544=VECTOR('',#3543,2.E-2);
#3545=CARTESIAN_POINT('',(2.5145E1,1.715E0,5.535E0));
#3546=LINE('4829',#3545,#3544);
#3547=DIRECTION('',(4.797812852137E-2,9.988483864849E-1,0.E0));
#3548=VECTOR('',#3547,1.151325882446E-1);
#3549=CARTESIAN_POINT('',(2.486409564344E1,1.6E0,5.535E0));
#3550=LINE('5228',#3549,#3548);
#3551=DIRECTION('',(0.E0,0.E0,1.E0));
#3552=VECTOR('',#3551,1.E-1);
#3553=CARTESIAN_POINT('',(2.531058823529E1,1.6E0,5.535E0));
#3554=LINE('5120',#3553,#3552);
#3555=DIRECTION('',(0.E0,0.E0,-1.E0));
#3556=VECTOR('',#3555,1.E-1);
#3557=CARTESIAN_POINT('',(2.5315E1,1.625E0,5.635E0));
#3558=LINE('4819',#3557,#3556);
#3559=DIRECTION('',(0.E0,0.E0,-1.E0));
#3560=VECTOR('',#3559,1.E-1);
#3561=CARTESIAN_POINT('',(2.5215E1,1.625E0,5.635E0));
#3562=LINE('4824',#3561,#3560);
#3563=CARTESIAN_POINT('',(2.5215E1,1.695E0,5.635E0));
#3564=DIRECTION('',(0.E0,0.E0,-1.E0));
#3565=DIRECTION('',(0.E0,-1.E0,0.E0));
#3566=AXIS2_PLACEMENT_3D('',#3563,#3564,#3565);
#3568=DIRECTION('',(0.E0,0.E0,-1.E0));
#3569=VECTOR('',#3568,1.E-1);
#3570=CARTESIAN_POINT('',(2.5145E1,1.695E0,5.635E0));
#3571=LINE('4825',#3570,#3569);
#3572=CARTESIAN_POINT('',(2.5215E1,1.695E0,5.535E0));
#3573=DIRECTION('',(0.E0,0.E0,1.E0));
#3574=DIRECTION('',(-1.E0,0.E0,0.E0));
#3575=AXIS2_PLACEMENT_3D('',#3572,#3573,#3574);
#3577=DIRECTION('',(0.E0,0.E0,-1.E0));
#3578=VECTOR('',#3577,1.E-1);
#3579=CARTESIAN_POINT('',(2.5145E1,1.715E0,5.635E0));
#3580=LINE('4823',#3579,#3578);
#3581=CARTESIAN_POINT('',(2.5145E1,1.715E0,5.885E0));
#3582=DIRECTION('',(-1.E0,0.E0,0.E0));
#3583=DIRECTION('',(0.E0,2.435240152993E-1,-9.698948674844E-1));
#3584=AXIS2_PLACEMENT_3D('',#3581,#3582,#3583);
#3586=DIRECTION('',(0.E0,2.435240152993E-1,-9.698948674844E-1));
#3587=VECTOR('',#3586,1.E-1);
#3588=CARTESIAN_POINT('',(2.5145E1,1.775881003825E0,5.642526283129E0));
#3589=LINE('4822',#3588,#3587);
#3590=CARTESIAN_POINT('',(2.5145E1,1.715E0,5.885E0));
#3591=DIRECTION('',(-1.E0,0.E0,0.E0));
#3592=DIRECTION('',(0.E0,2.435240152993E-1,-9.698948674844E-1));
#3593=AXIS2_PLACEMENT_3D('',#3590,#3591,#3592);
#3595=DIRECTION('',(1.E0,0.E0,0.E0));
#3596=VECTOR('',#3595,2.753805104402E-1);
#3597=CARTESIAN_POINT('',(2.486961948956E1,1.715E0,5.635E0));
#3598=LINE('4808',#3597,#3596);
#3599=CARTESIAN_POINT('',(2.487254381388E1,1.775881003825E0,5.642526283129E0));
#3600=CARTESIAN_POINT('',(2.487222476326E1,1.769253787694E0,5.640862302489E0));
#3601=CARTESIAN_POINT('',(2.487158269707E1,1.755862621147E0,5.638077984579E0));
#3602=CARTESIAN_POINT('',(2.487060375330E1,1.735500353514E0,5.635560670696E0));
#3603=CARTESIAN_POINT('',(2.486994846029E1,1.721833505309E0,5.635E0));
#3604=CARTESIAN_POINT('',(2.486961948956E1,1.715E0,5.635E0));
#3606=DIRECTION('',(0.E0,0.E0,-1.E0));
#3607=VECTOR('',#3606,1.E-1);
#3608=CARTESIAN_POINT('',(2.486961948956E1,1.715E0,5.635E0));
#3609=LINE('4804',#3608,#3607);
#3610=CARTESIAN_POINT('',(2.487254381388E1,1.800233405355E0,5.545536796380E0));
#3611=CARTESIAN_POINT('',(2.487222476326E1,1.790955302771E0,5.543207223484E0));
#3612=CARTESIAN_POINT('',(2.487158269707E1,1.772207669606E0,5.539309178411E0));
#3613=CARTESIAN_POINT('',(2.487060375330E1,1.743700494919E0,5.535784938975E0));
#3614=CARTESIAN_POINT('',(2.486994846029E1,1.724566907433E0,5.535E0));
#3615=CARTESIAN_POINT('',(2.486961948956E1,1.715E0,5.535E0));
#3617=DIRECTION('',(1.E0,0.E0,0.E0));
#3618=VECTOR('',#3617,2.753805104402E-1);
#3619=CARTESIAN_POINT('',(2.486961948956E1,1.715E0,5.535E0));
#3620=LINE('4815',#3619,#3618);
#3621=DIRECTION('',(0.E0,9.698948674844E-1,2.435240152993E-1));
#3622=VECTOR('',#3621,3.693575503493E-1);
#3623=CARTESIAN_POINT('',(2.5145E1,1.800233405355E0,5.545536796380E0));
#3624=LINE('4813',#3623,#3622);
#3625=DIRECTION('',(4.653691713197E-2,9.688440550276E-1,2.432601742611E-1));
#3626=VECTOR('',#3625,3.697581571475E-1);
#3627=CARTESIAN_POINT('',(2.487254381388E1,1.800233405355E0,5.545536796380E0));
#3628=LINE('4799',#3627,#3626);
#3629=DIRECTION('',(1.E0,0.E0,0.E0));
#3630=VECTOR('',#3629,2.724561861228E-1);
#3631=CARTESIAN_POINT('',(2.487254381388E1,1.800233405355E0,5.545536796380E0));
#3632=LINE('4816',#3631,#3630);
#3633=DIRECTION('',(0.E0,2.435240152993E-1,-9.698948674844E-1));
#3634=VECTOR('',#3633,1.E-1);
#3635=CARTESIAN_POINT('',(2.5145E1,2.134118996175E0,5.732473716871E0));
#3636=LINE('4821',#3635,#3634);
#3637=DIRECTION('',(0.E0,9.698948674844E-1,2.435240152993E-1));
#3638=VECTOR('',#3637,3.693575503493E-1);
#3639=CARTESIAN_POINT('',(2.5145E1,1.775881003825E0,5.642526283129E0));
#3640=LINE('4806',#3639,#3638);
#3641=DIRECTION('',(1.E0,0.E0,0.E0));
#3642=VECTOR('',#3641,2.724561861228E-1);
#3643=CARTESIAN_POINT('',(2.487254381388E1,1.775881003825E0,5.642526283129E0));
#3644=LINE('4809',#3643,#3642);
#3645=DIRECTION('',(4.653691713197E-2,9.688440550276E-1,2.432601742611E-1));
#3646=VECTOR('',#3645,3.697581571475E-1);
#3647=CARTESIAN_POINT('',(2.487254381388E1,1.775881003825E0,5.642526283129E0));
#3648=LINE('4796',#3647,#3646);
#3649=DIRECTION('',(-3.552713678801E-14,2.435240152993E-1,-9.698948674844E-1));
#3650=VECTOR('',#3649,1.E-1);
#3651=CARTESIAN_POINT('',(2.487254381388E1,1.775881003825E0,5.642526283129E0));
#3652=LINE('4803',#3651,#3650);
#3653=CARTESIAN_POINT('',(2.488975121860E1,2.134118996175E0,5.732473716871E0));
#3654=CARTESIAN_POINT('',(2.488998704423E1,2.138974771521E0,5.733692919023E0));
#3655=CARTESIAN_POINT('',(2.489045935632E1,2.148762152570E0,5.735840433718E0));
#3656=CARTESIAN_POINT('',(2.489117185543E1,2.163635351152E0,5.738176753877E0));
#3657=CARTESIAN_POINT('',(2.489188717728E1,2.178595654692E0,5.739611847861E0));
#3658=CARTESIAN_POINT('',(2.489260777469E1,2.193614786047E0,5.740147007961E0));
#3659=CARTESIAN_POINT('',(2.489333127161E1,2.208665982156E0,5.739777271630E0));
#3660=CARTESIAN_POINT('',(2.489405138249E1,2.223640569913E0,5.738505312023E0));
#3661=CARTESIAN_POINT('',(2.489476572786E1,2.238511909690E0,5.736337485310E0));
#3662=CARTESIAN_POINT('',(2.489547349465E1,2.253252179442E0,5.733273757300E0));
#3663=CARTESIAN_POINT('',(2.489617007971E1,2.267754595503E0,5.729336424913E0));
#3664=CARTESIAN_POINT('',(2.489685472E1,2.281993719572E0,5.724536798341E0));
#3665=CARTESIAN_POINT('',(2.489752521874E1,2.295942819498E0,5.718879783699E0));
#3666=CARTESIAN_POINT('',(2.489817580395E1,2.309501392458E0,5.712406305728E0));
#3667=CARTESIAN_POINT('',(2.489880437059E1,2.322647092654E0,5.705131617106E0));
#3668=CARTESIAN_POINT('',(2.489941304603E1,2.335353717974E0,5.697065782947E0));
#3669=CARTESIAN_POINT('',(2.489980493183E1,2.343472383598E0,5.691198901470E0));
#3670=CARTESIAN_POINT('',(2.489999771433E1,2.347439024390E0,5.688147278162E0));
#3672=DIRECTION('',(0.E0,2.435240152993E-1,-9.698948674844E-1));
#3673=VECTOR('',#3672,1.E-1);
#3674=CARTESIAN_POINT('',(2.488975121860E1,2.134118996175E0,5.732473716871E0));
#3675=LINE('4802',#3674,#3673);
#3676=CARTESIAN_POINT('',(2.488975121860E1,2.158471397705E0,5.635484230123E0));
#3677=CARTESIAN_POINT('',(2.489002343253E1,2.161834415540E0,5.636328626391E0));
#3678=CARTESIAN_POINT('',(2.489056866573E1,2.168619853768E0,5.637784641818E0));
#3679=CARTESIAN_POINT('',(2.489139185509E1,2.178943261596E0,5.639259190744E0));
#3680=CARTESIAN_POINT('',(2.489221917660E1,2.189314847914E0,5.640012547523E0));
#3681=CARTESIAN_POINT('',(2.489305385956E1,2.199738312071E0,5.640045933906E0));
#3682=CARTESIAN_POINT('',(2.489388701425E1,2.210132537056E0,5.639355496368E0));
#3683=CARTESIAN_POINT('',(2.489471228836E1,2.220438967823E0,5.637949392541E0));
#3684=CARTESIAN_POINT('',(2.489552931097E1,2.230649149660E0,5.635826241792E0));
#3685=CARTESIAN_POINT('',(2.489633080348E1,2.240659313870E0,5.633007899638E0));
#3686=CARTESIAN_POINT('',(2.489711649260E1,2.250462735432E0,5.629499382775E0));
#3687=CARTESIAN_POINT('',(2.489788046194E1,2.260002790209E0,5.625316920015E0));
#3688=CARTESIAN_POINT('',(2.489861474675E1,2.269207393874E0,5.620496452993E0));
#3689=CARTESIAN_POINT('',(2.489932220222E1,2.278080002521E0,5.615035420347E0));
#3690=CARTESIAN_POINT('',(2.489977533011E1,2.283717983925E0,5.611000486643E0));
#3691=CARTESIAN_POINT('',(2.489999771433E1,2.286463414634E0,5.608888366897E0));
#3693=DIRECTION('',(1.E0,0.E0,0.E0));
#3694=VECTOR('',#3693,2.552487814047E-1);
#3695=CARTESIAN_POINT('',(2.488975121860E1,2.134118996175E0,5.732473716871E0));
#3696=LINE('4810',#3695,#3694);
#3697=CARTESIAN_POINT('',(2.5145E1,2.195E0,5.49E0));
#3698=DIRECTION('',(-1.E0,0.E0,0.E0));
#3699=DIRECTION('',(0.E0,-2.435240152993E-1,9.698948674844E-1));
#3700=AXIS2_PLACEMENT_3D('',#3697,#3698,#3699);
#3702=DIRECTION('',(0.E0,-6.097560975610E-1,-7.925891126474E-1));
#3703=VECTOR('',#3702,1.E-1);
#3704=CARTESIAN_POINT('',(2.5145E1,2.347439024390E0,5.688147278162E0));
#3705=LINE('4820',#3704,#3703);
#3706=CARTESIAN_POINT('',(2.5145E1,2.195E0,5.49E0));
#3707=DIRECTION('',(-1.E0,0.E0,0.E0));
#3708=DIRECTION('',(0.E0,-2.435240152993E-1,9.698948674844E-1));
#3709=AXIS2_PLACEMENT_3D('',#3706,#3707,#3708);
#3711=DIRECTION('',(0.E0,-6.097560975610E-1,-7.925891126474E-1));
#3712=VECTOR('',#3711,1.E-1);
#3713=CARTESIAN_POINT('',(2.5145E1,2.462333959723E0,5.599756097561E0));
#3714=LINE('4849',#3713,#3712);
#3715=DIRECTION('',(0.E0,-6.097560975610E-1,-7.925891126474E-1));
#3716=VECTOR('',#3715,1.E-1);
#3717=CARTESIAN_POINT('',(2.513934395410E1,2.485751936779E0,5.581740136864E0));
#3718=LINE('4854',#3717,#3716);
#3719=CARTESIAN_POINT('',(2.498545860138E1,2.459921748017E0,5.601611864658E0));
#3720=DIRECTION('',(1.387778780781E-14,6.097560975610E-1,7.925891126474E-1));
#3721=DIRECTION('',(-9.328388682923E-1,2.855649690657E-1,-2.196913613360E-1));
#3722=AXIS2_PLACEMENT_3D('',#3719,#3720,#3721);
#3724=DIRECTION('',(-3.602938325911E-1,-7.393579308628E-1,5.688041879831E-1));
#3725=VECTOR('',#3724,1.104622261590E-1);
#3726=CARTESIAN_POINT('',(2.495063035074E1,2.564438068513E0,5.521205178898E0));
#3727=LINE('4837',#3726,#3725);
#3728=CARTESIAN_POINT('',(2.502525746020E1,2.541592870988E0,5.538780487805E0));
#3729=DIRECTION('',(0.E0,6.097560975610E-1,7.925891126474E-1));
#3730=DIRECTION('',(-4.611049320147E-8,7.925891126474E-1,-6.097560975610E-1));
#3731=AXIS2_PLACEMENT_3D('',#3728,#3729,#3730);
#3733=CARTESIAN_POINT('',(2.502525746020E1,2.541592870988E0,5.538780487805E0));
#3734=DIRECTION('',(-1.110223024625E-14,6.097560975610E-1,7.925891126474E-1));
#3735=DIRECTION('',(9.292994262121E-1,2.927247131986E-1,-2.251995087132E-1));
#3736=AXIS2_PLACEMENT_3D('',#3733,#3734,#3735);
#3738=DIRECTION('',(-3.693271942896E-1,7.365526076052E-1,-5.666459915927E-1));
#3739=VECTOR('',#3738,1.076079433381E-1);
#3740=CARTESIAN_POINT('',(2.513934395410E1,2.485751936779E0,5.581740136864E0));
#3741=LINE('4834',#3740,#3739);
#3742=CARTESIAN_POINT('',(2.5065E1,2.462333959723E0,5.599756097561E0));
#3743=DIRECTION('',(0.E0,6.097560975610E-1,7.925891126474E-1));
#3744=DIRECTION('',(1.E0,1.665334536938E-14,-1.110223024625E-14));
#3745=AXIS2_PLACEMENT_3D('',#3742,#3743,#3744);
#3747=DIRECTION('',(-2.450797482068E-14,7.925891126474E-1,-6.097560975610E-1));
#3748=VECTOR('',#3747,1.449615361854E-1);
#3749=CARTESIAN_POINT('',(2.5145E1,2.347439024390E0,5.688147278162E0));
#3750=LINE('4839',#3749,#3748);
#3751=DIRECTION('',(1.E0,0.E0,0.E0));
#3752=VECTOR('',#3751,2.450022856719E-1);
#3753=CARTESIAN_POINT('',(2.489999771433E1,2.347439024390E0,5.688147278162E0));
#3754=LINE('4811',#3753,#3752);
#3755=DIRECTION('',(3.804322549030E-2,7.920153530117E-1,-6.093146917546E-1));
#3756=VECTOR('',#3755,1.450665506626E-1);
#3757=CARTESIAN_POINT('',(2.489999771433E1,2.347439024390E0,5.688147278162E0));
#3758=LINE('4838',#3757,#3756);
#3759=DIRECTION('',(0.E0,-6.097560975610E-1,-7.925891126474E-1));
#3760=VECTOR('',#3759,1.E-1);
#3761=CARTESIAN_POINT('',(2.490551651383E1,2.462333959723E0,5.599756097561E0));
#3762=LINE('4848',#3761,#3760);
#3763=DIRECTION('',(0.E0,-6.097560975610E-1,-7.925891126474E-1));
#3764=VECTOR('',#3763,1.E-1);
#3765=CARTESIAN_POINT('',(2.489999771433E1,2.347439024390E0,5.688147278162E0));
#3766=LINE('4801',#3765,#3764);
#3767=CARTESIAN_POINT('',(2.498545860138E1,2.398946138261E0,5.522352953393E0));
#3768=DIRECTION('',(1.387778780781E-14,6.097560975610E-1,7.925891126474E-1));
#3769=DIRECTION('',(-9.328388682923E-1,2.855649690657E-1,-2.196913613360E-1));
#3770=AXIS2_PLACEMENT_3D('',#3767,#3768,#3769);
#3772=DIRECTION('',(3.804322549027E-2,7.920153530117E-1,-6.093146917546E-1));
#3773=VECTOR('',#3772,1.450665506626E-1);
#3774=CARTESIAN_POINT('',(2.489999771433E1,2.286463414634E0,5.608888366897E0));
#3775=LINE('4846',#3774,#3773);
#3776=DIRECTION('',(1.E0,0.E0,0.E0));
#3777=VECTOR('',#3776,2.450022856719E-1);
#3778=CARTESIAN_POINT('',(2.489999771433E1,2.286463414634E0,5.608888366897E0));
#3779=LINE('4818',#3778,#3777);
#3780=DIRECTION('',(-2.450797482068E-14,7.925891126474E-1,-6.097560975610E-1));
#3781=VECTOR('',#3780,1.449615361854E-1);
#3782=CARTESIAN_POINT('',(2.5145E1,2.286463414634E0,5.608888366897E0));
#3783=LINE('4847',#3782,#3781);
#3784=CARTESIAN_POINT('',(2.5065E1,2.401358349967E0,5.520497186296E0));
#3785=DIRECTION('',(0.E0,6.097560975610E-1,7.925891126474E-1));
#3786=DIRECTION('',(1.E0,1.110223024625E-14,-1.110223024625E-14));
#3787=AXIS2_PLACEMENT_3D('',#3784,#3785,#3786);
#3789=DIRECTION('',(-3.693271942896E-1,7.365526076052E-1,-5.666459915928E-1));
#3790=VECTOR('',#3789,1.076079433381E-1);
#3791=CARTESIAN_POINT('',(2.513934395410E1,2.424776327023E0,5.502481225599E0));
#3792=LINE('4842',#3791,#3790);
#3793=CARTESIAN_POINT('',(2.502525746020E1,2.480617261232E0,5.459521576540E0));
#3794=DIRECTION('',(-1.110223024625E-14,6.097560975610E-1,7.925891126474E-1));
#3795=DIRECTION('',(9.292994262121E-1,2.927247131986E-1,-2.251995087132E-1));
#3796=AXIS2_PLACEMENT_3D('',#3793,#3794,#3795);
#3798=CARTESIAN_POINT('',(2.502525746020E1,2.480617261232E0,5.459521576540E0));
#3799=DIRECTION('',(0.E0,6.097560975610E-1,7.925891126474E-1));
#3800=DIRECTION('',(-4.611049320147E-8,7.925891126474E-1,-6.097560975610E-1));
#3801=AXIS2_PLACEMENT_3D('',#3798,#3799,#3800);
#3803=DIRECTION('',(-3.602938325910E-1,-7.393579308628E-1,5.688041879831E-1));
#3804=VECTOR('',#3803,1.104622261590E-1);
#3805=CARTESIAN_POINT('',(2.495063035074E1,2.503462458757E0,5.441946267633E0));
#3806=LINE('4845',#3805,#3804);
#3807=DIRECTION('',(1.E0,0.E0,0.E0));
#3808=VECTOR('',#3807,2.552487814047E-1);
#3809=CARTESIAN_POINT('',(2.488975121860E1,2.158471397705E0,5.635484230123E0));
#3810=LINE('4817',#3809,#3808);
#3811=DIRECTION('',(0.E0,-6.097560975610E-1,-7.925891126474E-1));
#3812=VECTOR('',#3811,1.E-1);
#3813=CARTESIAN_POINT('',(2.509960141430E1,2.565010848044E0,5.520764527108E0));
#3814=LINE('4853',#3813,#3812);
#3815=DIRECTION('',(0.E0,-6.097560975610E-1,-7.925891126474E-1));
#3816=VECTOR('',#3815,1.E-1);
#3817=CARTESIAN_POINT('',(2.502525745651E1,2.605E0,5.49E0));
#3818=LINE('4852',#3817,#3816);
#3819=DIRECTION('',(3.552713678800E-14,-6.097560975610E-1,-7.925891126474E-1));
#3820=VECTOR('',#3819,1.E-1);
#3821=CARTESIAN_POINT('',(2.495063035074E1,2.564438068513E0,5.521205178898E0));
#3822=LINE('4851',#3821,#3820);
#3823=DIRECTION('',(0.E0,-6.097560975610E-1,-7.925891126474E-1));
#3824=VECTOR('',#3823,1.E-1);
#3825=CARTESIAN_POINT('',(2.491083149192E1,2.482766945542E0,5.584036555751E0));
#3826=LINE('4850',#3825,#3824);
#3827=DIRECTION('',(1.E0,0.E0,0.E0));
#3828=VECTOR('',#3827,4.464925918501E-1);
#3829=CARTESIAN_POINT('',(-2.531058823529E1,1.6E0,-5.635E0));
#3830=LINE('5109',#3829,#3828);
#3831=DIRECTION('',(-4.797812852137E-2,9.988483864849E-1,0.E0));
#3832=VECTOR('',#3831,1.151325882446E-1);
#3833=CARTESIAN_POINT('',(-2.486409564344E1,1.6E0,-5.635E0));
#3834=LINE('5224',#3833,#3832);
#3835=DIRECTION('',(1.776356839400E-13,-1.E0,0.E0));
#3836=VECTOR('',#3835,2.E-2);
#3837=CARTESIAN_POINT('',(-2.5145E1,1.715E0,-5.635E0));
#3838=LINE('4768',#3837,#3836);
#3839=DIRECTION('',(1.E0,0.E0,0.E0));
#3840=VECTOR('',#3839,1.E-1);
#3841=CARTESIAN_POINT('',(-2.5315E1,1.625E0,-5.635E0));
#3842=LINE('4769',#3841,#3840);
#3843=DIRECTION('',(-1.737853339093E-1,9.847835588179E-1,0.E0));
#3844=VECTOR('',#3843,2.538628897299E-2);
#3845=CARTESIAN_POINT('',(-2.531058823529E1,1.6E0,-5.635E0));
#3846=LINE('5226',#3845,#3844);
#3847=DIRECTION('',(0.E0,0.E0,1.E0));
#3848=VECTOR('',#3847,1.E-1);
#3849=CARTESIAN_POINT('',(-2.486409564344E1,1.6E0,-5.635E0));
#3850=LINE('5113',#3849,#3848);
#3851=DIRECTION('',(0.E0,0.E0,-1.E0));
#3852=VECTOR('',#3851,1.E-1);
#3853=CARTESIAN_POINT('',(-2.486961948956E1,1.715E0,-5.535E0));
#3854=LINE('4744',#3853,#3852);
#3855=DIRECTION('',(1.E0,0.E0,0.E0));
#3856=VECTOR('',#3855,4.464925918501E-1);
#3857=CARTESIAN_POINT('',(-2.531058823529E1,1.6E0,-5.535E0));
#3858=LINE('5110',#3857,#3856);
#3859=DIRECTION('',(-1.737853339093E-1,9.847835588179E-1,-6.997308040140E-14));
#3860=VECTOR('',#3859,2.538628897299E-2);
#3861=CARTESIAN_POINT('',(-2.531058823529E1,1.6E0,-5.535E0));
#3862=LINE('5225',#3861,#3860);
#3863=DIRECTION('',(1.E0,0.E0,0.E0));
#3864=VECTOR('',#3863,1.E-1);
#3865=CARTESIAN_POINT('',(-2.5315E1,1.625E0,-5.535E0));
#3866=LINE('4767',#3865,#3864);
#3867=DIRECTION('',(1.776356839400E-13,-1.E0,0.E0));
#3868=VECTOR('',#3867,2.E-2);
#3869=CARTESIAN_POINT('',(-2.5145E1,1.715E0,-5.535E0));
#3870=LINE('4766',#3869,#3868);
#3871=DIRECTION('',(-4.797812852137E-2,9.988483864849E-1,-1.542879272049E-14));
#3872=VECTOR('',#3871,1.151325882446E-1);
#3873=CARTESIAN_POINT('',(-2.486409564344E1,1.6E0,-5.535E0));
#3874=LINE('5223',#3873,#3872);
#3875=DIRECTION('',(0.E0,0.E0,1.E0));
#3876=VECTOR('',#3875,1.E-1);
#3877=CARTESIAN_POINT('',(-2.531058823529E1,1.6E0,-5.635E0));
#3878=LINE('5114',#3877,#3876);
#3879=DIRECTION('',(0.E0,0.E0,-1.E0));
#3880=VECTOR('',#3879,1.E-1);
#3881=CARTESIAN_POINT('',(-2.5315E1,1.625E0,-5.535E0));
#3882=LINE('4759',#3881,#3880);
#3883=DIRECTION('',(0.E0,0.E0,-1.E0));
#3884=VECTOR('',#3883,1.E-1);
#3885=CARTESIAN_POINT('',(-2.5145E1,1.695E0,-5.535E0));
#3886=LINE('4764',#3885,#3884);
#3887=CARTESIAN_POINT('',(-2.5215E1,1.695E0,-5.535E0));
#3888=DIRECTION('',(0.E0,0.E0,-1.E0));
#3889=DIRECTION('',(1.E0,0.E0,0.E0));
#3890=AXIS2_PLACEMENT_3D('',#3887,#3888,#3889);
#3892=DIRECTION('',(0.E0,0.E0,-1.E0));
#3893=VECTOR('',#3892,1.E-1);
#3894=CARTESIAN_POINT('',(-2.5215E1,1.625E0,-5.535E0));
#3895=LINE('4765',#3894,#3893);
#3896=CARTESIAN_POINT('',(-2.5215E1,1.695E0,-5.635E0));
#3897=DIRECTION('',(0.E0,0.E0,1.E0));
#3898=DIRECTION('',(0.E0,-1.E0,0.E0));
#3899=AXIS2_PLACEMENT_3D('',#3896,#3897,#3898);
#3901=CARTESIAN_POINT('',(-2.5145E1,1.715E0,-5.885E0));
#3902=DIRECTION('',(1.E0,0.E0,0.E0));
#3903=DIRECTION('',(0.E0,2.435240152993E-1,9.698948674844E-1));
#3904=AXIS2_PLACEMENT_3D('',#3901,#3902,#3903);
#3906=DIRECTION('',(0.E0,0.E0,-1.E0));
#3907=VECTOR('',#3906,1.E-1);
#3908=CARTESIAN_POINT('',(-2.5145E1,1.715E0,-5.535E0));
#3909=LINE('4763',#3908,#3907);
#3910=CARTESIAN_POINT('',(-2.5145E1,1.715E0,-5.885E0));
#3911=DIRECTION('',(1.E0,0.E0,0.E0));
#3912=DIRECTION('',(0.E0,2.435240152993E-1,9.698948674844E-1));
#3913=AXIS2_PLACEMENT_3D('',#3910,#3911,#3912);
#3915=DIRECTION('',(-1.E0,0.E0,0.E0));
#3916=VECTOR('',#3915,2.753805104402E-1);
#3917=CARTESIAN_POINT('',(-2.486961948956E1,1.715E0,-5.535E0));
#3918=LINE('4748',#3917,#3916);
#3919=DIRECTION('',(0.E0,9.698948674844E-1,-2.435240152993E-1));
#3920=VECTOR('',#3919,3.693575503493E-1);
#3921=CARTESIAN_POINT('',(-2.5145E1,1.800233405355E0,-5.545536796380E0));
#3922=LINE('4746',#3921,#3920);
#3923=DIRECTION('',(-4.653691713195E-2,9.688440550276E-1,-2.432601742611E-1));
#3924=VECTOR('',#3923,3.697581571475E-1);
#3925=CARTESIAN_POINT('',(-2.487371354360E1,1.800233405355E0,
-5.545536796380E0));
#3926=LINE('4736',#3925,#3924);
#3927=DIRECTION('',(-1.E0,0.E0,0.E0));
#3928=VECTOR('',#3927,2.712864563958E-1);
#3929=CARTESIAN_POINT('',(-2.487371354360E1,1.800233405355E0,
-5.545536796380E0));
#3930=LINE('4749',#3929,#3928);
#3931=DIRECTION('',(0.E0,-2.435240152993E-1,-9.698948674844E-1));
#3932=VECTOR('',#3931,1.E-1);
#3933=CARTESIAN_POINT('',(-2.5145E1,1.800233405355E0,-5.545536796380E0));
#3934=LINE('4762',#3933,#3932);
#3935=DIRECTION('',(0.E0,9.698948674844E-1,-2.435240152993E-1));
#3936=VECTOR('',#3935,3.693575503493E-1);
#3937=CARTESIAN_POINT('',(-2.5145E1,1.775881003825E0,-5.642526283129E0));
#3938=LINE('4753',#3937,#3936);
#3939=DIRECTION('',(-1.E0,0.E0,0.E0));
#3940=VECTOR('',#3939,2.712864563958E-1);
#3941=CARTESIAN_POINT('',(-2.487371354360E1,1.775881003825E0,
-5.642526283129E0));
#3942=LINE('4756',#3941,#3940);
#3943=DIRECTION('',(-4.653691713195E-2,9.688440550276E-1,-2.432601742611E-1));
#3944=VECTOR('',#3943,3.697581571475E-1);
#3945=CARTESIAN_POINT('',(-2.487371354360E1,1.775881003825E0,
-5.642526283129E0));
#3946=LINE('4739',#3945,#3944);
#3947=DIRECTION('',(-1.E0,0.E0,0.E0));
#3948=VECTOR('',#3947,2.753805104402E-1);
#3949=CARTESIAN_POINT('',(-2.486961948956E1,1.715E0,-5.635E0));
#3950=LINE('4755',#3949,#3948);
#3951=CARTESIAN_POINT('',(-2.487371354360E1,1.800233405355E0,
-5.545536796380E0));
#3952=CARTESIAN_POINT('',(-2.487326687275E1,1.790955302771E0,
-5.543207223484E0));
#3953=CARTESIAN_POINT('',(-2.487236798008E1,1.772207669606E0,
-5.539309178411E0));
#3954=CARTESIAN_POINT('',(-2.487099745880E1,1.743700494919E0,
-5.535784938975E0));
#3955=CARTESIAN_POINT('',(-2.487008004858E1,1.724566907433E0,-5.535E0));
#3956=CARTESIAN_POINT('',(-2.486961948956E1,1.715E0,-5.535E0));
#3958=DIRECTION('',(0.E0,-2.435240152993E-1,-9.698948674844E-1));
#3959=VECTOR('',#3958,1.E-1);
#3960=CARTESIAN_POINT('',(-2.487371354360E1,1.800233405355E0,
-5.545536796380E0));
#3961=LINE('4743',#3960,#3959);
#3962=CARTESIAN_POINT('',(-2.487371354360E1,1.775881003825E0,
-5.642526283129E0));
#3963=CARTESIAN_POINT('',(-2.487326687275E1,1.769253787694E0,
-5.640862302489E0));
#3964=CARTESIAN_POINT('',(-2.487236798008E1,1.755862621147E0,
-5.638077984579E0));
#3965=CARTESIAN_POINT('',(-2.487099745880E1,1.735500353514E0,
-5.635560670696E0));
#3966=CARTESIAN_POINT('',(-2.487008004858E1,1.721833505309E0,-5.635E0));
#3967=CARTESIAN_POINT('',(-2.486961948956E1,1.715E0,-5.635E0));
#3969=DIRECTION('',(0.E0,-2.435240152993E-1,-9.698948674844E-1));
#3970=VECTOR('',#3969,1.E-1);
#3971=CARTESIAN_POINT('',(-2.489092094832E1,2.158471397705E0,
-5.635484230123E0));
#3972=LINE('4742',#3971,#3970);
#3973=CARTESIAN_POINT('',(-2.489092094832E1,2.158471397705E0,
-5.635484230123E0));
#3974=CARTESIAN_POINT('',(-2.489108424495E1,2.161833762196E0,
-5.636328462347E0));
#3975=CARTESIAN_POINT('',(-2.489141131701E1,2.168617783982E0,
-5.637784218575E0));
#3976=CARTESIAN_POINT('',(-2.489190511742E1,2.178938806812E0,
-5.639258655072E0));
#3977=CARTESIAN_POINT('',(-2.489240139485E1,2.189308003095E0,
-5.640012236255E0));
#3978=CARTESIAN_POINT('',(-2.489290210446E1,2.199729401058E0,
-5.640046170691E0));
#3979=CARTESIAN_POINT('',(-2.489340190765E1,2.210121763583E0,
-5.639356540518E0));
#3980=CARTESIAN_POINT('',(-2.489389698019E1,2.220426264451E0,
-5.637951531862E0));
#3981=CARTESIAN_POINT('',(-2.489438713373E1,2.230635195120E0,
-5.635829628237E0));
#3982=CARTESIAN_POINT('',(-2.489486802344E1,2.240645256785E0,
-5.633012394998E0));
#3983=CARTESIAN_POINT('',(-2.489533950385E1,2.250450071594E0,
-5.629504462951E0));
#3984=CARTESIAN_POINT('',(-2.489579800789E1,2.259992649686E0,
-5.625321860825E0));
#3985=CARTESIAN_POINT('',(-2.489623872418E1,2.269200254391E0,
-5.620500602659E0));
#3986=CARTESIAN_POINT('',(-2.489666336096E1,2.278076310823E0,
-5.615037986455E0));
#3987=CARTESIAN_POINT('',(-2.489693535436E1,2.283716731470E0,
-5.611001450184E0));
#3988=CARTESIAN_POINT('',(-2.489706884576E1,2.286463414634E0,
-5.608888366897E0));
#3990=DIRECTION('',(0.E0,6.097560975610E-1,-7.925891126474E-1));
#3991=VECTOR('',#3990,1.E-1);
#3992=CARTESIAN_POINT('',(-2.489706884576E1,2.286463414634E0,
-5.608888366897E0));
#3993=LINE('4741',#3992,#3991);
#3994=CARTESIAN_POINT('',(-2.489092094832E1,2.134118996175E0,
-5.732473716871E0));
#3995=CARTESIAN_POINT('',(-2.489106243381E1,2.138974431865E0,
-5.733692833741E0));
#3996=CARTESIAN_POINT('',(-2.48913458E1,2.148761081637E0,-5.735840208216E0));
#3997=CARTESIAN_POINT('',(-2.489177326448E1,2.163633052721E0,
-5.738176438064E0));
#3998=CARTESIAN_POINT('',(-2.489220242147E1,2.178592100715E0,
-5.739611589900E0));
#3999=CARTESIAN_POINT('',(-2.489263474590E1,2.193610064387E0,
-5.740146959848E0));
#4000=CARTESIAN_POINT('',(-2.489306881423E1,2.208660232637E0,
-5.739777566182E0));
#4001=CARTESIAN_POINT('',(-2.489350085278E1,2.223633847596E0,
-5.738506065321E0));
#4002=CARTESIAN_POINT('',(-2.489392943183E1,2.238504202458E0,
-5.736338826945E0));
#4003=CARTESIAN_POINT('',(-2.489435407336E1,2.253243828149E0,
-5.733275745584E0));
#4004=CARTESIAN_POINT('',(-2.489477202031E1,2.267746110321E0,
-5.729339004473E0));
#4005=CARTESIAN_POINT('',(-2.489518281904E1,2.281985743686E0,
-5.724539771481E0));
#4006=CARTESIAN_POINT('',(-2.489558515052E1,2.295935953854E0,
-5.718882839070E0));
#4007=CARTESIAN_POINT('',(-2.489597554453E1,2.309495996002E0,
-5.712409118890E0));
#4008=CARTESIAN_POINT('',(-2.489635273142E1,2.322643324660E0,
-5.705133896124E0));
#4009=CARTESIAN_POINT('',(-2.489671798904E1,2.335351788786E0,
-5.697067143476E0));
#4010=CARTESIAN_POINT('',(-2.489695315724E1,2.343471731089E0,
-5.691199403460E0));
#4011=CARTESIAN_POINT('',(-2.489706884576E1,2.347439024390E0,
-5.688147278162E0));
#4013=DIRECTION('',(-1.E0,0.E0,0.E0));
#4014=VECTOR('',#4013,2.540790516778E-1);
#4015=CARTESIAN_POINT('',(-2.489092094832E1,2.158471397705E0,
-5.635484230123E0));
#4016=LINE('4750',#4015,#4014);
#4017=CARTESIAN_POINT('',(-2.5145E1,2.195E0,-5.49E0));
#4018=DIRECTION('',(1.E0,0.E0,0.E0));
#4019=DIRECTION('',(0.E0,-2.435240152993E-1,-9.698948674844E-1));
#4020=AXIS2_PLACEMENT_3D('',#4017,#4018,#4019);
#4022=DIRECTION('',(0.E0,-2.435240152993E-1,-9.698948674844E-1));
#4023=VECTOR('',#4022,1.E-1);
#4024=CARTESIAN_POINT('',(-2.5145E1,2.158471397705E0,-5.635484230123E0));
#4025=LINE('4761',#4024,#4023);
#4026=CARTESIAN_POINT('',(-2.5145E1,2.195E0,-5.49E0));
#4027=DIRECTION('',(1.E0,0.E0,0.E0));
#4028=DIRECTION('',(0.E0,-2.435240152993E-1,-9.698948674844E-1));
#4029=AXIS2_PLACEMENT_3D('',#4026,#4027,#4028);
#4031=DIRECTION('',(-1.E0,0.E0,0.E0));
#4032=VECTOR('',#4031,2.540790516778E-1);
#4033=CARTESIAN_POINT('',(-2.489092094832E1,2.134118996175E0,
-5.732473716871E0));
#4034=LINE('4757',#4033,#4032);
#4035=CARTESIAN_POINT('',(-2.498264559966E1,2.462333959723E0,
-5.599756097561E0));
#4036=DIRECTION('',(1.110223024625E-14,6.097560975610E-1,-7.925891126474E-1));
#4037=DIRECTION('',(9.246757232844E-1,3.017827221537E-1,2.321680326356E-1));
#4038=AXIS2_PLACEMENT_3D('',#4035,#4036,#4037);
#4040=DIRECTION('',(3.807555735225E-1,-7.328879110046E-1,-5.638266605393E-1));
#4041=VECTOR('',#4040,1.081460207961E-1);
#4042=CARTESIAN_POINT('',(-2.494984874196E1,2.565735488761E0,
-5.520207045194E0));
#4043=LINE('4785',#4042,#4041);
#4044=CARTESIAN_POINT('',(-2.502382279983E1,2.541592870988E0,
-5.538780487805E0));
#4045=DIRECTION('',(0.E0,6.097560975610E-1,-7.925891126474E-1));
#4046=DIRECTION('',(4.440892098501E-14,7.925891126474E-1,6.097560975610E-1));
#4047=AXIS2_PLACEMENT_3D('',#4044,#4045,#4046);
#4049=CARTESIAN_POINT('',(-2.502382279983E1,2.541592870988E0,
-5.538780487805E0));
#4050=DIRECTION('',(0.E0,6.097560975610E-1,-7.925891126474E-1));
#4051=DIRECTION('',(-9.246757232844E-1,3.017827221537E-1,2.321680326356E-1));
#4052=AXIS2_PLACEMENT_3D('',#4049,#4050,#4051);
#4054=DIRECTION('',(3.807555735224E-1,7.328879110046E-1,5.638266605393E-1));
#4055=VECTOR('',#4054,1.081460207961E-1);
#4056=CARTESIAN_POINT('',(-2.513897405786E1,2.486476577496E0,
-5.581182654950E0));
#4057=LINE('4782',#4056,#4055);
#4058=CARTESIAN_POINT('',(-2.5065E1,2.462333959723E0,-5.599756097561E0));
#4059=DIRECTION('',(0.E0,6.097560975610E-1,-7.925891126474E-1));
#4060=DIRECTION('',(-1.E0,1.110223024625E-14,1.110223024625E-14));
#4061=AXIS2_PLACEMENT_3D('',#4058,#4059,#4060);
#4063=DIRECTION('',(2.450797482068E-14,7.925891126474E-1,6.097560975610E-1));
#4064=VECTOR('',#4063,1.449615361854E-1);
#4065=CARTESIAN_POINT('',(-2.5145E1,2.347439024390E0,-5.688147278162E0));
#4066=LINE('4787',#4065,#4064);
#4067=DIRECTION('',(-1.E0,0.E0,0.E0));
#4068=VECTOR('',#4067,2.479311542381E-1);
#4069=CARTESIAN_POINT('',(-2.489706884576E1,2.347439024390E0,
-5.688147278162E0));
#4070=LINE('4758',#4069,#4068);
#4071=DIRECTION('',(-3.804322549027E-2,7.920153530117E-1,6.093146917546E-1));
#4072=VECTOR('',#4071,1.481122134739E-1);
#4073=CARTESIAN_POINT('',(-2.489706884576E1,2.347439024390E0,
-5.688147278162E0));
#4074=LINE('4786',#4073,#4072);
#4075=DIRECTION('',(7.105427357601E-14,6.097560975610E-1,-7.925891126474E-1));
#4076=VECTOR('',#4075,1.E-1);
#4077=CARTESIAN_POINT('',(-2.490867154179E1,2.425500967740E0,
-5.501923743685E0));
#4078=LINE('4790',#4077,#4076);
#4079=CARTESIAN_POINT('',(-2.498264559966E1,2.401358349967E0,
-5.520497186296E0));
#4080=DIRECTION('',(1.110223024625E-14,6.097560975610E-1,-7.925891126474E-1));
#4081=DIRECTION('',(9.246757232844E-1,3.017827221537E-1,2.321680326356E-1));
#4082=AXIS2_PLACEMENT_3D('',#4079,#4080,#4081);
#4084=DIRECTION('',(-3.804322549027E-2,7.920153530117E-1,6.093146917546E-1));
#4085=VECTOR('',#4084,1.481122134739E-1);
#4086=CARTESIAN_POINT('',(-2.489706884576E1,2.286463414634E0,
-5.608888366897E0));
#4087=LINE('4778',#4086,#4085);
#4088=DIRECTION('',(-1.E0,0.E0,0.E0));
#4089=VECTOR('',#4088,2.479311542381E-1);
#4090=CARTESIAN_POINT('',(-2.489706884576E1,2.286463414634E0,
-5.608888366897E0));
#4091=LINE('4751',#4090,#4089);
#4092=DIRECTION('',(2.450797482068E-14,7.925891126474E-1,6.097560975610E-1));
#4093=VECTOR('',#4092,1.449615361854E-1);
#4094=CARTESIAN_POINT('',(-2.5145E1,2.286463414634E0,-5.608888366897E0));
#4095=LINE('4779',#4094,#4093);
#4096=CARTESIAN_POINT('',(-2.5065E1,2.401358349967E0,-5.520497186296E0));
#4097=DIRECTION('',(0.E0,6.097560975610E-1,-7.925891126474E-1));
#4098=DIRECTION('',(-1.E0,1.110223024625E-14,1.110223024625E-14));
#4099=AXIS2_PLACEMENT_3D('',#4096,#4097,#4098);
#4101=DIRECTION('',(3.807555735224E-1,7.328879110046E-1,5.638266605393E-1));
#4102=VECTOR('',#4101,1.081460207961E-1);
#4103=CARTESIAN_POINT('',(-2.513897405786E1,2.425500967740E0,
-5.501923743685E0));
#4104=LINE('4774',#4103,#4102);
#4105=CARTESIAN_POINT('',(-2.502382279983E1,2.480617261232E0,
-5.459521576540E0));
#4106=DIRECTION('',(0.E0,6.097560975610E-1,-7.925891126474E-1));
#4107=DIRECTION('',(-9.246757232844E-1,3.017827221537E-1,2.321680326356E-1));
#4108=AXIS2_PLACEMENT_3D('',#4105,#4106,#4107);
#4110=CARTESIAN_POINT('',(-2.502382279983E1,2.480617261232E0,
-5.459521576540E0));
#4111=DIRECTION('',(0.E0,6.097560975610E-1,-7.925891126474E-1));
#4112=DIRECTION('',(4.440892098501E-14,7.925891126474E-1,6.097560975610E-1));
#4113=AXIS2_PLACEMENT_3D('',#4110,#4111,#4112);
#4115=DIRECTION('',(3.807555735224E-1,-7.328879110046E-1,-5.638266605393E-1));
#4116=VECTOR('',#4115,1.081460207961E-1);
#4117=CARTESIAN_POINT('',(-2.494984874196E1,2.504759879004E0,
-5.440948133929E0));
#4118=LINE('4777',#4117,#4116);
#4119=DIRECTION('',(0.E0,6.097560975610E-1,-7.925891126474E-1));
#4120=VECTOR('',#4119,1.E-1);
#4121=CARTESIAN_POINT('',(-2.490270351210E1,2.403770561674E0,
-5.518641419199E0));
#4122=LINE('4788',#4121,#4120);
#4123=DIRECTION('',(0.E0,6.097560975610E-1,-7.925891126474E-1));
#4124=VECTOR('',#4123,1.E-1);
#4125=CARTESIAN_POINT('',(-2.5145E1,2.286463414634E0,-5.608888366897E0));
#4126=LINE('4760',#4125,#4124);
#4127=DIRECTION('',(0.E0,6.097560975610E-1,-7.925891126474E-1));
#4128=VECTOR('',#4127,1.E-1);
#4129=CARTESIAN_POINT('',(-2.5145E1,2.401358349967E0,-5.520497186296E0));
#4130=LINE('4789',#4129,#4128);
#4131=DIRECTION('',(0.E0,6.097560975610E-1,-7.925891126474E-1));
#4132=VECTOR('',#4131,1.E-1);
#4133=CARTESIAN_POINT('',(-2.513897405786E1,2.425500967740E0,
-5.501923743685E0));
#4134=LINE('4791',#4133,#4132);
#4135=DIRECTION('',(0.E0,6.097560975610E-1,-7.925891126474E-1));
#4136=VECTOR('',#4135,1.E-1);
#4137=CARTESIAN_POINT('',(-2.509779685769E1,2.504759879004E0,
-5.440948133929E0));
#4138=LINE('4792',#4137,#4136);
#4139=DIRECTION('',(0.E0,6.097560975610E-1,-7.925891126474E-1));
#4140=VECTOR('',#4139,1.E-1);
#4141=CARTESIAN_POINT('',(-2.502382279983E1,2.544024390244E0,
-5.410741088735E0));
#4142=LINE('4793',#4141,#4140);
#4143=DIRECTION('',(3.552713678800E-14,6.097560975610E-1,-7.925891126474E-1));
#4144=VECTOR('',#4143,1.E-1);
#4145=CARTESIAN_POINT('',(-2.494984874196E1,2.504759879004E0,
-5.440948133929E0));
#4146=LINE('4794',#4145,#4144);
#4147=DIRECTION('',(-1.E0,0.E0,0.E0));
#4148=VECTOR('',#4147,4.464925918501E-1);
#4149=CARTESIAN_POINT('',(-2.421941176471E1,1.6E0,-5.795E0));
#4150=LINE('5107',#4149,#4148);
#4151=DIRECTION('',(4.797812852134E-2,9.988483864850E-1,0.E0));
#4152=VECTOR('',#4151,1.151325882446E-1);
#4153=CARTESIAN_POINT('',(-2.466590435656E1,1.6E0,-5.795E0));
#4154=LINE('5219',#4153,#4152);
#4155=DIRECTION('',(0.E0,-1.E0,4.440892098501E-14));
#4156=VECTOR('',#4155,2.E-2);
#4157=CARTESIAN_POINT('',(-2.4385E1,1.715E0,-5.795E0));
#4158=LINE('4707',#4157,#4156);
#4159=DIRECTION('',(-1.E0,0.E0,0.E0));
#4160=VECTOR('',#4159,1.E-1);
#4161=CARTESIAN_POINT('',(-2.4215E1,1.625E0,-5.795E0));
#4162=LINE('4706',#4161,#4160);
#4163=DIRECTION('',(1.737853339093E-1,9.847835588179E-1,0.E0));
#4164=VECTOR('',#4163,2.538628897299E-2);
#4165=CARTESIAN_POINT('',(-2.421941176471E1,1.6E0,-5.795E0));
#4166=LINE('5221',#4165,#4164);
#4167=DIRECTION('',(0.E0,0.E0,1.E0));
#4168=VECTOR('',#4167,1.E-1);
#4169=CARTESIAN_POINT('',(-2.466590435656E1,1.6E0,-5.895E0));
#4170=LINE('5111',#4169,#4168);
#4171=DIRECTION('',(-1.E0,0.E0,0.E0));
#4172=VECTOR('',#4171,4.464925918501E-1);
#4173=CARTESIAN_POINT('',(-2.421941176471E1,1.6E0,-5.895E0));
#4174=LINE('5108',#4173,#4172);
#4175=DIRECTION('',(1.737853339093E-1,9.847835588179E-1,0.E0));
#4176=VECTOR('',#4175,2.538628897299E-2);
#4177=CARTESIAN_POINT('',(-2.421941176471E1,1.6E0,-5.895E0));
#4178=LINE('5222',#4177,#4176);
#4179=DIRECTION('',(-1.E0,0.E0,0.E0));
#4180=VECTOR('',#4179,1.E-1);
#4181=CARTESIAN_POINT('',(-2.4215E1,1.625E0,-5.895E0));
#4182=LINE('4708',#4181,#4180);
#4183=DIRECTION('',(0.E0,-1.E0,0.E0));
#4184=VECTOR('',#4183,2.E-2);
#4185=CARTESIAN_POINT('',(-2.4385E1,1.715E0,-5.895E0));
#4186=LINE('4709',#4185,#4184);
#4187=DIRECTION('',(4.797812852134E-2,9.988483864850E-1,0.E0));
#4188=VECTOR('',#4187,1.151325882446E-1);
#4189=CARTESIAN_POINT('',(-2.466590435656E1,1.6E0,-5.895E0));
#4190=LINE('5220',#4189,#4188);
#4191=DIRECTION('',(0.E0,0.E0,1.E0));
#4192=VECTOR('',#4191,1.E-1);
#4193=CARTESIAN_POINT('',(-2.421941176471E1,1.6E0,-5.895E0));
#4194=LINE('5112',#4193,#4192);
#4195=DIRECTION('',(0.E0,0.E0,-1.E0));
#4196=VECTOR('',#4195,1.E-1);
#4197=CARTESIAN_POINT('',(-2.4215E1,1.625E0,-5.795E0));
#4198=LINE('4699',#4197,#4196);
#4199=DIRECTION('',(0.E0,0.E0,-1.E0));
#4200=VECTOR('',#4199,1.E-1);
#4201=CARTESIAN_POINT('',(-2.4315E1,1.625E0,-5.795E0));
#4202=LINE('4704',#4201,#4200);
#4203=CARTESIAN_POINT('',(-2.4315E1,1.695E0,-5.795E0));
#4204=DIRECTION('',(0.E0,0.E0,-1.E0));
#4205=DIRECTION('',(0.E0,-1.E0,0.E0));
#4206=AXIS2_PLACEMENT_3D('',#4203,#4204,#4205);
#4208=DIRECTION('',(0.E0,0.E0,-1.E0));
#4209=VECTOR('',#4208,1.E-1);
#4210=CARTESIAN_POINT('',(-2.4385E1,1.695E0,-5.795E0));
#4211=LINE('4705',#4210,#4209);
#4212=CARTESIAN_POINT('',(-2.4315E1,1.695E0,-5.895E0));
#4213=DIRECTION('',(0.E0,0.E0,1.E0));
#4214=DIRECTION('',(-1.E0,0.E0,0.E0));
#4215=AXIS2_PLACEMENT_3D('',#4212,#4213,#4214);
#4217=DIRECTION('',(0.E0,0.E0,-1.E0));
#4218=VECTOR('',#4217,1.E-1);
#4219=CARTESIAN_POINT('',(-2.4385E1,1.715E0,-5.795E0));
#4220=LINE('4703',#4219,#4218);
#4221=CARTESIAN_POINT('',(-2.4385E1,1.715E0,-5.545E0));
#4222=DIRECTION('',(-1.E0,0.E0,0.E0));
#4223=DIRECTION('',(0.E0,2.435240152993E-1,-9.698948674844E-1));
#4224=AXIS2_PLACEMENT_3D('',#4221,#4222,#4223);
#4226=DIRECTION('',(0.E0,2.435240152993E-1,-9.698948674844E-1));
#4227=VECTOR('',#4226,1.E-1);
#4228=CARTESIAN_POINT('',(-2.4385E1,1.775881003825E0,-5.787473716871E0));
#4229=LINE('4702',#4228,#4227);
#4230=CARTESIAN_POINT('',(-2.4385E1,1.715E0,-5.545E0));
#4231=DIRECTION('',(-1.E0,0.E0,0.E0));
#4232=DIRECTION('',(0.E0,2.435240152993E-1,-9.698948674844E-1));
#4233=AXIS2_PLACEMENT_3D('',#4230,#4231,#4232);
#4235=DIRECTION('',(1.E0,0.E0,0.E0));
#4236=VECTOR('',#4235,2.753805104402E-1);
#4237=CARTESIAN_POINT('',(-2.466038051044E1,1.715E0,-5.795E0));
#4238=LINE('4688',#4237,#4236);
#4239=CARTESIAN_POINT('',(-2.465745618612E1,1.775881003825E0,
-5.787473716871E0));
#4240=CARTESIAN_POINT('',(-2.465777523674E1,1.769253787694E0,
-5.789137697511E0));
#4241=CARTESIAN_POINT('',(-2.465841730293E1,1.755862621147E0,
-5.791922015421E0));
#4242=CARTESIAN_POINT('',(-2.465939624670E1,1.735500353514E0,
-5.794439329304E0));
#4243=CARTESIAN_POINT('',(-2.466005153971E1,1.721833505309E0,-5.795E0));
#4244=CARTESIAN_POINT('',(-2.466038051044E1,1.715E0,-5.795E0));
#4246=DIRECTION('',(0.E0,0.E0,-1.E0));
#4247=VECTOR('',#4246,1.E-1);
#4248=CARTESIAN_POINT('',(-2.466038051044E1,1.715E0,-5.795E0));
#4249=LINE('4684',#4248,#4247);
#4250=CARTESIAN_POINT('',(-2.465745618612E1,1.800233405355E0,
-5.884463203620E0));
#4251=CARTESIAN_POINT('',(-2.465777523674E1,1.790955302771E0,
-5.886792776516E0));
#4252=CARTESIAN_POINT('',(-2.465841730293E1,1.772207669606E0,
-5.890690821589E0));
#4253=CARTESIAN_POINT('',(-2.465939624670E1,1.743700494919E0,
-5.894215061025E0));
#4254=CARTESIAN_POINT('',(-2.466005153971E1,1.724566907433E0,-5.895E0));
#4255=CARTESIAN_POINT('',(-2.466038051044E1,1.715E0,-5.895E0));
#4257=DIRECTION('',(1.E0,0.E0,0.E0));
#4258=VECTOR('',#4257,2.753805104402E-1);
#4259=CARTESIAN_POINT('',(-2.466038051044E1,1.715E0,-5.895E0));
#4260=LINE('4695',#4259,#4258);
#4261=DIRECTION('',(0.E0,9.698948674844E-1,2.435240152993E-1));
#4262=VECTOR('',#4261,3.693575503493E-1);
#4263=CARTESIAN_POINT('',(-2.4385E1,1.800233405355E0,-5.884463203620E0));
#4264=LINE('4693',#4263,#4262);
#4265=DIRECTION('',(4.653691713197E-2,9.688440550276E-1,2.432601742611E-1));
#4266=VECTOR('',#4265,3.697581571475E-1);
#4267=CARTESIAN_POINT('',(-2.465745618612E1,1.800233405355E0,
-5.884463203620E0));
#4268=LINE('4679',#4267,#4266);
#4269=DIRECTION('',(1.E0,0.E0,0.E0));
#4270=VECTOR('',#4269,2.724561861228E-1);
#4271=CARTESIAN_POINT('',(-2.465745618612E1,1.800233405355E0,
-5.884463203620E0));
#4272=LINE('4696',#4271,#4270);
#4273=DIRECTION('',(0.E0,2.435240152993E-1,-9.698948674844E-1));
#4274=VECTOR('',#4273,1.E-1);
#4275=CARTESIAN_POINT('',(-2.4385E1,2.134118996175E0,-5.697526283129E0));
#4276=LINE('4701',#4275,#4274);
#4277=DIRECTION('',(0.E0,9.698948674844E-1,2.435240152993E-1));
#4278=VECTOR('',#4277,3.693575503493E-1);
#4279=CARTESIAN_POINT('',(-2.4385E1,1.775881003825E0,-5.787473716871E0));
#4280=LINE('4686',#4279,#4278);
#4281=DIRECTION('',(1.E0,0.E0,0.E0));
#4282=VECTOR('',#4281,2.724561861228E-1);
#4283=CARTESIAN_POINT('',(-2.465745618612E1,1.775881003825E0,
-5.787473716871E0));
#4284=LINE('4689',#4283,#4282);
#4285=DIRECTION('',(4.653691713197E-2,9.688440550276E-1,2.432601742611E-1));
#4286=VECTOR('',#4285,3.697581571475E-1);
#4287=CARTESIAN_POINT('',(-2.465745618612E1,1.775881003825E0,
-5.787473716871E0));
#4288=LINE('4676',#4287,#4286);
#4289=DIRECTION('',(0.E0,2.435240152993E-1,-9.698948674844E-1));
#4290=VECTOR('',#4289,1.E-1);
#4291=CARTESIAN_POINT('',(-2.465745618612E1,1.775881003825E0,
-5.787473716871E0));
#4292=LINE('4683',#4291,#4290);
#4293=CARTESIAN_POINT('',(-2.464024878140E1,2.134118996175E0,
-5.697526283129E0));
#4294=CARTESIAN_POINT('',(-2.464001295577E1,2.138974771521E0,
-5.696307080977E0));
#4295=CARTESIAN_POINT('',(-2.463954064368E1,2.148762152570E0,
-5.694159566282E0));
#4296=CARTESIAN_POINT('',(-2.463882814457E1,2.163635351152E0,
-5.691823246123E0));
#4297=CARTESIAN_POINT('',(-2.463811282272E1,2.178595654692E0,
-5.690388152139E0));
#4298=CARTESIAN_POINT('',(-2.463739222531E1,2.193614786047E0,
-5.689852992039E0));
#4299=CARTESIAN_POINT('',(-2.463666872839E1,2.208665982156E0,
-5.690222728370E0));
#4300=CARTESIAN_POINT('',(-2.463594861751E1,2.223640569913E0,
-5.691494687977E0));
#4301=CARTESIAN_POINT('',(-2.463523427214E1,2.238511909690E0,
-5.693662514690E0));
#4302=CARTESIAN_POINT('',(-2.463452650535E1,2.253252179442E0,
-5.696726242700E0));
#4303=CARTESIAN_POINT('',(-2.463382992029E1,2.267754595503E0,
-5.700663575087E0));
#4304=CARTESIAN_POINT('',(-2.463314528E1,2.281993719572E0,-5.705463201659E0));
#4305=CARTESIAN_POINT('',(-2.463247478126E1,2.295942819498E0,
-5.711120216301E0));
#4306=CARTESIAN_POINT('',(-2.463182419605E1,2.309501392458E0,
-5.717593694272E0));
#4307=CARTESIAN_POINT('',(-2.463119562941E1,2.322647092654E0,
-5.724868382894E0));
#4308=CARTESIAN_POINT('',(-2.463058695397E1,2.335353717974E0,
-5.732934217053E0));
#4309=CARTESIAN_POINT('',(-2.463019506817E1,2.343472383598E0,
-5.738801098530E0));
#4310=CARTESIAN_POINT('',(-2.463000228567E1,2.347439024390E0,
-5.741852721838E0));
#4312=DIRECTION('',(0.E0,2.435240152993E-1,-9.698948674844E-1));
#4313=VECTOR('',#4312,1.E-1);
#4314=CARTESIAN_POINT('',(-2.464024878140E1,2.134118996175E0,
-5.697526283129E0));
#4315=LINE('4682',#4314,#4313);
#4316=CARTESIAN_POINT('',(-2.464024878140E1,2.158471397705E0,
-5.794515769877E0));
#4317=CARTESIAN_POINT('',(-2.463997656747E1,2.161834415540E0,
-5.793671373609E0));
#4318=CARTESIAN_POINT('',(-2.463943133427E1,2.168619853768E0,
-5.792215358182E0));
#4319=CARTESIAN_POINT('',(-2.463860814491E1,2.178943261596E0,
-5.790740809256E0));
#4320=CARTESIAN_POINT('',(-2.463778082340E1,2.189314847914E0,
-5.789987452477E0));
#4321=CARTESIAN_POINT('',(-2.463694614044E1,2.199738312071E0,
-5.789954066094E0));
#4322=CARTESIAN_POINT('',(-2.463611298575E1,2.210132537056E0,
-5.790644503632E0));
#4323=CARTESIAN_POINT('',(-2.463528771164E1,2.220438967823E0,
-5.792050607459E0));
#4324=CARTESIAN_POINT('',(-2.463447068903E1,2.230649149660E0,
-5.794173758208E0));
#4325=CARTESIAN_POINT('',(-2.463366919652E1,2.240659313870E0,
-5.796992100362E0));
#4326=CARTESIAN_POINT('',(-2.463288350740E1,2.250462735432E0,
-5.800500617225E0));
#4327=CARTESIAN_POINT('',(-2.463211953806E1,2.260002790209E0,
-5.804683079985E0));
#4328=CARTESIAN_POINT('',(-2.463138525325E1,2.269207393874E0,
-5.809503547007E0));
#4329=CARTESIAN_POINT('',(-2.463067779778E1,2.278080002521E0,
-5.814964579653E0));
#4330=CARTESIAN_POINT('',(-2.463022466989E1,2.283717983925E0,
-5.818999513357E0));
#4331=CARTESIAN_POINT('',(-2.463000228567E1,2.286463414634E0,
-5.821111633103E0));
#4333=DIRECTION('',(1.E0,0.E0,0.E0));
#4334=VECTOR('',#4333,2.552487814047E-1);
#4335=CARTESIAN_POINT('',(-2.464024878140E1,2.134118996175E0,
-5.697526283129E0));
#4336=LINE('4690',#4335,#4334);
#4337=CARTESIAN_POINT('',(-2.4385E1,2.195E0,-5.94E0));
#4338=DIRECTION('',(-1.E0,0.E0,0.E0));
#4339=DIRECTION('',(0.E0,-2.435240152993E-1,9.698948674844E-1));
#4340=AXIS2_PLACEMENT_3D('',#4337,#4338,#4339);
#4342=DIRECTION('',(0.E0,-6.097560975610E-1,-7.925891126474E-1));
#4343=VECTOR('',#4342,1.E-1);
#4344=CARTESIAN_POINT('',(-2.4385E1,2.347439024390E0,-5.741852721838E0));
#4345=LINE('4700',#4344,#4343);
#4346=CARTESIAN_POINT('',(-2.4385E1,2.195E0,-5.94E0));
#4347=DIRECTION('',(-1.E0,0.E0,0.E0));
#4348=DIRECTION('',(0.E0,-2.435240152993E-1,9.698948674844E-1));
#4349=AXIS2_PLACEMENT_3D('',#4346,#4347,#4348);
#4351=DIRECTION('',(0.E0,-6.097560975610E-1,-7.925891126474E-1));
#4352=VECTOR('',#4351,1.E-1);
#4353=CARTESIAN_POINT('',(-2.4385E1,2.462333959723E0,-5.830243902439E0));
#4354=LINE('4729',#4353,#4352);
#4355=DIRECTION('',(0.E0,-6.097560975610E-1,-7.925891126474E-1));
#4356=VECTOR('',#4355,1.E-1);
#4357=CARTESIAN_POINT('',(-2.439065604590E1,2.485751936779E0,
-5.848259863136E0));
#4358=LINE('4734',#4357,#4356);
#4359=CARTESIAN_POINT('',(-2.454454139862E1,2.459921748017E0,
-5.828388135342E0));
#4360=DIRECTION('',(1.387778780781E-14,6.097560975610E-1,7.925891126474E-1));
#4361=DIRECTION('',(-9.328388682923E-1,2.855649690657E-1,-2.196913613360E-1));
#4362=AXIS2_PLACEMENT_3D('',#4359,#4360,#4361);
#4364=DIRECTION('',(-3.602938325911E-1,-7.393579308628E-1,5.688041879831E-1));
#4365=VECTOR('',#4364,1.104622261590E-1);
#4366=CARTESIAN_POINT('',(-2.457936964926E1,2.564438068513E0,
-5.908794821102E0));
#4367=LINE('4717',#4366,#4365);
#4368=CARTESIAN_POINT('',(-2.450474253980E1,2.541592870988E0,
-5.891219512195E0));
#4369=DIRECTION('',(0.E0,6.097560975610E-1,7.925891126474E-1));
#4370=DIRECTION('',(-4.611049320147E-8,7.925891126474E-1,-6.097560975610E-1));
#4371=AXIS2_PLACEMENT_3D('',#4368,#4369,#4370);
#4373=CARTESIAN_POINT('',(-2.450474253980E1,2.541592870988E0,
-5.891219512195E0));
#4374=DIRECTION('',(-1.110223024625E-14,6.097560975610E-1,7.925891126474E-1));
#4375=DIRECTION('',(9.292994262121E-1,2.927247131986E-1,-2.251995087132E-1));
#4376=AXIS2_PLACEMENT_3D('',#4373,#4374,#4375);
#4378=DIRECTION('',(-3.693271942896E-1,7.365526076052E-1,-5.666459915928E-1));
#4379=VECTOR('',#4378,1.076079433381E-1);
#4380=CARTESIAN_POINT('',(-2.439065604590E1,2.485751936779E0,
-5.848259863136E0));
#4381=LINE('4714',#4380,#4379);
#4382=CARTESIAN_POINT('',(-2.4465E1,2.462333959723E0,-5.830243902439E0));
#4383=DIRECTION('',(0.E0,6.097560975610E-1,7.925891126474E-1));
#4384=DIRECTION('',(1.E0,1.665334536938E-14,-1.110223024625E-14));
#4385=AXIS2_PLACEMENT_3D('',#4382,#4383,#4384);
#4387=DIRECTION('',(0.E0,7.925891126474E-1,-6.097560975610E-1));
#4388=VECTOR('',#4387,1.449615361854E-1);
#4389=CARTESIAN_POINT('',(-2.4385E1,2.347439024390E0,-5.741852721838E0));
#4390=LINE('4719',#4389,#4388);
#4391=DIRECTION('',(1.E0,0.E0,0.E0));
#4392=VECTOR('',#4391,2.450022856719E-1);
#4393=CARTESIAN_POINT('',(-2.463000228567E1,2.347439024390E0,
-5.741852721838E0));
#4394=LINE('4691',#4393,#4392);
#4395=DIRECTION('',(3.804322549032E-2,7.920153530117E-1,-6.093146917546E-1));
#4396=VECTOR('',#4395,1.450665506626E-1);
#4397=CARTESIAN_POINT('',(-2.463000228567E1,2.347439024390E0,
-5.741852721838E0));
#4398=LINE('4718',#4397,#4396);
#4399=DIRECTION('',(0.E0,-6.097560975610E-1,-7.925891126474E-1));
#4400=VECTOR('',#4399,1.E-1);
#4401=CARTESIAN_POINT('',(-2.462448348617E1,2.462333959723E0,
-5.830243902439E0));
#4402=LINE('4728',#4401,#4400);
#4403=DIRECTION('',(0.E0,-6.097560975610E-1,-7.925891126474E-1));
#4404=VECTOR('',#4403,1.E-1);
#4405=CARTESIAN_POINT('',(-2.463000228567E1,2.347439024390E0,
-5.741852721838E0));
#4406=LINE('4681',#4405,#4404);
#4407=CARTESIAN_POINT('',(-2.454454139862E1,2.398946138261E0,
-5.907647046607E0));
#4408=DIRECTION('',(1.387778780781E-14,6.097560975610E-1,7.925891126474E-1));
#4409=DIRECTION('',(-9.328388682923E-1,2.855649690657E-1,-2.196913613360E-1));
#4410=AXIS2_PLACEMENT_3D('',#4407,#4408,#4409);
#4412=DIRECTION('',(3.804322549030E-2,7.920153530117E-1,-6.093146917546E-1));
#4413=VECTOR('',#4412,1.450665506626E-1);
#4414=CARTESIAN_POINT('',(-2.463000228567E1,2.286463414634E0,
-5.821111633103E0));
#4415=LINE('4726',#4414,#4413);
#4416=DIRECTION('',(1.E0,0.E0,0.E0));
#4417=VECTOR('',#4416,2.450022856719E-1);
#4418=CARTESIAN_POINT('',(-2.463000228567E1,2.286463414634E0,
-5.821111633103E0));
#4419=LINE('4698',#4418,#4417);
#4420=DIRECTION('',(0.E0,7.925891126474E-1,-6.097560975610E-1));
#4421=VECTOR('',#4420,1.449615361854E-1);
#4422=CARTESIAN_POINT('',(-2.4385E1,2.286463414634E0,-5.821111633103E0));
#4423=LINE('4727',#4422,#4421);
#4424=CARTESIAN_POINT('',(-2.4465E1,2.401358349967E0,-5.909502813704E0));
#4425=DIRECTION('',(0.E0,6.097560975610E-1,7.925891126474E-1));
#4426=DIRECTION('',(1.E0,1.110223024625E-14,-1.110223024625E-14));
#4427=AXIS2_PLACEMENT_3D('',#4424,#4425,#4426);
#4429=DIRECTION('',(-3.693271942896E-1,7.365526076052E-1,-5.666459915928E-1));
#4430=VECTOR('',#4429,1.076079433381E-1);
#4431=CARTESIAN_POINT('',(-2.439065604590E1,2.424776327023E0,
-5.927518774401E0));
#4432=LINE('4722',#4431,#4430);
#4433=CARTESIAN_POINT('',(-2.450474253980E1,2.480617261232E0,
-5.970478423460E0));
#4434=DIRECTION('',(-1.110223024625E-14,6.097560975610E-1,7.925891126474E-1));
#4435=DIRECTION('',(9.292994262121E-1,2.927247131986E-1,-2.251995087132E-1));
#4436=AXIS2_PLACEMENT_3D('',#4433,#4434,#4435);
#4438=CARTESIAN_POINT('',(-2.450474253980E1,2.480617261232E0,
-5.970478423460E0));
#4439=DIRECTION('',(0.E0,6.097560975610E-1,7.925891126474E-1));
#4440=DIRECTION('',(-4.611049320147E-8,7.925891126474E-1,-6.097560975610E-1));
#4441=AXIS2_PLACEMENT_3D('',#4438,#4439,#4440);
#4443=DIRECTION('',(-3.602938325911E-1,-7.393579308628E-1,5.688041879831E-1));
#4444=VECTOR('',#4443,1.104622261590E-1);
#4445=CARTESIAN_POINT('',(-2.457936964926E1,2.503462458757E0,
-5.988053732367E0));
#4446=LINE('4725',#4445,#4444);
#4447=DIRECTION('',(1.E0,0.E0,0.E0));
#4448=VECTOR('',#4447,2.552487814047E-1);
#4449=CARTESIAN_POINT('',(-2.464024878140E1,2.158471397705E0,
-5.794515769877E0));
#4450=LINE('4697',#4449,#4448);
#4451=DIRECTION('',(0.E0,-6.097560975610E-1,-7.925891126474E-1));
#4452=VECTOR('',#4451,1.E-1);
#4453=CARTESIAN_POINT('',(-2.443039858570E1,2.565010848044E0,
-5.909235472892E0));
#4454=LINE('4733',#4453,#4452);
#4455=DIRECTION('',(0.E0,-6.097560975610E-1,-7.925891126474E-1));
#4456=VECTOR('',#4455,1.E-1);
#4457=CARTESIAN_POINT('',(-2.450474254349E1,2.605E0,-5.94E0));
#4458=LINE('4732',#4457,#4456);
#4459=DIRECTION('',(3.552713678800E-14,-6.097560975610E-1,-7.925891126474E-1));
#4460=VECTOR('',#4459,1.E-1);
#4461=CARTESIAN_POINT('',(-2.457936964926E1,2.564438068513E0,
-5.908794821102E0));
#4462=LINE('4731',#4461,#4460);
#4463=DIRECTION('',(0.E0,-6.097560975610E-1,-7.925891126474E-1));
#4464=VECTOR('',#4463,1.E-1);
#4465=CARTESIAN_POINT('',(-2.461916850808E1,2.482766945542E0,
-5.845963444249E0));
#4466=LINE('4730',#4465,#4464);
#4467=DIRECTION('',(1.E0,0.E0,0.E0));
#4468=VECTOR('',#4467,4.464925918501E-1);
#4469=CARTESIAN_POINT('',(-2.531058823529E1,1.6E0,5.795E0));
#4470=LINE('5101',#4469,#4468);
#4471=DIRECTION('',(-4.797812852137E-2,9.988483864849E-1,0.E0));
#4472=VECTOR('',#4471,1.151325882446E-1);
#4473=CARTESIAN_POINT('',(-2.486409564344E1,1.6E0,5.795E0));
#4474=LINE('5216',#4473,#4472);
#4475=DIRECTION('',(1.776356839400E-13,-1.E0,-4.440892098501E-14));
#4476=VECTOR('',#4475,2.E-2);
#4477=CARTESIAN_POINT('',(-2.5145E1,1.715E0,5.795E0));
#4478=LINE('4648',#4477,#4476);
#4479=DIRECTION('',(1.E0,0.E0,0.E0));
#4480=VECTOR('',#4479,1.E-1);
#4481=CARTESIAN_POINT('',(-2.5315E1,1.625E0,5.795E0));
#4482=LINE('4649',#4481,#4480);
#4483=DIRECTION('',(-1.737853339093E-1,9.847835588179E-1,0.E0));
#4484=VECTOR('',#4483,2.538628897299E-2);
#4485=CARTESIAN_POINT('',(-2.531058823529E1,1.6E0,5.795E0));
#4486=LINE('5218',#4485,#4484);
#4487=DIRECTION('',(0.E0,0.E0,1.E0));
#4488=VECTOR('',#4487,1.E-1);
#4489=CARTESIAN_POINT('',(-2.486409564344E1,1.6E0,5.795E0));
#4490=LINE('5105',#4489,#4488);
#4491=DIRECTION('',(0.E0,0.E0,-1.E0));
#4492=VECTOR('',#4491,1.E-1);
#4493=CARTESIAN_POINT('',(-2.486961948956E1,1.715E0,5.895E0));
#4494=LINE('4624',#4493,#4492);
#4495=DIRECTION('',(1.E0,0.E0,0.E0));
#4496=VECTOR('',#4495,4.464925918501E-1);
#4497=CARTESIAN_POINT('',(-2.531058823529E1,1.6E0,5.895E0));
#4498=LINE('5102',#4497,#4496);
#4499=DIRECTION('',(-1.737853339093E-1,9.847835588179E-1,-3.498654020070E-14));
#4500=VECTOR('',#4499,2.538628897299E-2);
#4501=CARTESIAN_POINT('',(-2.531058823529E1,1.6E0,5.895E0));
#4502=LINE('5217',#4501,#4500);
#4503=DIRECTION('',(1.E0,0.E0,0.E0));
#4504=VECTOR('',#4503,1.E-1);
#4505=CARTESIAN_POINT('',(-2.5315E1,1.625E0,5.895E0));
#4506=LINE('4647',#4505,#4504);
#4507=DIRECTION('',(1.776356839400E-13,-1.E0,0.E0));
#4508=VECTOR('',#4507,2.E-2);
#4509=CARTESIAN_POINT('',(-2.5145E1,1.715E0,5.895E0));
#4510=LINE('4646',#4509,#4508);
#4511=DIRECTION('',(-4.797812852137E-2,9.988483864849E-1,0.E0));
#4512=VECTOR('',#4511,1.151325882446E-1);
#4513=CARTESIAN_POINT('',(-2.486409564344E1,1.6E0,5.895E0));
#4514=LINE('5215',#4513,#4512);
#4515=DIRECTION('',(0.E0,0.E0,1.E0));
#4516=VECTOR('',#4515,1.E-1);
#4517=CARTESIAN_POINT('',(-2.531058823529E1,1.6E0,5.795E0));
#4518=LINE('5106',#4517,#4516);
#4519=DIRECTION('',(0.E0,0.E0,-1.E0));
#4520=VECTOR('',#4519,1.E-1);
#4521=CARTESIAN_POINT('',(-2.5315E1,1.625E0,5.895E0));
#4522=LINE('4639',#4521,#4520);
#4523=DIRECTION('',(0.E0,0.E0,-1.E0));
#4524=VECTOR('',#4523,1.E-1);
#4525=CARTESIAN_POINT('',(-2.5145E1,1.695E0,5.895E0));
#4526=LINE('4644',#4525,#4524);
#4527=CARTESIAN_POINT('',(-2.5215E1,1.695E0,5.895E0));
#4528=DIRECTION('',(0.E0,0.E0,-1.E0));
#4529=DIRECTION('',(1.E0,0.E0,0.E0));
#4530=AXIS2_PLACEMENT_3D('',#4527,#4528,#4529);
#4532=DIRECTION('',(0.E0,0.E0,-1.E0));
#4533=VECTOR('',#4532,1.E-1);
#4534=CARTESIAN_POINT('',(-2.5215E1,1.625E0,5.895E0));
#4535=LINE('4645',#4534,#4533);
#4536=CARTESIAN_POINT('',(-2.5215E1,1.695E0,5.795E0));
#4537=DIRECTION('',(0.E0,0.E0,1.E0));
#4538=DIRECTION('',(0.E0,-1.E0,0.E0));
#4539=AXIS2_PLACEMENT_3D('',#4536,#4537,#4538);
#4541=CARTESIAN_POINT('',(-2.5145E1,1.715E0,5.545E0));
#4542=DIRECTION('',(1.E0,0.E0,0.E0));
#4543=DIRECTION('',(0.E0,2.435240152993E-1,9.698948674844E-1));
#4544=AXIS2_PLACEMENT_3D('',#4541,#4542,#4543);
#4546=DIRECTION('',(0.E0,0.E0,-1.E0));
#4547=VECTOR('',#4546,1.E-1);
#4548=CARTESIAN_POINT('',(-2.5145E1,1.715E0,5.895E0));
#4549=LINE('4643',#4548,#4547);
#4550=CARTESIAN_POINT('',(-2.5145E1,1.715E0,5.545E0));
#4551=DIRECTION('',(1.E0,0.E0,0.E0));
#4552=DIRECTION('',(0.E0,2.435240152993E-1,9.698948674844E-1));
#4553=AXIS2_PLACEMENT_3D('',#4550,#4551,#4552);
#4555=DIRECTION('',(-1.E0,0.E0,0.E0));
#4556=VECTOR('',#4555,2.753805104402E-1);
#4557=CARTESIAN_POINT('',(-2.486961948956E1,1.715E0,5.895E0));
#4558=LINE('4628',#4557,#4556);
#4559=DIRECTION('',(0.E0,9.698948674844E-1,-2.435240152993E-1));
#4560=VECTOR('',#4559,3.693575503493E-1);
#4561=CARTESIAN_POINT('',(-2.5145E1,1.800233405355E0,5.884463203620E0));
#4562=LINE('4626',#4561,#4560);
#4563=DIRECTION('',(-4.653691713195E-2,9.688440550276E-1,-2.432601742611E-1));
#4564=VECTOR('',#4563,3.697581571475E-1);
#4565=CARTESIAN_POINT('',(-2.487371354360E1,1.800233405355E0,5.884463203620E0));
#4566=LINE('4616',#4565,#4564);
#4567=DIRECTION('',(-1.E0,0.E0,0.E0));
#4568=VECTOR('',#4567,2.712864563958E-1);
#4569=CARTESIAN_POINT('',(-2.487371354360E1,1.800233405355E0,5.884463203620E0));
#4570=LINE('4629',#4569,#4568);
#4571=DIRECTION('',(0.E0,-2.435240152993E-1,-9.698948674844E-1));
#4572=VECTOR('',#4571,1.E-1);
#4573=CARTESIAN_POINT('',(-2.5145E1,1.800233405355E0,5.884463203620E0));
#4574=LINE('4642',#4573,#4572);
#4575=DIRECTION('',(0.E0,9.698948674844E-1,-2.435240152993E-1));
#4576=VECTOR('',#4575,3.693575503493E-1);
#4577=CARTESIAN_POINT('',(-2.5145E1,1.775881003825E0,5.787473716871E0));
#4578=LINE('4633',#4577,#4576);
#4579=DIRECTION('',(-1.E0,0.E0,0.E0));
#4580=VECTOR('',#4579,2.712864563958E-1);
#4581=CARTESIAN_POINT('',(-2.487371354360E1,1.775881003825E0,5.787473716871E0));
#4582=LINE('4636',#4581,#4580);
#4583=DIRECTION('',(-4.653691713195E-2,9.688440550276E-1,-2.432601742611E-1));
#4584=VECTOR('',#4583,3.697581571475E-1);
#4585=CARTESIAN_POINT('',(-2.487371354360E1,1.775881003825E0,5.787473716871E0));
#4586=LINE('4619',#4585,#4584);
#4587=DIRECTION('',(-1.E0,0.E0,0.E0));
#4588=VECTOR('',#4587,2.753805104402E-1);
#4589=CARTESIAN_POINT('',(-2.486961948956E1,1.715E0,5.795E0));
#4590=LINE('4635',#4589,#4588);
#4591=CARTESIAN_POINT('',(-2.487371354360E1,1.800233405355E0,5.884463203620E0));
#4592=CARTESIAN_POINT('',(-2.487326687275E1,1.790955302771E0,5.886792776516E0));
#4593=CARTESIAN_POINT('',(-2.487236798008E1,1.772207669606E0,5.890690821589E0));
#4594=CARTESIAN_POINT('',(-2.487099745880E1,1.743700494919E0,5.894215061025E0));
#4595=CARTESIAN_POINT('',(-2.487008004858E1,1.724566907433E0,5.895E0));
#4596=CARTESIAN_POINT('',(-2.486961948956E1,1.715E0,5.895E0));
#4598=DIRECTION('',(0.E0,-2.435240152993E-1,-9.698948674844E-1));
#4599=VECTOR('',#4598,1.E-1);
#4600=CARTESIAN_POINT('',(-2.487371354360E1,1.800233405355E0,5.884463203620E0));
#4601=LINE('4623',#4600,#4599);
#4602=CARTESIAN_POINT('',(-2.487371354360E1,1.775881003825E0,5.787473716871E0));
#4603=CARTESIAN_POINT('',(-2.487326687275E1,1.769253787694E0,5.789137697511E0));
#4604=CARTESIAN_POINT('',(-2.487236798008E1,1.755862621147E0,5.791922015421E0));
#4605=CARTESIAN_POINT('',(-2.487099745880E1,1.735500353514E0,5.794439329304E0));
#4606=CARTESIAN_POINT('',(-2.487008004858E1,1.721833505309E0,5.795E0));
#4607=CARTESIAN_POINT('',(-2.486961948956E1,1.715E0,5.795E0));
#4609=DIRECTION('',(0.E0,-2.435240152993E-1,-9.698948674844E-1));
#4610=VECTOR('',#4609,1.E-1);
#4611=CARTESIAN_POINT('',(-2.489092094832E1,2.158471397705E0,5.794515769877E0));
#4612=LINE('4622',#4611,#4610);
#4613=CARTESIAN_POINT('',(-2.489092094832E1,2.158471397705E0,5.794515769877E0));
#4614=CARTESIAN_POINT('',(-2.489108424495E1,2.161833762196E0,5.793671537653E0));
#4615=CARTESIAN_POINT('',(-2.489141131701E1,2.168617783982E0,5.792215781425E0));
#4616=CARTESIAN_POINT('',(-2.489190511742E1,2.178938806812E0,5.790741344928E0));
#4617=CARTESIAN_POINT('',(-2.489240139485E1,2.189308003095E0,5.789987763745E0));
#4618=CARTESIAN_POINT('',(-2.489290210446E1,2.199729401058E0,5.789953829309E0));
#4619=CARTESIAN_POINT('',(-2.489340190765E1,2.210121763583E0,5.790643459482E0));
#4620=CARTESIAN_POINT('',(-2.489389698019E1,2.220426264451E0,5.792048468138E0));
#4621=CARTESIAN_POINT('',(-2.489438713373E1,2.230635195120E0,5.794170371763E0));
#4622=CARTESIAN_POINT('',(-2.489486802344E1,2.240645256785E0,5.796987605002E0));
#4623=CARTESIAN_POINT('',(-2.489533950385E1,2.250450071594E0,5.800495537049E0));
#4624=CARTESIAN_POINT('',(-2.489579800789E1,2.259992649686E0,5.804678139175E0));
#4625=CARTESIAN_POINT('',(-2.489623872418E1,2.269200254391E0,5.809499397341E0));
#4626=CARTESIAN_POINT('',(-2.489666336096E1,2.278076310823E0,5.814962013545E0));
#4627=CARTESIAN_POINT('',(-2.489693535436E1,2.283716731470E0,5.818998549816E0));
#4628=CARTESIAN_POINT('',(-2.489706884576E1,2.286463414634E0,5.821111633103E0));
#4630=DIRECTION('',(0.E0,6.097560975610E-1,-7.925891126474E-1));
#4631=VECTOR('',#4630,1.E-1);
#4632=CARTESIAN_POINT('',(-2.489706884576E1,2.286463414634E0,5.821111633103E0));
#4633=LINE('4621',#4632,#4631);
#4634=CARTESIAN_POINT('',(-2.489092094832E1,2.134118996175E0,5.697526283129E0));
#4635=CARTESIAN_POINT('',(-2.489106243381E1,2.138974431865E0,5.696307166259E0));
#4636=CARTESIAN_POINT('',(-2.48913458E1,2.148761081637E0,5.694159791784E0));
#4637=CARTESIAN_POINT('',(-2.489177326448E1,2.163633052721E0,5.691823561936E0));
#4638=CARTESIAN_POINT('',(-2.489220242147E1,2.178592100715E0,5.690388410100E0));
#4639=CARTESIAN_POINT('',(-2.489263474590E1,2.193610064387E0,5.689853040152E0));
#4640=CARTESIAN_POINT('',(-2.489306881423E1,2.208660232637E0,5.690222433818E0));
#4641=CARTESIAN_POINT('',(-2.489350085278E1,2.223633847596E0,5.691493934679E0));
#4642=CARTESIAN_POINT('',(-2.489392943183E1,2.238504202458E0,5.693661173055E0));
#4643=CARTESIAN_POINT('',(-2.489435407336E1,2.253243828149E0,5.696724254416E0));
#4644=CARTESIAN_POINT('',(-2.489477202031E1,2.267746110321E0,5.700660995527E0));
#4645=CARTESIAN_POINT('',(-2.489518281904E1,2.281985743686E0,5.705460228519E0));
#4646=CARTESIAN_POINT('',(-2.489558515052E1,2.295935953854E0,5.711117160930E0));
#4647=CARTESIAN_POINT('',(-2.489597554453E1,2.309495996002E0,5.717590881110E0));
#4648=CARTESIAN_POINT('',(-2.489635273142E1,2.322643324660E0,5.724866103876E0));
#4649=CARTESIAN_POINT('',(-2.489671798904E1,2.335351788786E0,5.732932856524E0));
#4650=CARTESIAN_POINT('',(-2.489695315724E1,2.343471731089E0,5.738800596540E0));
#4651=CARTESIAN_POINT('',(-2.489706884576E1,2.347439024390E0,5.741852721838E0));
#4653=DIRECTION('',(-1.E0,0.E0,0.E0));
#4654=VECTOR('',#4653,2.540790516778E-1);
#4655=CARTESIAN_POINT('',(-2.489092094832E1,2.158471397705E0,5.794515769877E0));
#4656=LINE('4630',#4655,#4654);
#4657=CARTESIAN_POINT('',(-2.5145E1,2.195E0,5.94E0));
#4658=DIRECTION('',(1.E0,0.E0,0.E0));
#4659=DIRECTION('',(0.E0,-2.435240152993E-1,-9.698948674844E-1));
#4660=AXIS2_PLACEMENT_3D('',#4657,#4658,#4659);
#4662=DIRECTION('',(0.E0,-2.435240152993E-1,-9.698948674844E-1));
#4663=VECTOR('',#4662,1.E-1);
#4664=CARTESIAN_POINT('',(-2.5145E1,2.158471397705E0,5.794515769877E0));
#4665=LINE('4641',#4664,#4663);
#4666=CARTESIAN_POINT('',(-2.5145E1,2.195E0,5.94E0));
#4667=DIRECTION('',(1.E0,0.E0,0.E0));
#4668=DIRECTION('',(0.E0,-2.435240152993E-1,-9.698948674844E-1));
#4669=AXIS2_PLACEMENT_3D('',#4666,#4667,#4668);
#4671=DIRECTION('',(-1.E0,0.E0,0.E0));
#4672=VECTOR('',#4671,2.540790516778E-1);
#4673=CARTESIAN_POINT('',(-2.489092094832E1,2.134118996175E0,5.697526283129E0));
#4674=LINE('4637',#4673,#4672);
#4675=CARTESIAN_POINT('',(-2.498264559966E1,2.462333959723E0,5.830243902439E0));
#4676=DIRECTION('',(1.110223024625E-14,6.097560975610E-1,-7.925891126474E-1));
#4677=DIRECTION('',(9.246757232844E-1,3.017827221537E-1,2.321680326356E-1));
#4678=AXIS2_PLACEMENT_3D('',#4675,#4676,#4677);
#4680=DIRECTION('',(3.807555735225E-1,-7.328879110046E-1,-5.638266605393E-1));
#4681=VECTOR('',#4680,1.081460207961E-1);
#4682=CARTESIAN_POINT('',(-2.494984874196E1,2.565735488761E0,5.909792954806E0));
#4683=LINE('4665',#4682,#4681);
#4684=CARTESIAN_POINT('',(-2.502382279983E1,2.541592870988E0,5.891219512195E0));
#4685=DIRECTION('',(0.E0,6.097560975610E-1,-7.925891126474E-1));
#4686=DIRECTION('',(4.440892098501E-14,7.925891126474E-1,6.097560975610E-1));
#4687=AXIS2_PLACEMENT_3D('',#4684,#4685,#4686);
#4689=CARTESIAN_POINT('',(-2.502382279983E1,2.541592870988E0,5.891219512195E0));
#4690=DIRECTION('',(0.E0,6.097560975610E-1,-7.925891126474E-1));
#4691=DIRECTION('',(-9.246757232844E-1,3.017827221537E-1,2.321680326356E-1));
#4692=AXIS2_PLACEMENT_3D('',#4689,#4690,#4691);
#4694=DIRECTION('',(3.807555735224E-1,7.328879110046E-1,5.638266605393E-1));
#4695=VECTOR('',#4694,1.081460207961E-1);
#4696=CARTESIAN_POINT('',(-2.513897405786E1,2.486476577496E0,5.848817345050E0));
#4697=LINE('4662',#4696,#4695);
#4698=CARTESIAN_POINT('',(-2.5065E1,2.462333959723E0,5.830243902439E0));
#4699=DIRECTION('',(0.E0,6.097560975610E-1,-7.925891126474E-1));
#4700=DIRECTION('',(-1.E0,1.110223024625E-14,1.110223024625E-14));
#4701=AXIS2_PLACEMENT_3D('',#4698,#4699,#4700);
#4703=DIRECTION('',(2.450797482068E-14,7.925891126474E-1,6.097560975610E-1));
#4704=VECTOR('',#4703,1.449615361854E-1);
#4705=CARTESIAN_POINT('',(-2.5145E1,2.347439024390E0,5.741852721838E0));
#4706=LINE('4667',#4705,#4704);
#4707=DIRECTION('',(-1.E0,0.E0,0.E0));
#4708=VECTOR('',#4707,2.479311542381E-1);
#4709=CARTESIAN_POINT('',(-2.489706884576E1,2.347439024390E0,5.741852721838E0));
#4710=LINE('4638',#4709,#4708);
#4711=DIRECTION('',(-3.804322549027E-2,7.920153530117E-1,6.093146917546E-1));
#4712=VECTOR('',#4711,1.481122134739E-1);
#4713=CARTESIAN_POINT('',(-2.489706884576E1,2.347439024390E0,5.741852721838E0));
#4714=LINE('4666',#4713,#4712);
#4715=DIRECTION('',(7.105427357601E-14,6.097560975610E-1,-7.925891126474E-1));
#4716=VECTOR('',#4715,1.E-1);
#4717=CARTESIAN_POINT('',(-2.490867154179E1,2.425500967740E0,5.928076256315E0));
#4718=LINE('4670',#4717,#4716);
#4719=CARTESIAN_POINT('',(-2.498264559966E1,2.401358349967E0,5.909502813704E0));
#4720=DIRECTION('',(1.110223024625E-14,6.097560975610E-1,-7.925891126474E-1));
#4721=DIRECTION('',(9.246757232844E-1,3.017827221537E-1,2.321680326356E-1));
#4722=AXIS2_PLACEMENT_3D('',#4719,#4720,#4721);
#4724=DIRECTION('',(-3.804322549027E-2,7.920153530117E-1,6.093146917546E-1));
#4725=VECTOR('',#4724,1.481122134739E-1);
#4726=CARTESIAN_POINT('',(-2.489706884576E1,2.286463414634E0,5.821111633103E0));
#4727=LINE('4658',#4726,#4725);
#4728=DIRECTION('',(-1.E0,0.E0,0.E0));
#4729=VECTOR('',#4728,2.479311542381E-1);
#4730=CARTESIAN_POINT('',(-2.489706884576E1,2.286463414634E0,5.821111633103E0));
#4731=LINE('4631',#4730,#4729);
#4732=DIRECTION('',(2.450797482068E-14,7.925891126474E-1,6.097560975610E-1));
#4733=VECTOR('',#4732,1.449615361854E-1);
#4734=CARTESIAN_POINT('',(-2.5145E1,2.286463414634E0,5.821111633103E0));
#4735=LINE('4659',#4734,#4733);
#4736=CARTESIAN_POINT('',(-2.5065E1,2.401358349967E0,5.909502813704E0));
#4737=DIRECTION('',(0.E0,6.097560975610E-1,-7.925891126474E-1));
#4738=DIRECTION('',(-1.E0,1.110223024625E-14,1.110223024625E-14));
#4739=AXIS2_PLACEMENT_3D('',#4736,#4737,#4738);
#4741=DIRECTION('',(3.807555735224E-1,7.328879110046E-1,5.638266605393E-1));
#4742=VECTOR('',#4741,1.081460207961E-1);
#4743=CARTESIAN_POINT('',(-2.513897405786E1,2.425500967740E0,5.928076256315E0));
#4744=LINE('4654',#4743,#4742);
#4745=CARTESIAN_POINT('',(-2.502382279983E1,2.480617261232E0,5.970478423460E0));
#4746=DIRECTION('',(0.E0,6.097560975610E-1,-7.925891126474E-1));
#4747=DIRECTION('',(-9.246757232844E-1,3.017827221537E-1,2.321680326356E-1));
#4748=AXIS2_PLACEMENT_3D('',#4745,#4746,#4747);
#4750=CARTESIAN_POINT('',(-2.502382279983E1,2.480617261232E0,5.970478423460E0));
#4751=DIRECTION('',(0.E0,6.097560975610E-1,-7.925891126474E-1));
#4752=DIRECTION('',(4.440892098501E-14,7.925891126474E-1,6.097560975610E-1));
#4753=AXIS2_PLACEMENT_3D('',#4750,#4751,#4752);
#4755=DIRECTION('',(3.807555735224E-1,-7.328879110046E-1,-5.638266605393E-1));
#4756=VECTOR('',#4755,1.081460207961E-1);
#4757=CARTESIAN_POINT('',(-2.494984874196E1,2.504759879004E0,5.989051866071E0));
#4758=LINE('4657',#4757,#4756);
#4759=DIRECTION('',(0.E0,6.097560975610E-1,-7.925891126474E-1));
#4760=VECTOR('',#4759,1.E-1);
#4761=CARTESIAN_POINT('',(-2.490270351210E1,2.403770561674E0,5.911358580801E0));
#4762=LINE('4668',#4761,#4760);
#4763=DIRECTION('',(0.E0,6.097560975610E-1,-7.925891126474E-1));
#4764=VECTOR('',#4763,1.E-1);
#4765=CARTESIAN_POINT('',(-2.5145E1,2.286463414634E0,5.821111633103E0));
#4766=LINE('4640',#4765,#4764);
#4767=DIRECTION('',(0.E0,6.097560975610E-1,-7.925891126474E-1));
#4768=VECTOR('',#4767,1.E-1);
#4769=CARTESIAN_POINT('',(-2.5145E1,2.401358349967E0,5.909502813704E0));
#4770=LINE('4669',#4769,#4768);
#4771=DIRECTION('',(0.E0,6.097560975610E-1,-7.925891126474E-1));
#4772=VECTOR('',#4771,1.E-1);
#4773=CARTESIAN_POINT('',(-2.513897405786E1,2.425500967740E0,5.928076256315E0));
#4774=LINE('4671',#4773,#4772);
#4775=DIRECTION('',(0.E0,6.097560975610E-1,-7.925891126474E-1));
#4776=VECTOR('',#4775,1.E-1);
#4777=CARTESIAN_POINT('',(-2.509779685769E1,2.504759879004E0,5.989051866071E0));
#4778=LINE('4672',#4777,#4776);
#4779=DIRECTION('',(0.E0,6.097560975610E-1,-7.925891126474E-1));
#4780=VECTOR('',#4779,1.E-1);
#4781=CARTESIAN_POINT('',(-2.502382279983E1,2.544024390244E0,6.019258911265E0));
#4782=LINE('4673',#4781,#4780);
#4783=DIRECTION('',(3.552713678800E-14,6.097560975610E-1,-7.925891126474E-1));
#4784=VECTOR('',#4783,1.E-1);
#4785=CARTESIAN_POINT('',(-2.494984874196E1,2.504759879004E0,5.989051866071E0));
#4786=LINE('4674',#4785,#4784);
#4787=DIRECTION('',(-1.E0,0.E0,0.E0));
#4788=VECTOR('',#4787,4.464925918501E-1);
#4789=CARTESIAN_POINT('',(-2.421941176471E1,1.6E0,5.635E0));
#4790=LINE('5099',#4789,#4788);
#4791=DIRECTION('',(4.797812852134E-2,9.988483864850E-1,0.E0));
#4792=VECTOR('',#4791,1.151325882446E-1);
#4793=CARTESIAN_POINT('',(-2.466590435656E1,1.6E0,5.635E0));
#4794=LINE('5211',#4793,#4792);
#4795=DIRECTION('',(0.E0,-1.E0,0.E0));
#4796=VECTOR('',#4795,2.E-2);
#4797=CARTESIAN_POINT('',(-2.4385E1,1.715E0,5.635E0));
#4798=LINE('4587',#4797,#4796);
#4799=DIRECTION('',(-1.E0,0.E0,0.E0));
#4800=VECTOR('',#4799,1.E-1);
#4801=CARTESIAN_POINT('',(-2.4215E1,1.625E0,5.635E0));
#4802=LINE('4586',#4801,#4800);
#4803=DIRECTION('',(1.737853339093E-1,9.847835588179E-1,0.E0));
#4804=VECTOR('',#4803,2.538628897299E-2);
#4805=CARTESIAN_POINT('',(-2.421941176471E1,1.6E0,5.635E0));
#4806=LINE('5213',#4805,#4804);
#4807=DIRECTION('',(0.E0,0.E0,1.E0));
#4808=VECTOR('',#4807,1.E-1);
#4809=CARTESIAN_POINT('',(-2.466590435656E1,1.6E0,5.535E0));
#4810=LINE('5103',#4809,#4808);
#4811=DIRECTION('',(-1.E0,0.E0,0.E0));
#4812=VECTOR('',#4811,4.464925918501E-1);
#4813=CARTESIAN_POINT('',(-2.421941176471E1,1.6E0,5.535E0));
#4814=LINE('5100',#4813,#4812);
#4815=DIRECTION('',(1.737853339093E-1,9.847835588179E-1,0.E0));
#4816=VECTOR('',#4815,2.538628897299E-2);
#4817=CARTESIAN_POINT('',(-2.421941176471E1,1.6E0,5.535E0));
#4818=LINE('5214',#4817,#4816);
#4819=DIRECTION('',(-1.E0,0.E0,0.E0));
#4820=VECTOR('',#4819,1.E-1);
#4821=CARTESIAN_POINT('',(-2.4215E1,1.625E0,5.535E0));
#4822=LINE('4588',#4821,#4820);
#4823=DIRECTION('',(0.E0,-1.E0,0.E0));
#4824=VECTOR('',#4823,2.E-2);
#4825=CARTESIAN_POINT('',(-2.4385E1,1.715E0,5.535E0));
#4826=LINE('4589',#4825,#4824);
#4827=DIRECTION('',(4.797812852134E-2,9.988483864850E-1,0.E0));
#4828=VECTOR('',#4827,1.151325882446E-1);
#4829=CARTESIAN_POINT('',(-2.466590435656E1,1.6E0,5.535E0));
#4830=LINE('5212',#4829,#4828);
#4831=DIRECTION('',(0.E0,0.E0,1.E0));
#4832=VECTOR('',#4831,1.E-1);
#4833=CARTESIAN_POINT('',(-2.421941176471E1,1.6E0,5.535E0));
#4834=LINE('5104',#4833,#4832);
#4835=DIRECTION('',(0.E0,0.E0,-1.E0));
#4836=VECTOR('',#4835,1.E-1);
#4837=CARTESIAN_POINT('',(-2.4215E1,1.625E0,5.635E0));
#4838=LINE('4579',#4837,#4836);
#4839=DIRECTION('',(0.E0,0.E0,-1.E0));
#4840=VECTOR('',#4839,1.E-1);
#4841=CARTESIAN_POINT('',(-2.4315E1,1.625E0,5.635E0));
#4842=LINE('4584',#4841,#4840);
#4843=CARTESIAN_POINT('',(-2.4315E1,1.695E0,5.635E0));
#4844=DIRECTION('',(0.E0,0.E0,-1.E0));
#4845=DIRECTION('',(0.E0,-1.E0,0.E0));
#4846=AXIS2_PLACEMENT_3D('',#4843,#4844,#4845);
#4848=DIRECTION('',(0.E0,0.E0,-1.E0));
#4849=VECTOR('',#4848,1.E-1);
#4850=CARTESIAN_POINT('',(-2.4385E1,1.695E0,5.635E0));
#4851=LINE('4585',#4850,#4849);
#4852=CARTESIAN_POINT('',(-2.4315E1,1.695E0,5.535E0));
#4853=DIRECTION('',(0.E0,0.E0,1.E0));
#4854=DIRECTION('',(-1.E0,0.E0,0.E0));
#4855=AXIS2_PLACEMENT_3D('',#4852,#4853,#4854);
#4857=DIRECTION('',(0.E0,0.E0,-1.E0));
#4858=VECTOR('',#4857,1.E-1);
#4859=CARTESIAN_POINT('',(-2.4385E1,1.715E0,5.635E0));
#4860=LINE('4583',#4859,#4858);
#4861=CARTESIAN_POINT('',(-2.4385E1,1.715E0,5.885E0));
#4862=DIRECTION('',(-1.E0,0.E0,0.E0));
#4863=DIRECTION('',(0.E0,2.435240152993E-1,-9.698948674844E-1));
#4864=AXIS2_PLACEMENT_3D('',#4861,#4862,#4863);
#4866=DIRECTION('',(0.E0,2.435240152993E-1,-9.698948674844E-1));
#4867=VECTOR('',#4866,1.E-1);
#4868=CARTESIAN_POINT('',(-2.4385E1,1.775881003825E0,5.642526283129E0));
#4869=LINE('4582',#4868,#4867);
#4870=CARTESIAN_POINT('',(-2.4385E1,1.715E0,5.885E0));
#4871=DIRECTION('',(-1.E0,0.E0,0.E0));
#4872=DIRECTION('',(0.E0,2.435240152993E-1,-9.698948674844E-1));
#4873=AXIS2_PLACEMENT_3D('',#4870,#4871,#4872);
#4875=DIRECTION('',(1.E0,0.E0,0.E0));
#4876=VECTOR('',#4875,2.753805104402E-1);
#4877=CARTESIAN_POINT('',(-2.466038051044E1,1.715E0,5.635E0));
#4878=LINE('4568',#4877,#4876);
#4879=CARTESIAN_POINT('',(-2.465745618612E1,1.775881003825E0,5.642526283129E0));
#4880=CARTESIAN_POINT('',(-2.465777523674E1,1.769253787694E0,5.640862302489E0));
#4881=CARTESIAN_POINT('',(-2.465841730293E1,1.755862621147E0,5.638077984579E0));
#4882=CARTESIAN_POINT('',(-2.465939624670E1,1.735500353514E0,5.635560670696E0));
#4883=CARTESIAN_POINT('',(-2.466005153971E1,1.721833505309E0,5.635E0));
#4884=CARTESIAN_POINT('',(-2.466038051044E1,1.715E0,5.635E0));
#4886=DIRECTION('',(0.E0,0.E0,-1.E0));
#4887=VECTOR('',#4886,1.E-1);
#4888=CARTESIAN_POINT('',(-2.466038051044E1,1.715E0,5.635E0));
#4889=LINE('4564',#4888,#4887);
#4890=CARTESIAN_POINT('',(-2.465745618612E1,1.800233405355E0,5.545536796380E0));
#4891=CARTESIAN_POINT('',(-2.465777523674E1,1.790955302771E0,5.543207223484E0));
#4892=CARTESIAN_POINT('',(-2.465841730293E1,1.772207669606E0,5.539309178411E0));
#4893=CARTESIAN_POINT('',(-2.465939624670E1,1.743700494919E0,5.535784938975E0));
#4894=CARTESIAN_POINT('',(-2.466005153971E1,1.724566907433E0,5.535E0));
#4895=CARTESIAN_POINT('',(-2.466038051044E1,1.715E0,5.535E0));
#4897=DIRECTION('',(1.E0,0.E0,0.E0));
#4898=VECTOR('',#4897,2.753805104402E-1);
#4899=CARTESIAN_POINT('',(-2.466038051044E1,1.715E0,5.535E0));
#4900=LINE('4575',#4899,#4898);
#4901=DIRECTION('',(0.E0,9.698948674844E-1,2.435240152993E-1));
#4902=VECTOR('',#4901,3.693575503493E-1);
#4903=CARTESIAN_POINT('',(-2.4385E1,1.800233405355E0,5.545536796380E0));
#4904=LINE('4573',#4903,#4902);
#4905=DIRECTION('',(4.653691713197E-2,9.688440550276E-1,2.432601742611E-1));
#4906=VECTOR('',#4905,3.697581571475E-1);
#4907=CARTESIAN_POINT('',(-2.465745618612E1,1.800233405355E0,5.545536796380E0));
#4908=LINE('4559',#4907,#4906);
#4909=DIRECTION('',(1.E0,0.E0,0.E0));
#4910=VECTOR('',#4909,2.724561861228E-1);
#4911=CARTESIAN_POINT('',(-2.465745618612E1,1.800233405355E0,5.545536796380E0));
#4912=LINE('4576',#4911,#4910);
#4913=DIRECTION('',(0.E0,2.435240152993E-1,-9.698948674844E-1));
#4914=VECTOR('',#4913,1.E-1);
#4915=CARTESIAN_POINT('',(-2.4385E1,2.134118996175E0,5.732473716871E0));
#4916=LINE('4581',#4915,#4914);
#4917=DIRECTION('',(0.E0,9.698948674844E-1,2.435240152993E-1));
#4918=VECTOR('',#4917,3.693575503493E-1);
#4919=CARTESIAN_POINT('',(-2.4385E1,1.775881003825E0,5.642526283129E0));
#4920=LINE('4566',#4919,#4918);
#4921=DIRECTION('',(1.E0,0.E0,0.E0));
#4922=VECTOR('',#4921,2.724561861228E-1);
#4923=CARTESIAN_POINT('',(-2.465745618612E1,1.775881003825E0,5.642526283129E0));
#4924=LINE('4569',#4923,#4922);
#4925=DIRECTION('',(4.653691713197E-2,9.688440550276E-1,2.432601742611E-1));
#4926=VECTOR('',#4925,3.697581571475E-1);
#4927=CARTESIAN_POINT('',(-2.465745618612E1,1.775881003825E0,5.642526283129E0));
#4928=LINE('4556',#4927,#4926);
#4929=DIRECTION('',(0.E0,2.435240152993E-1,-9.698948674844E-1));
#4930=VECTOR('',#4929,1.E-1);
#4931=CARTESIAN_POINT('',(-2.465745618612E1,1.775881003825E0,5.642526283129E0));
#4932=LINE('4563',#4931,#4930);
#4933=CARTESIAN_POINT('',(-2.464024878140E1,2.134118996175E0,5.732473716871E0));
#4934=CARTESIAN_POINT('',(-2.464001295577E1,2.138974771521E0,5.733692919023E0));
#4935=CARTESIAN_POINT('',(-2.463954064368E1,2.148762152570E0,5.735840433718E0));
#4936=CARTESIAN_POINT('',(-2.463882814457E1,2.163635351152E0,5.738176753877E0));
#4937=CARTESIAN_POINT('',(-2.463811282272E1,2.178595654692E0,5.739611847861E0));
#4938=CARTESIAN_POINT('',(-2.463739222531E1,2.193614786047E0,5.740147007961E0));
#4939=CARTESIAN_POINT('',(-2.463666872839E1,2.208665982156E0,5.739777271630E0));
#4940=CARTESIAN_POINT('',(-2.463594861751E1,2.223640569913E0,5.738505312023E0));
#4941=CARTESIAN_POINT('',(-2.463523427214E1,2.238511909690E0,5.736337485310E0));
#4942=CARTESIAN_POINT('',(-2.463452650535E1,2.253252179442E0,5.733273757300E0));
#4943=CARTESIAN_POINT('',(-2.463382992029E1,2.267754595503E0,5.729336424913E0));
#4944=CARTESIAN_POINT('',(-2.463314528E1,2.281993719572E0,5.724536798341E0));
#4945=CARTESIAN_POINT('',(-2.463247478126E1,2.295942819498E0,5.718879783699E0));
#4946=CARTESIAN_POINT('',(-2.463182419605E1,2.309501392458E0,5.712406305728E0));
#4947=CARTESIAN_POINT('',(-2.463119562941E1,2.322647092654E0,5.705131617106E0));
#4948=CARTESIAN_POINT('',(-2.463058695397E1,2.335353717974E0,5.697065782947E0));
#4949=CARTESIAN_POINT('',(-2.463019506817E1,2.343472383598E0,5.691198901470E0));
#4950=CARTESIAN_POINT('',(-2.463000228567E1,2.347439024390E0,5.688147278162E0));
#4952=DIRECTION('',(0.E0,2.435240152993E-1,-9.698948674844E-1));
#4953=VECTOR('',#4952,1.E-1);
#4954=CARTESIAN_POINT('',(-2.464024878140E1,2.134118996175E0,5.732473716871E0));
#4955=LINE('4562',#4954,#4953);
#4956=CARTESIAN_POINT('',(-2.464024878140E1,2.158471397705E0,5.635484230123E0));
#4957=CARTESIAN_POINT('',(-2.463997656747E1,2.161834415540E0,5.636328626391E0));
#4958=CARTESIAN_POINT('',(-2.463943133427E1,2.168619853768E0,5.637784641818E0));
#4959=CARTESIAN_POINT('',(-2.463860814491E1,2.178943261596E0,5.639259190744E0));
#4960=CARTESIAN_POINT('',(-2.463778082340E1,2.189314847914E0,5.640012547523E0));
#4961=CARTESIAN_POINT('',(-2.463694614044E1,2.199738312071E0,5.640045933906E0));
#4962=CARTESIAN_POINT('',(-2.463611298575E1,2.210132537056E0,5.639355496368E0));
#4963=CARTESIAN_POINT('',(-2.463528771164E1,2.220438967823E0,5.637949392541E0));
#4964=CARTESIAN_POINT('',(-2.463447068903E1,2.230649149660E0,5.635826241792E0));
#4965=CARTESIAN_POINT('',(-2.463366919652E1,2.240659313870E0,5.633007899638E0));
#4966=CARTESIAN_POINT('',(-2.463288350740E1,2.250462735432E0,5.629499382775E0));
#4967=CARTESIAN_POINT('',(-2.463211953806E1,2.260002790209E0,5.625316920015E0));
#4968=CARTESIAN_POINT('',(-2.463138525325E1,2.269207393874E0,5.620496452993E0));
#4969=CARTESIAN_POINT('',(-2.463067779778E1,2.278080002521E0,5.615035420347E0));
#4970=CARTESIAN_POINT('',(-2.463022466989E1,2.283717983925E0,5.611000486643E0));
#4971=CARTESIAN_POINT('',(-2.463000228567E1,2.286463414634E0,5.608888366897E0));
#4973=DIRECTION('',(1.E0,0.E0,0.E0));
#4974=VECTOR('',#4973,2.552487814047E-1);
#4975=CARTESIAN_POINT('',(-2.464024878140E1,2.134118996175E0,5.732473716871E0));
#4976=LINE('4570',#4975,#4974);
#4977=CARTESIAN_POINT('',(-2.4385E1,2.195E0,5.49E0));
#4978=DIRECTION('',(-1.E0,0.E0,0.E0));
#4979=DIRECTION('',(0.E0,-2.435240152993E-1,9.698948674844E-1));
#4980=AXIS2_PLACEMENT_3D('',#4977,#4978,#4979);
#4982=DIRECTION('',(0.E0,-6.097560975610E-1,-7.925891126474E-1));
#4983=VECTOR('',#4982,1.E-1);
#4984=CARTESIAN_POINT('',(-2.4385E1,2.347439024390E0,5.688147278162E0));
#4985=LINE('4580',#4984,#4983);
#4986=CARTESIAN_POINT('',(-2.4385E1,2.195E0,5.49E0));
#4987=DIRECTION('',(-1.E0,0.E0,0.E0));
#4988=DIRECTION('',(0.E0,-2.435240152993E-1,9.698948674844E-1));
#4989=AXIS2_PLACEMENT_3D('',#4986,#4987,#4988);
#4991=DIRECTION('',(0.E0,-6.097560975610E-1,-7.925891126474E-1));
#4992=VECTOR('',#4991,1.E-1);
#4993=CARTESIAN_POINT('',(-2.4385E1,2.462333959723E0,5.599756097561E0));
#4994=LINE('4609',#4993,#4992);
#4995=DIRECTION('',(0.E0,-6.097560975610E-1,-7.925891126474E-1));
#4996=VECTOR('',#4995,1.E-1);
#4997=CARTESIAN_POINT('',(-2.439065604590E1,2.485751936779E0,5.581740136864E0));
#4998=LINE('4614',#4997,#4996);
#4999=CARTESIAN_POINT('',(-2.454454139862E1,2.459921748017E0,5.601611864658E0));
#5000=DIRECTION('',(1.387778780781E-14,6.097560975610E-1,7.925891126474E-1));
#5001=DIRECTION('',(-9.328388682923E-1,2.855649690657E-1,-2.196913613360E-1));
#5002=AXIS2_PLACEMENT_3D('',#4999,#5000,#5001);
#5004=DIRECTION('',(-3.602938325911E-1,-7.393579308628E-1,5.688041879831E-1));
#5005=VECTOR('',#5004,1.104622261590E-1);
#5006=CARTESIAN_POINT('',(-2.457936964926E1,2.564438068513E0,5.521205178898E0));
#5007=LINE('4597',#5006,#5005);
#5008=CARTESIAN_POINT('',(-2.450474253980E1,2.541592870988E0,5.538780487805E0));
#5009=DIRECTION('',(0.E0,6.097560975610E-1,7.925891126474E-1));
#5010=DIRECTION('',(-4.611049320147E-8,7.925891126474E-1,-6.097560975610E-1));
#5011=AXIS2_PLACEMENT_3D('',#5008,#5009,#5010);
#5013=CARTESIAN_POINT('',(-2.450474253980E1,2.541592870988E0,5.538780487805E0));
#5014=DIRECTION('',(-1.110223024625E-14,6.097560975610E-1,7.925891126474E-1));
#5015=DIRECTION('',(9.292994262121E-1,2.927247131986E-1,-2.251995087132E-1));
#5016=AXIS2_PLACEMENT_3D('',#5013,#5014,#5015);
#5018=DIRECTION('',(-3.693271942896E-1,7.365526076052E-1,-5.666459915927E-1));
#5019=VECTOR('',#5018,1.076079433381E-1);
#5020=CARTESIAN_POINT('',(-2.439065604590E1,2.485751936779E0,5.581740136864E0));
#5021=LINE('4594',#5020,#5019);
#5022=CARTESIAN_POINT('',(-2.4465E1,2.462333959723E0,5.599756097561E0));
#5023=DIRECTION('',(0.E0,6.097560975610E-1,7.925891126474E-1));
#5024=DIRECTION('',(1.E0,1.665334536938E-14,-1.110223024625E-14));
#5025=AXIS2_PLACEMENT_3D('',#5022,#5023,#5024);
#5027=DIRECTION('',(0.E0,7.925891126474E-1,-6.097560975610E-1));
#5028=VECTOR('',#5027,1.449615361854E-1);
#5029=CARTESIAN_POINT('',(-2.4385E1,2.347439024390E0,5.688147278162E0));
#5030=LINE('4599',#5029,#5028);
#5031=DIRECTION('',(1.E0,0.E0,0.E0));
#5032=VECTOR('',#5031,2.450022856719E-1);
#5033=CARTESIAN_POINT('',(-2.463000228567E1,2.347439024390E0,5.688147278162E0));
#5034=LINE('4571',#5033,#5032);
#5035=DIRECTION('',(3.804322549032E-2,7.920153530117E-1,-6.093146917546E-1));
#5036=VECTOR('',#5035,1.450665506626E-1);
#5037=CARTESIAN_POINT('',(-2.463000228567E1,2.347439024390E0,5.688147278162E0));
#5038=LINE('4598',#5037,#5036);
#5039=DIRECTION('',(0.E0,-6.097560975610E-1,-7.925891126474E-1));
#5040=VECTOR('',#5039,1.E-1);
#5041=CARTESIAN_POINT('',(-2.462448348617E1,2.462333959723E0,5.599756097561E0));
#5042=LINE('4608',#5041,#5040);
#5043=DIRECTION('',(0.E0,-6.097560975610E-1,-7.925891126474E-1));
#5044=VECTOR('',#5043,1.E-1);
#5045=CARTESIAN_POINT('',(-2.463000228567E1,2.347439024390E0,5.688147278162E0));
#5046=LINE('4561',#5045,#5044);
#5047=CARTESIAN_POINT('',(-2.454454139862E1,2.398946138261E0,5.522352953393E0));
#5048=DIRECTION('',(1.387778780781E-14,6.097560975610E-1,7.925891126474E-1));
#5049=DIRECTION('',(-9.328388682923E-1,2.855649690657E-1,-2.196913613360E-1));
#5050=AXIS2_PLACEMENT_3D('',#5047,#5048,#5049);
#5052=DIRECTION('',(3.804322549030E-2,7.920153530117E-1,-6.093146917546E-1));
#5053=VECTOR('',#5052,1.450665506626E-1);
#5054=CARTESIAN_POINT('',(-2.463000228567E1,2.286463414634E0,5.608888366897E0));
#5055=LINE('4606',#5054,#5053);
#5056=DIRECTION('',(1.E0,0.E0,0.E0));
#5057=VECTOR('',#5056,2.450022856719E-1);
#5058=CARTESIAN_POINT('',(-2.463000228567E1,2.286463414634E0,5.608888366897E0));
#5059=LINE('4578',#5058,#5057);
#5060=DIRECTION('',(0.E0,7.925891126474E-1,-6.097560975610E-1));
#5061=VECTOR('',#5060,1.449615361854E-1);
#5062=CARTESIAN_POINT('',(-2.4385E1,2.286463414634E0,5.608888366897E0));
#5063=LINE('4607',#5062,#5061);
#5064=CARTESIAN_POINT('',(-2.4465E1,2.401358349967E0,5.520497186296E0));
#5065=DIRECTION('',(0.E0,6.097560975610E-1,7.925891126474E-1));
#5066=DIRECTION('',(1.E0,1.110223024625E-14,-1.110223024625E-14));
#5067=AXIS2_PLACEMENT_3D('',#5064,#5065,#5066);
#5069=DIRECTION('',(-3.693271942896E-1,7.365526076052E-1,-5.666459915928E-1));
#5070=VECTOR('',#5069,1.076079433381E-1);
#5071=CARTESIAN_POINT('',(-2.439065604590E1,2.424776327023E0,5.502481225599E0));
#5072=LINE('4602',#5071,#5070);
#5073=CARTESIAN_POINT('',(-2.450474253980E1,2.480617261232E0,5.459521576540E0));
#5074=DIRECTION('',(-1.110223024625E-14,6.097560975610E-1,7.925891126474E-1));
#5075=DIRECTION('',(9.292994262121E-1,2.927247131986E-1,-2.251995087132E-1));
#5076=AXIS2_PLACEMENT_3D('',#5073,#5074,#5075);
#5078=CARTESIAN_POINT('',(-2.450474253980E1,2.480617261232E0,5.459521576540E0));
#5079=DIRECTION('',(0.E0,6.097560975610E-1,7.925891126474E-1));
#5080=DIRECTION('',(-4.611049320147E-8,7.925891126474E-1,-6.097560975610E-1));
#5081=AXIS2_PLACEMENT_3D('',#5078,#5079,#5080);
#5083=DIRECTION('',(-3.602938325911E-1,-7.393579308628E-1,5.688041879831E-1));
#5084=VECTOR('',#5083,1.104622261590E-1);
#5085=CARTESIAN_POINT('',(-2.457936964926E1,2.503462458757E0,5.441946267633E0));
#5086=LINE('4605',#5085,#5084);
#5087=DIRECTION('',(1.E0,0.E0,0.E0));
#5088=VECTOR('',#5087,2.552487814047E-1);
#5089=CARTESIAN_POINT('',(-2.464024878140E1,2.158471397705E0,5.635484230123E0));
#5090=LINE('4577',#5089,#5088);
#5091=DIRECTION('',(0.E0,-6.097560975610E-1,-7.925891126474E-1));
#5092=VECTOR('',#5091,1.E-1);
#5093=CARTESIAN_POINT('',(-2.443039858570E1,2.565010848044E0,5.520764527108E0));
#5094=LINE('4613',#5093,#5092);
#5095=DIRECTION('',(0.E0,-6.097560975610E-1,-7.925891126474E-1));
#5096=VECTOR('',#5095,1.E-1);
#5097=CARTESIAN_POINT('',(-2.450474254349E1,2.605E0,5.49E0));
#5098=LINE('4612',#5097,#5096);
#5099=DIRECTION('',(3.552713678800E-14,-6.097560975610E-1,-7.925891126474E-1));
#5100=VECTOR('',#5099,1.E-1);
#5101=CARTESIAN_POINT('',(-2.457936964926E1,2.564438068513E0,5.521205178898E0));
#5102=LINE('4611',#5101,#5100);
#5103=DIRECTION('',(0.E0,-6.097560975610E-1,-7.925891126474E-1));
#5104=VECTOR('',#5103,1.E-1);
#5105=CARTESIAN_POINT('',(-2.461916850808E1,2.482766945542E0,5.584036555751E0));
#5106=LINE('4610',#5105,#5104);
#5107=DIRECTION('',(0.E0,-8.660254037844E-1,-5.E-1));
#5108=VECTOR('',#5107,3.464101615138E-1);
#5109=CARTESIAN_POINT('',(-1.8395E1,2.7E0,7.093205080757E0));
#5110=LINE('4402',#5109,#5108);
#5111=DIRECTION('',(1.E0,0.E0,0.E0));
#5112=VECTOR('',#5111,3.679E1);
#5113=CARTESIAN_POINT('',(-1.8395E1,2.4E0,6.92E0));
#5114=LINE('4410',#5113,#5112);
#5115=DIRECTION('',(0.E0,-8.660254037844E-1,-5.E-1));
#5116=VECTOR('',#5115,3.464101615138E-1);
#5117=CARTESIAN_POINT('',(1.8395E1,2.7E0,7.093205080757E0));
#5118=LINE('4384',#5117,#5116);
#5119=DIRECTION('',(1.E0,0.E0,0.E0));
#5120=VECTOR('',#5119,3.679E1);
#5121=CARTESIAN_POINT('',(-1.8395E1,2.7E0,7.093205080757E0));
#5122=LINE('4408',#5121,#5120);
#5123=DIRECTION('',(5.892454211235E-3,-7.070945053468E-1,7.070945053468E-1));
#5124=VECTOR('',#5123,4.242714343436E-1);
#5125=CARTESIAN_POINT('',(1.83975E1,2.7E0,7.42E0));
#5126=LINE('4185',#5125,#5124);
#5127=DIRECTION('',(1.E0,0.E0,0.E0));
#5128=VECTOR('',#5127,1.64E1);
#5129=CARTESIAN_POINT('',(2.E0,2.4E0,7.72E0));
#5130=LINE('4193',#5129,#5128);
#5131=DIRECTION('',(0.E0,-7.071067811865E-1,7.071067811865E-1));
#5132=VECTOR('',#5131,4.242640687119E-1);
#5133=CARTESIAN_POINT('',(2.E0,2.7E0,7.42E0));
#5134=LINE('4166',#5133,#5132);
#5135=DIRECTION('',(1.E0,0.E0,0.E0));
#5136=VECTOR('',#5135,1.63975E1);
#5137=CARTESIAN_POINT('',(2.E0,2.7E0,7.42E0));
#5138=LINE('4419',#5137,#5136);
#5139=DIRECTION('',(1.E0,0.E0,0.E0));
#5140=VECTOR('',#5139,4.E0);
#5141=CARTESIAN_POINT('',(-2.E0,2.7E0,7.52E0));
#5142=LINE('4159',#5141,#5140);
#5143=DIRECTION('',(0.E0,0.E0,1.E0));
#5144=VECTOR('',#5143,7.E-1);
#5145=CARTESIAN_POINT('',(2.E0,2.95E0,7.52E0));
#5146=LINE('4317',#5145,#5144);
#5147=DIRECTION('',(-5.773502691896E-1,5.773502691896E-1,-5.773502691896E-1));
#5148=VECTOR('',#5147,6.928203230276E-1);
#5149=CARTESIAN_POINT('',(2.E0,2.95E0,8.22E0));
#5150=LINE('4319',#5149,#5148);
#5151=DIRECTION('',(0.E0,0.E0,1.E0));
#5152=VECTOR('',#5151,3.E-1);
#5153=CARTESIAN_POINT('',(1.6E0,3.35E0,7.52E0));
#5154=LINE('4318',#5153,#5152);
#5155=DIRECTION('',(-7.071067811865E-1,7.071067811865E-1,0.E0));
#5156=VECTOR('',#5155,5.656854249492E-1);
#5157=CARTESIAN_POINT('',(2.E0,2.95E0,7.52E0));
#5158=LINE('4320',#5157,#5156);
#5159=DIRECTION('',(1.E0,0.E0,0.E0));
#5160=VECTOR('',#5159,4.E0);
#5161=CARTESIAN_POINT('',(-2.E0,2.95E0,8.22E0));
#5162=LINE('4314',#5161,#5160);
#5163=DIRECTION('',(5.773502691896E-1,5.773502691896E-1,-5.773502691896E-1));
#5164=VECTOR('',#5163,6.928203230276E-1);
#5165=CARTESIAN_POINT('',(-2.E0,2.95E0,8.22E0));
#5166=LINE('4316',#5165,#5164);
#5167=DIRECTION('',(1.E0,0.E0,0.E0));
#5168=VECTOR('',#5167,3.2E0);
#5169=CARTESIAN_POINT('',(-1.6E0,3.35E0,7.82E0));
#5170=LINE('4315',#5169,#5168);
#5171=DIRECTION('',(0.E0,0.E0,1.E0));
#5172=VECTOR('',#5171,7.E-1);
#5173=CARTESIAN_POINT('',(-2.E0,2.95E0,7.52E0));
#5174=LINE('4311',#5173,#5172);
#5175=DIRECTION('',(7.071067811865E-1,7.071067811865E-1,0.E0));
#5176=VECTOR('',#5175,5.656854249492E-1);
#5177=CARTESIAN_POINT('',(-2.E0,2.95E0,7.52E0));
#5178=LINE('4313',#5177,#5176);
#5179=DIRECTION('',(0.E0,0.E0,1.E0));
#5180=VECTOR('',#5179,3.E-1);
#5181=CARTESIAN_POINT('',(-1.6E0,3.35E0,7.52E0));
#5182=LINE('4312',#5181,#5180);
#5183=DIRECTION('',(1.E0,0.E0,0.E0));
#5184=VECTOR('',#5183,3.2E0);
#5185=CARTESIAN_POINT('',(-1.6E0,3.35E0,7.52E0));
#5186=LINE('4362',#5185,#5184);
#5187=DIRECTION('',(-5.892454211218E-3,-7.070945053468E-1,-7.070945053468E-1));
#5188=VECTOR('',#5187,4.242714343436E-1);
#5189=CARTESIAN_POINT('',(2.24025E1,2.7E0,-7.42E0));
#5190=LINE('4188',#5189,#5188);
#5191=DIRECTION('',(-1.E0,0.E0,0.E0));
#5192=VECTOR('',#5191,2.85E0);
#5193=CARTESIAN_POINT('',(2.525E1,2.4E0,-7.72E0));
#5194=LINE('4195',#5193,#5192);
#5195=DIRECTION('',(-1.E0,0.E0,0.E0));
#5196=VECTOR('',#5195,2.8475E0);
#5197=CARTESIAN_POINT('',(2.525E1,2.7E0,-7.42E0));
#5198=LINE('4414',#5197,#5196);
#5199=CARTESIAN_POINT('',(2.525E1,2.4E0,-6.42E0));
#5200=DIRECTION('',(0.E0,1.E0,0.E0));
#5201=DIRECTION('',(1.E0,0.E0,0.E0));
#5202=AXIS2_PLACEMENT_3D('',#5199,#5200,#5201);
#5204=CARTESIAN_POINT('',(2.525E1,2.7E0,-6.42E0));
#5205=DIRECTION('',(0.E0,1.E0,0.E0));
#5206=DIRECTION('',(1.E0,0.E0,0.E0));
#5207=AXIS2_PLACEMENT_3D('',#5204,#5205,#5206);
#5209=DIRECTION('',(0.E0,7.071067811865E-1,7.071067811865E-1));
#5210=VECTOR('',#5209,4.242640687119E-1);
#5211=CARTESIAN_POINT('',(2.525E1,2.4E0,-7.72E0));
#5212=LINE('4083',#5211,#5210);
#5213=DIRECTION('',(7.071067811866E-1,-7.071067811865E-1,0.E0));
#5214=VECTOR('',#5213,4.242640687119E-1);
#5215=CARTESIAN_POINT('',(2.625E1,2.7E0,-2.4875E0));
#5216=LINE('4129',#5215,#5214);
#5217=DIRECTION('',(0.E0,0.E0,-1.E0));
#5218=VECTOR('',#5217,3.9325E0);
#5219=CARTESIAN_POINT('',(2.625E1,2.7E0,-2.4875E0));
#5220=LINE('4134',#5219,#5218);
#5221=DIRECTION('',(7.071067811866E-1,-7.071067811865E-1,0.E0));
#5222=VECTOR('',#5221,4.242640687119E-1);
#5223=CARTESIAN_POINT('',(2.625E1,2.7E0,-6.42E0));
#5224=LINE('4084',#5223,#5222);
#5225=DIRECTION('',(0.E0,0.E0,-1.E0));
#5226=VECTOR('',#5225,3.9325E0);
#5227=CARTESIAN_POINT('',(2.655E1,2.4E0,-2.4875E0));
#5228=LINE('4136',#5227,#5226);
#5229=DIRECTION('',(0.E0,0.E0,1.E0));
#5230=VECTOR('',#5229,4.975E0);
#5231=CARTESIAN_POINT('',(2.655E1,2.95E0,-2.4875E0));
#5232=LINE('4254',#5231,#5230);
#5233=DIRECTION('',(5.773502691896E-1,5.773502691896E-1,5.773502691896E-1));
#5234=VECTOR('',#5233,6.928203230275E-1);
#5235=CARTESIAN_POINT('',(2.655E1,2.95E0,-2.4875E0));
#5236=LINE('4256',#5235,#5234);
#5237=DIRECTION('',(0.E0,0.E0,1.E0));
#5238=VECTOR('',#5237,4.175E0);
#5239=CARTESIAN_POINT('',(2.695E1,3.35E0,-2.0875E0));
#5240=LINE('4255',#5239,#5238);
#5241=DIRECTION('',(-1.E0,0.E0,0.E0));
#5242=VECTOR('',#5241,9.5E-1);
#5243=CARTESIAN_POINT('',(2.75E1,2.95E0,-2.4875E0));
#5244=LINE('4251',#5243,#5242);
#5245=DIRECTION('',(0.E0,7.071067811865E-1,7.071067811865E-1));
#5246=VECTOR('',#5245,5.656854249492E-1);
#5247=CARTESIAN_POINT('',(2.75E1,2.95E0,-2.4875E0));
#5248=LINE('4253',#5247,#5246);
#5249=DIRECTION('',(-1.E0,0.E0,0.E0));
#5250=VECTOR('',#5249,5.5E-1);
#5251=CARTESIAN_POINT('',(2.75E1,3.35E0,-2.0875E0));
#5252=LINE('4252',#5251,#5250);
#5253=DIRECTION('',(0.E0,0.E0,1.E0));
#5254=VECTOR('',#5253,4.175E0);
#5255=CARTESIAN_POINT('',(2.75E1,3.35E0,-2.0875E0));
#5256=LINE('4332',#5255,#5254);
#5257=DIRECTION('',(-1.E0,0.E0,0.E0));
#5258=VECTOR('',#5257,9.5E-1);
#5259=CARTESIAN_POINT('',(2.75E1,2.95E0,2.4875E0));
#5260=LINE('4257',#5259,#5258);
#5261=DIRECTION('',(5.773502691896E-1,5.773502691896E-1,-5.773502691896E-1));
#5262=VECTOR('',#5261,6.928203230275E-1);
#5263=CARTESIAN_POINT('',(2.655E1,2.95E0,2.4875E0));
#5264=LINE('4259',#5263,#5262);
#5265=DIRECTION('',(-1.E0,0.E0,0.E0));
#5266=VECTOR('',#5265,5.5E-1);
#5267=CARTESIAN_POINT('',(2.75E1,3.35E0,2.0875E0));
#5268=LINE('4258',#5267,#5266);
#5269=DIRECTION('',(0.E0,7.071067811865E-1,-7.071067811865E-1));
#5270=VECTOR('',#5269,5.656854249492E-1);
#5271=CARTESIAN_POINT('',(2.75E1,2.95E0,2.4875E0));
#5272=LINE('4260',#5271,#5270);
#5273=CARTESIAN_POINT('',(2.4765E1,0.E0,-5.715E0));
#5274=DIRECTION('',(0.E0,-1.E0,0.E0));
#5275=DIRECTION('',(1.E0,0.E0,0.E0));
#5276=AXIS2_PLACEMENT_3D('',#5273,#5274,#5275);
#5278=CARTESIAN_POINT('',(2.4765E1,0.E0,-5.715E0));
#5279=DIRECTION('',(0.E0,-1.E0,0.E0));
#5280=DIRECTION('',(-1.E0,0.E0,0.E0));
#5281=AXIS2_PLACEMENT_3D('',#5278,#5279,#5280);
#5283=CARTESIAN_POINT('',(2.4765E1,-1.6E-1,-5.715E0));
#5284=DIRECTION('',(0.E0,0.E0,-1.E0));
#5285=DIRECTION('',(-4.512680486475E-1,-8.923884514436E-1,0.E0));
#5286=AXIS2_PLACEMENT_3D('',#5283,#5284,#5285);
#5288=CARTESIAN_POINT('',(2.4765E1,-1.6E-1,-5.715E0));
#5289=DIRECTION('',(0.E0,0.E0,1.E0));
#5290=DIRECTION('',(4.512680486475E-1,-8.923884514436E-1,0.E0));
#5291=AXIS2_PLACEMENT_3D('',#5288,#5289,#5290);
#5293=CARTESIAN_POINT('',(2.4765E1,-5.E-1,-5.715E0));
#5294=DIRECTION('',(0.E0,-1.E0,0.E0));
#5295=DIRECTION('',(1.E0,0.E0,0.E0));
#5296=AXIS2_PLACEMENT_3D('',#5293,#5294,#5295);
#5298=CARTESIAN_POINT('',(2.4765E1,-5.E-1,-5.715E0));
#5299=DIRECTION('',(0.E0,-1.E0,0.E0));
#5300=DIRECTION('',(-1.E0,0.E0,0.E0));
#5301=AXIS2_PLACEMENT_3D('',#5298,#5299,#5300);
#5303=CARTESIAN_POINT('',(2.4765E1,0.E0,5.715E0));
#5304=DIRECTION('',(0.E0,-1.E0,0.E0));
#5305=DIRECTION('',(1.E0,0.E0,0.E0));
#5306=AXIS2_PLACEMENT_3D('',#5303,#5304,#5305);
#5308=CARTESIAN_POINT('',(2.4765E1,0.E0,5.715E0));
#5309=DIRECTION('',(0.E0,-1.E0,0.E0));
#5310=DIRECTION('',(-1.E0,0.E0,0.E0));
#5311=AXIS2_PLACEMENT_3D('',#5308,#5309,#5310);
#5313=CARTESIAN_POINT('',(2.4765E1,-1.6E-1,5.715E0));
#5314=DIRECTION('',(0.E0,0.E0,-1.E0));
#5315=DIRECTION('',(-4.512680486475E-1,-8.923884514436E-1,0.E0));
#5316=AXIS2_PLACEMENT_3D('',#5313,#5314,#5315);
#5318=CARTESIAN_POINT('',(2.4765E1,-1.6E-1,5.715E0));
#5319=DIRECTION('',(0.E0,0.E0,1.E0));
#5320=DIRECTION('',(4.512680486475E-1,-8.923884514436E-1,0.E0));
#5321=AXIS2_PLACEMENT_3D('',#5318,#5319,#5320);
#5323=CARTESIAN_POINT('',(2.4765E1,-5.E-1,5.715E0));
#5324=DIRECTION('',(0.E0,-1.E0,0.E0));
#5325=DIRECTION('',(1.E0,0.E0,0.E0));
#5326=AXIS2_PLACEMENT_3D('',#5323,#5324,#5325);
#5328=CARTESIAN_POINT('',(2.4765E1,-5.E-1,5.715E0));
#5329=DIRECTION('',(0.E0,-1.E0,0.E0));
#5330=DIRECTION('',(-1.E0,0.E0,0.E0));
#5331=AXIS2_PLACEMENT_3D('',#5328,#5329,#5330);
#5333=CARTESIAN_POINT('',(-2.4765E1,0.E0,-5.715E0));
#5334=DIRECTION('',(0.E0,-1.E0,0.E0));
#5335=DIRECTION('',(1.E0,0.E0,0.E0));
#5336=AXIS2_PLACEMENT_3D('',#5333,#5334,#5335);
#5338=CARTESIAN_POINT('',(-2.4765E1,0.E0,-5.715E0));
#5339=DIRECTION('',(0.E0,-1.E0,0.E0));
#5340=DIRECTION('',(-1.E0,0.E0,0.E0));
#5341=AXIS2_PLACEMENT_3D('',#5338,#5339,#5340);
#5343=CARTESIAN_POINT('',(-2.4765E1,-1.6E-1,-5.715E0));
#5344=DIRECTION('',(0.E0,0.E0,-1.E0));
#5345=DIRECTION('',(-4.512680486475E-1,-8.923884514436E-1,0.E0));
#5346=AXIS2_PLACEMENT_3D('',#5343,#5344,#5345);
#5348=CARTESIAN_POINT('',(-2.4765E1,-1.6E-1,-5.715E0));
#5349=DIRECTION('',(0.E0,0.E0,1.E0));
#5350=DIRECTION('',(4.512680486475E-1,-8.923884514436E-1,0.E0));
#5351=AXIS2_PLACEMENT_3D('',#5348,#5349,#5350);
#5353=CARTESIAN_POINT('',(-2.4765E1,-5.E-1,-5.715E0));
#5354=DIRECTION('',(0.E0,-1.E0,0.E0));
#5355=DIRECTION('',(1.E0,0.E0,0.E0));
#5356=AXIS2_PLACEMENT_3D('',#5353,#5354,#5355);
#5358=CARTESIAN_POINT('',(-2.4765E1,-5.E-1,-5.715E0));
#5359=DIRECTION('',(0.E0,-1.E0,0.E0));
#5360=DIRECTION('',(-1.E0,0.E0,0.E0));
#5361=AXIS2_PLACEMENT_3D('',#5358,#5359,#5360);
#5363=CARTESIAN_POINT('',(-2.4765E1,0.E0,5.715E0));
#5364=DIRECTION('',(0.E0,-1.E0,0.E0));
#5365=DIRECTION('',(1.E0,0.E0,0.E0));
#5366=AXIS2_PLACEMENT_3D('',#5363,#5364,#5365);
#5368=CARTESIAN_POINT('',(-2.4765E1,0.E0,5.715E0));
#5369=DIRECTION('',(0.E0,-1.E0,0.E0));
#5370=DIRECTION('',(-1.E0,0.E0,0.E0));
#5371=AXIS2_PLACEMENT_3D('',#5368,#5369,#5370);
#5373=CARTESIAN_POINT('',(-2.4765E1,-1.6E-1,5.715E0));
#5374=DIRECTION('',(0.E0,0.E0,-1.E0));
#5375=DIRECTION('',(-4.512680486475E-1,-8.923884514436E-1,0.E0));
#5376=AXIS2_PLACEMENT_3D('',#5373,#5374,#5375);
#5378=CARTESIAN_POINT('',(-2.4765E1,-1.6E-1,5.715E0));
#5379=DIRECTION('',(0.E0,0.E0,1.E0));
#5380=DIRECTION('',(4.512680486475E-1,-8.923884514436E-1,0.E0));
#5381=AXIS2_PLACEMENT_3D('',#5378,#5379,#5380);
#5383=CARTESIAN_POINT('',(-2.4765E1,-5.E-1,5.715E0));
#5384=DIRECTION('',(0.E0,-1.E0,0.E0));
#5385=DIRECTION('',(1.E0,0.E0,0.E0));
#5386=AXIS2_PLACEMENT_3D('',#5383,#5384,#5385);
#5388=CARTESIAN_POINT('',(-2.4765E1,-5.E-1,5.715E0));
#5389=DIRECTION('',(0.E0,-1.E0,0.E0));
#5390=DIRECTION('',(-1.E0,0.E0,0.E0));
#5391=AXIS2_PLACEMENT_3D('',#5388,#5389,#5390);
#5393=CARTESIAN_POINT('',(2.655E1,0.E0,6.42E0));
#5394=CARTESIAN_POINT('',(2.525E1,0.E0,7.72E0));
#5395=VERTEX_POINT('',#5393);
#5396=VERTEX_POINT('',#5394);
#5397=CARTESIAN_POINT('',(2.525E1,0.E0,-7.72E0));
#5398=CARTESIAN_POINT('',(2.655E1,0.E0,-6.42E0));
#5399=VERTEX_POINT('',#5397);
#5400=VERTEX_POINT('',#5398);
#5401=CARTESIAN_POINT('',(-2.525E1,0.E0,7.72E0));
#5402=CARTESIAN_POINT('',(-2.655E1,0.E0,6.42E0));
#5403=VERTEX_POINT('',#5401);
#5404=VERTEX_POINT('',#5402);
#5405=CARTESIAN_POINT('',(-2.655E1,0.E0,-6.42E0));
#5406=CARTESIAN_POINT('',(-2.525E1,0.E0,-7.72E0));
#5407=VERTEX_POINT('',#5405);
#5408=VERTEX_POINT('',#5406);
#5409=CARTESIAN_POINT('',(-2.555E1,1.6E0,-6.42E0));
#5410=CARTESIAN_POINT('',(-2.525E1,1.6E0,-6.72E0));
#5411=VERTEX_POINT('',#5409);
#5412=VERTEX_POINT('',#5410);
#5413=CARTESIAN_POINT('',(-2.575E1,1.8E0,-6.42E0));
#5414=CARTESIAN_POINT('',(-2.525E1,1.8E0,-6.92E0));
#5415=VERTEX_POINT('',#5413);
#5416=VERTEX_POINT('',#5414);
#5417=CARTESIAN_POINT('',(-2.555E1,1.6E0,6.42E0));
#5418=VERTEX_POINT('',#5417);
#5419=CARTESIAN_POINT('',(-2.575E1,1.8E0,6.419999999942E0));
#5420=VERTEX_POINT('',#5419);
#5421=CARTESIAN_POINT('',(-2.525E1,1.6E0,6.72E0));
#5422=VERTEX_POINT('',#5421);
#5423=CARTESIAN_POINT('',(-2.525E1,1.8E0,6.92E0));
#5424=VERTEX_POINT('',#5423);
#5425=CARTESIAN_POINT('',(2.555E1,1.6E0,6.42E0));
#5426=CARTESIAN_POINT('',(2.525E1,1.6E0,6.72E0));
#5427=VERTEX_POINT('',#5425);
#5428=VERTEX_POINT('',#5426);
#5429=CARTESIAN_POINT('',(2.575E1,1.8E0,6.42E0));
#5430=CARTESIAN_POINT('',(2.525E1,1.8E0,6.92E0));
#5431=VERTEX_POINT('',#5429);
#5432=VERTEX_POINT('',#5430);
#5433=CARTESIAN_POINT('',(2.555E1,1.6E0,-6.42E0));
#5434=VERTEX_POINT('',#5433);
#5435=CARTESIAN_POINT('',(2.575E1,1.8E0,-6.419999999942E0));
#5436=VERTEX_POINT('',#5435);
#5437=CARTESIAN_POINT('',(2.525E1,1.6E0,-6.72E0));
#5438=VERTEX_POINT('',#5437);
#5439=CARTESIAN_POINT('',(2.525E1,1.8E0,-6.92E0));
#5440=VERTEX_POINT('',#5439);
#5441=CARTESIAN_POINT('',(-2.655E1,2.4E0,6.42E0));
#5442=CARTESIAN_POINT('',(-2.525E1,2.4E0,7.72E0));
#5443=VERTEX_POINT('',#5441);
#5444=VERTEX_POINT('',#5442);
#5445=CARTESIAN_POINT('',(-2.625E1,2.7E0,6.42E0));
#5446=CARTESIAN_POINT('',(-2.525E1,2.7E0,7.42E0));
#5447=VERTEX_POINT('',#5445);
#5448=VERTEX_POINT('',#5446);
#5449=CARTESIAN_POINT('',(-2.525E1,2.4E0,-7.72E0));
#5450=CARTESIAN_POINT('',(-2.655E1,2.4E0,-6.42E0));
#5451=VERTEX_POINT('',#5449);
#5452=VERTEX_POINT('',#5450);
#5453=CARTESIAN_POINT('',(-2.525E1,2.7E0,-7.42E0));
#5454=CARTESIAN_POINT('',(-2.625E1,2.7E0,-6.42E0));
#5455=VERTEX_POINT('',#5453);
#5456=VERTEX_POINT('',#5454);
#5457=CARTESIAN_POINT('',(2.655E1,2.4E0,-6.42E0));
#5458=CARTESIAN_POINT('',(2.525E1,2.4E0,-7.72E0));
#5459=VERTEX_POINT('',#5457);
#5460=VERTEX_POINT('',#5458);
#5461=CARTESIAN_POINT('',(2.625E1,2.7E0,-6.42E0));
#5462=CARTESIAN_POINT('',(2.525E1,2.7E0,-7.42E0));
#5463=VERTEX_POINT('',#5461);
#5464=VERTEX_POINT('',#5462);
#5465=CARTESIAN_POINT('',(2.525E1,2.4E0,7.72E0));
#5466=CARTESIAN_POINT('',(2.655E1,2.4E0,6.42E0));
#5467=VERTEX_POINT('',#5465);
#5468=VERTEX_POINT('',#5466);
#5469=CARTESIAN_POINT('',(2.525E1,2.7E0,7.42E0));
#5470=CARTESIAN_POINT('',(2.625E1,2.7E0,6.42E0));
#5471=VERTEX_POINT('',#5469);
#5472=VERTEX_POINT('',#5470);
#5473=CARTESIAN_POINT('',(-2.575E1,2.4E0,-6.42E0));
#5474=CARTESIAN_POINT('',(-2.525E1,2.4E0,-6.92E0));
#5475=VERTEX_POINT('',#5473);
#5476=VERTEX_POINT('',#5474);
#5477=CARTESIAN_POINT('',(-2.592320508076E1,2.7E0,-6.42E0));
#5478=CARTESIAN_POINT('',(-2.525E1,2.7E0,-7.093205080757E0));
#5479=VERTEX_POINT('',#5477);
#5480=VERTEX_POINT('',#5478);
#5481=CARTESIAN_POINT('',(-2.592320508076E1,2.7E0,6.42E0));
#5482=VERTEX_POINT('',#5481);
#5483=CARTESIAN_POINT('',(-2.575E1,2.4E0,6.42E0));
#5484=VERTEX_POINT('',#5483);
#5485=CARTESIAN_POINT('',(-2.525E1,2.4E0,6.92E0));
#5486=VERTEX_POINT('',#5485);
#5487=CARTESIAN_POINT('',(-2.525E1,2.7E0,7.093205080757E0));
#5488=VERTEX_POINT('',#5487);
#5489=CARTESIAN_POINT('',(2.575E1,2.4E0,6.42E0));
#5490=CARTESIAN_POINT('',(2.525E1,2.4E0,6.92E0));
#5491=VERTEX_POINT('',#5489);
#5492=VERTEX_POINT('',#5490);
#5493=CARTESIAN_POINT('',(2.592320508076E1,2.7E0,6.42E0));
#5494=CARTESIAN_POINT('',(2.525E1,2.7E0,7.093205080757E0));
#5495=VERTEX_POINT('',#5493);
#5496=VERTEX_POINT('',#5494);
#5497=CARTESIAN_POINT('',(2.592320508076E1,2.7E0,-6.42E0));
#5498=VERTEX_POINT('',#5497);
#5499=CARTESIAN_POINT('',(2.575E1,2.4E0,-6.42E0));
#5500=VERTEX_POINT('',#5499);
#5501=CARTESIAN_POINT('',(2.525E1,2.4E0,-6.92E0));
#5502=VERTEX_POINT('',#5501);
#5503=CARTESIAN_POINT('',(2.525E1,2.7E0,-7.093205080757E0));
#5504=VERTEX_POINT('',#5503);
#5505=CARTESIAN_POINT('',(2.75E1,0.E0,-2.4875E0));
#5506=CARTESIAN_POINT('',(2.75E1,0.E0,2.4875E0));
#5507=VERTEX_POINT('',#5505);
#5508=VERTEX_POINT('',#5506);
#5509=CARTESIAN_POINT('',(2.655E1,2.7E0,-2.4875E0));
#5510=CARTESIAN_POINT('',(2.655E1,2.7E0,2.4875E0));
#5511=VERTEX_POINT('',#5509);
#5512=VERTEX_POINT('',#5510);
#5513=CARTESIAN_POINT('',(2.655E1,0.E0,-2.4875E0));
#5514=CARTESIAN_POINT('',(2.655E1,2.4E0,-2.4875E0));
#5515=VERTEX_POINT('',#5513);
#5516=VERTEX_POINT('',#5514);
#5517=CARTESIAN_POINT('',(2.655E1,0.E0,2.4875E0));
#5518=CARTESIAN_POINT('',(2.655E1,2.4E0,2.4875E0));
#5519=VERTEX_POINT('',#5517);
#5520=VERTEX_POINT('',#5518);
#5521=CARTESIAN_POINT('',(2.625E1,2.7E0,-2.4875E0));
#5522=VERTEX_POINT('',#5521);
#5523=CARTESIAN_POINT('',(2.625E1,2.7E0,2.4875E0));
#5524=VERTEX_POINT('',#5523);
#5525=CARTESIAN_POINT('',(-2.75E1,0.E0,-1.4875E0));
#5526=CARTESIAN_POINT('',(-2.75E1,0.E0,1.4875E0));
#5527=VERTEX_POINT('',#5525);
#5528=VERTEX_POINT('',#5526);
#5529=CARTESIAN_POINT('',(-2.655E1,2.7E0,-1.4875E0));
#5530=CARTESIAN_POINT('',(-2.655E1,2.7E0,1.4875E0));
#5531=VERTEX_POINT('',#5529);
#5532=VERTEX_POINT('',#5530);
#5533=CARTESIAN_POINT('',(-2.655E1,0.E0,-1.4875E0));
#5534=CARTESIAN_POINT('',(-2.655E1,2.4E0,-1.4875E0));
#5535=VERTEX_POINT('',#5533);
#5536=VERTEX_POINT('',#5534);
#5537=CARTESIAN_POINT('',(-2.655E1,0.E0,1.4875E0));
#5538=CARTESIAN_POINT('',(-2.655E1,2.4E0,1.4875E0));
#5539=VERTEX_POINT('',#5537);
#5540=VERTEX_POINT('',#5538);
#5541=CARTESIAN_POINT('',(-2.625E1,2.7E0,-1.4875E0));
#5542=VERTEX_POINT('',#5541);
#5543=CARTESIAN_POINT('',(-2.625E1,2.7E0,1.4875E0));
#5544=VERTEX_POINT('',#5543);
#5545=CARTESIAN_POINT('',(-2.E0,0.E0,-8.22E0));
#5546=CARTESIAN_POINT('',(2.E0,0.E0,-8.22E0));
#5547=VERTEX_POINT('',#5545);
#5548=VERTEX_POINT('',#5546);
#5549=CARTESIAN_POINT('',(-2.E0,2.7E0,-7.52E0));
#5550=CARTESIAN_POINT('',(2.E0,2.7E0,-7.52E0));
#5551=VERTEX_POINT('',#5549);
#5552=VERTEX_POINT('',#5550);
#5553=CARTESIAN_POINT('',(-2.E0,2.7E0,7.52E0));
#5554=CARTESIAN_POINT('',(2.E0,2.7E0,7.52E0));
#5555=VERTEX_POINT('',#5553);
#5556=VERTEX_POINT('',#5554);
#5557=CARTESIAN_POINT('',(-2.E0,0.E0,8.22E0));
#5558=CARTESIAN_POINT('',(2.E0,0.E0,8.22E0));
#5559=VERTEX_POINT('',#5557);
#5560=VERTEX_POINT('',#5558);
#5561=CARTESIAN_POINT('',(-2.E0,0.E0,7.72E0));
#5562=CARTESIAN_POINT('',(-2.E0,2.4E0,7.72E0));
#5563=VERTEX_POINT('',#5561);
#5564=VERTEX_POINT('',#5562);
#5565=CARTESIAN_POINT('',(2.E0,0.E0,7.72E0));
#5566=CARTESIAN_POINT('',(2.E0,2.4E0,7.72E0));
#5567=VERTEX_POINT('',#5565);
#5568=VERTEX_POINT('',#5566);
#5569=CARTESIAN_POINT('',(-2.E0,0.E0,-7.72E0));
#5570=CARTESIAN_POINT('',(-2.E0,2.4E0,-7.72E0));
#5571=VERTEX_POINT('',#5569);
#5572=VERTEX_POINT('',#5570);
#5573=CARTESIAN_POINT('',(2.E0,0.E0,-7.72E0));
#5574=CARTESIAN_POINT('',(2.E0,2.4E0,-7.72E0));
#5575=VERTEX_POINT('',#5573);
#5576=VERTEX_POINT('',#5574);
#5577=CARTESIAN_POINT('',(-2.E0,2.7E0,7.42E0));
#5578=VERTEX_POINT('',#5577);
#5579=CARTESIAN_POINT('',(2.E0,2.7E0,7.42E0));
#5580=VERTEX_POINT('',#5579);
#5581=CARTESIAN_POINT('',(-2.E0,2.7E0,-7.42E0));
#5582=VERTEX_POINT('',#5581);
#5583=CARTESIAN_POINT('',(2.E0,2.7E0,-7.42E0));
#5584=VERTEX_POINT('',#5583);
#5585=CARTESIAN_POINT('',(1.84E1,0.E0,-8.22E0));
#5586=CARTESIAN_POINT('',(2.24E1,0.E0,-8.22E0));
#5587=VERTEX_POINT('',#5585);
#5588=VERTEX_POINT('',#5586);
#5589=CARTESIAN_POINT('',(1.84E1,2.7E0,-7.52E0));
#5590=CARTESIAN_POINT('',(2.24E1,2.7E0,-7.52E0));
#5591=VERTEX_POINT('',#5589);
#5592=VERTEX_POINT('',#5590);
#5593=CARTESIAN_POINT('',(1.84E1,2.7E0,7.52E0));
#5594=CARTESIAN_POINT('',(2.24E1,2.7E0,7.52E0));
#5595=VERTEX_POINT('',#5593);
#5596=VERTEX_POINT('',#5594);
#5597=CARTESIAN_POINT('',(1.84E1,0.E0,8.22E0));
#5598=CARTESIAN_POINT('',(2.24E1,0.E0,8.22E0));
#5599=VERTEX_POINT('',#5597);
#5600=VERTEX_POINT('',#5598);
#5601=CARTESIAN_POINT('',(1.84E1,0.E0,7.72E0));
#5602=CARTESIAN_POINT('',(1.84E1,2.4E0,7.72E0));
#5603=VERTEX_POINT('',#5601);
#5604=VERTEX_POINT('',#5602);
#5605=CARTESIAN_POINT('',(2.24E1,0.E0,7.72E0));
#5606=CARTESIAN_POINT('',(2.24E1,2.4E0,7.72E0));
#5607=VERTEX_POINT('',#5605);
#5608=VERTEX_POINT('',#5606);
#5609=CARTESIAN_POINT('',(1.84E1,0.E0,-7.72E0));
#5610=CARTESIAN_POINT('',(1.84E1,2.4E0,-7.72E0));
#5611=VERTEX_POINT('',#5609);
#5612=VERTEX_POINT('',#5610);
#5613=CARTESIAN_POINT('',(2.24E1,0.E0,-7.72E0));
#5614=CARTESIAN_POINT('',(2.24E1,2.4E0,-7.72E0));
#5615=VERTEX_POINT('',#5613);
#5616=VERTEX_POINT('',#5614);
#5617=CARTESIAN_POINT('',(1.83975E1,2.7E0,7.42E0));
#5618=VERTEX_POINT('',#5617);
#5619=CARTESIAN_POINT('',(2.24025E1,2.7E0,7.42E0));
#5620=VERTEX_POINT('',#5619);
#5621=CARTESIAN_POINT('',(1.83975E1,2.7E0,-7.42E0));
#5622=VERTEX_POINT('',#5621);
#5623=CARTESIAN_POINT('',(2.24025E1,2.7E0,-7.42E0));
#5624=VERTEX_POINT('',#5623);
#5625=CARTESIAN_POINT('',(-1.84E1,0.E0,-8.22E0));
#5626=CARTESIAN_POINT('',(-2.24E1,0.E0,-8.22E0));
#5627=VERTEX_POINT('',#5625);
#5628=VERTEX_POINT('',#5626);
#5629=CARTESIAN_POINT('',(-1.84E1,2.7E0,-7.52E0));
#5630=CARTESIAN_POINT('',(-2.24E1,2.7E0,-7.52E0));
#5631=VERTEX_POINT('',#5629);
#5632=VERTEX_POINT('',#5630);
#5633=CARTESIAN_POINT('',(-1.84E1,2.7E0,7.52E0));
#5634=CARTESIAN_POINT('',(-2.24E1,2.7E0,7.52E0));
#5635=VERTEX_POINT('',#5633);
#5636=VERTEX_POINT('',#5634);
#5637=CARTESIAN_POINT('',(-1.84E1,0.E0,8.22E0));
#5638=CARTESIAN_POINT('',(-2.24E1,0.E0,8.22E0));
#5639=VERTEX_POINT('',#5637);
#5640=VERTEX_POINT('',#5638);
#5641=CARTESIAN_POINT('',(-1.84E1,0.E0,7.72E0));
#5642=CARTESIAN_POINT('',(-1.84E1,2.4E0,7.72E0));
#5643=VERTEX_POINT('',#5641);
#5644=VERTEX_POINT('',#5642);
#5645=CARTESIAN_POINT('',(-2.24E1,0.E0,7.72E0));
#5646=CARTESIAN_POINT('',(-2.24E1,2.4E0,7.72E0));
#5647=VERTEX_POINT('',#5645);
#5648=VERTEX_POINT('',#5646);
#5649=CARTESIAN_POINT('',(-1.84E1,0.E0,-7.72E0));
#5650=CARTESIAN_POINT('',(-1.84E1,2.4E0,-7.72E0));
#5651=VERTEX_POINT('',#5649);
#5652=VERTEX_POINT('',#5650);
#5653=CARTESIAN_POINT('',(-2.24E1,0.E0,-7.72E0));
#5654=CARTESIAN_POINT('',(-2.24E1,2.4E0,-7.72E0));
#5655=VERTEX_POINT('',#5653);
#5656=VERTEX_POINT('',#5654);
#5657=CARTESIAN_POINT('',(-1.83975E1,2.7E0,7.42E0));
#5658=VERTEX_POINT('',#5657);
#5659=CARTESIAN_POINT('',(-2.24025E1,2.7E0,7.42E0));
#5660=VERTEX_POINT('',#5659);
#5661=CARTESIAN_POINT('',(-1.83975E1,2.7E0,-7.42E0));
#5662=VERTEX_POINT('',#5661);
#5663=CARTESIAN_POINT('',(-2.24025E1,2.7E0,-7.42E0));
#5664=VERTEX_POINT('',#5663);
#5665=CARTESIAN_POINT('',(2.005E0,1.988865175595E0,7.21E0));
#5666=CARTESIAN_POINT('',(-2.005E0,1.988865175595E0,7.21E0));
#5667=VERTEX_POINT('',#5665);
#5668=VERTEX_POINT('',#5666);
#5669=CARTESIAN_POINT('',(2.005E0,1.988865175595E0,-7.21E0));
#5670=CARTESIAN_POINT('',(-2.005E0,1.988865175595E0,-7.21E0));
#5671=VERTEX_POINT('',#5669);
#5672=VERTEX_POINT('',#5670);
#5673=CARTESIAN_POINT('',(-2.005E0,0.E0,7.314232007146E0));
#5674=CARTESIAN_POINT('',(2.005E0,0.E0,7.314232007146E0));
#5675=VERTEX_POINT('',#5673);
#5676=VERTEX_POINT('',#5674);
#5677=CARTESIAN_POINT('',(-2.005E0,0.E0,-7.314232007146E0));
#5678=CARTESIAN_POINT('',(2.005E0,0.E0,-7.314232007146E0));
#5679=VERTEX_POINT('',#5677);
#5680=VERTEX_POINT('',#5678);
#5681=CARTESIAN_POINT('',(2.005E0,1.8E0,6.92E0));
#5682=CARTESIAN_POINT('',(2.005E0,2.04E0,6.92E0));
#5683=VERTEX_POINT('',#5681);
#5684=VERTEX_POINT('',#5682);
#5685=CARTESIAN_POINT('',(-2.005E0,1.8E0,6.92E0));
#5686=CARTESIAN_POINT('',(-2.005E0,2.04E0,6.92E0));
#5687=VERTEX_POINT('',#5685);
#5688=VERTEX_POINT('',#5686);
#5689=CARTESIAN_POINT('',(2.005E0,1.8E0,-6.92E0));
#5690=CARTESIAN_POINT('',(2.005E0,2.04E0,-6.92E0));
#5691=VERTEX_POINT('',#5689);
#5692=VERTEX_POINT('',#5690);
#5693=CARTESIAN_POINT('',(-2.005E0,1.8E0,-6.92E0));
#5694=CARTESIAN_POINT('',(-2.005E0,2.04E0,-6.92E0));
#5695=VERTEX_POINT('',#5693);
#5696=VERTEX_POINT('',#5694);
#5697=CARTESIAN_POINT('',(2.75E1,2.95E0,-2.4875E0));
#5698=CARTESIAN_POINT('',(2.655E1,2.95E0,-2.4875E0));
#5699=VERTEX_POINT('',#5697);
#5700=VERTEX_POINT('',#5698);
#5701=CARTESIAN_POINT('',(2.75E1,3.35E0,-2.0875E0));
#5702=CARTESIAN_POINT('',(2.695E1,3.35E0,-2.0875E0));
#5703=VERTEX_POINT('',#5701);
#5704=VERTEX_POINT('',#5702);
#5705=CARTESIAN_POINT('',(2.655E1,2.95E0,2.4875E0));
#5706=VERTEX_POINT('',#5705);
#5707=CARTESIAN_POINT('',(2.695E1,3.35E0,2.0875E0));
#5708=VERTEX_POINT('',#5707);
#5709=CARTESIAN_POINT('',(2.75E1,2.95E0,2.4875E0));
#5710=VERTEX_POINT('',#5709);
#5711=CARTESIAN_POINT('',(2.75E1,3.35E0,2.0875E0));
#5712=VERTEX_POINT('',#5711);
#5713=CARTESIAN_POINT('',(2.24E1,2.95E0,-8.22E0));
#5714=CARTESIAN_POINT('',(2.24E1,2.95E0,-7.52E0));
#5715=VERTEX_POINT('',#5713);
#5716=VERTEX_POINT('',#5714);
#5717=CARTESIAN_POINT('',(2.2E1,3.35E0,-7.82E0));
#5718=CARTESIAN_POINT('',(2.2E1,3.35E0,-7.52E0));
#5719=VERTEX_POINT('',#5717);
#5720=VERTEX_POINT('',#5718);
#5721=CARTESIAN_POINT('',(1.88E1,3.35E0,-7.82E0));
#5722=VERTEX_POINT('',#5721);
#5723=CARTESIAN_POINT('',(1.84E1,2.95E0,-8.22E0));
#5724=VERTEX_POINT('',#5723);
#5725=CARTESIAN_POINT('',(1.84E1,2.95E0,-7.52E0));
#5726=VERTEX_POINT('',#5725);
#5727=CARTESIAN_POINT('',(1.88E1,3.35E0,-7.52E0));
#5728=VERTEX_POINT('',#5727);
#5729=CARTESIAN_POINT('',(2.E0,2.95E0,-8.22E0));
#5730=CARTESIAN_POINT('',(2.E0,2.95E0,-7.52E0));
#5731=VERTEX_POINT('',#5729);
#5732=VERTEX_POINT('',#5730);
#5733=CARTESIAN_POINT('',(1.6E0,3.35E0,-7.82E0));
#5734=CARTESIAN_POINT('',(1.6E0,3.35E0,-7.52E0));
#5735=VERTEX_POINT('',#5733);
#5736=VERTEX_POINT('',#5734);
#5737=CARTESIAN_POINT('',(-1.6E0,3.35E0,-7.82E0));
#5738=VERTEX_POINT('',#5737);
#5739=CARTESIAN_POINT('',(-2.E0,2.95E0,-8.22E0));
#5740=VERTEX_POINT('',#5739);
#5741=CARTESIAN_POINT('',(-2.E0,2.95E0,-7.52E0));
#5742=VERTEX_POINT('',#5741);
#5743=CARTESIAN_POINT('',(-1.6E0,3.35E0,-7.52E0));
#5744=VERTEX_POINT('',#5743);
#5745=CARTESIAN_POINT('',(-1.84E1,2.95E0,-8.22E0));
#5746=CARTESIAN_POINT('',(-1.84E1,2.95E0,-7.52E0));
#5747=VERTEX_POINT('',#5745);
#5748=VERTEX_POINT('',#5746);
#5749=CARTESIAN_POINT('',(-1.88E1,3.35E0,-7.82E0));
#5750=CARTESIAN_POINT('',(-1.88E1,3.35E0,-7.52E0));
#5751=VERTEX_POINT('',#5749);
#5752=VERTEX_POINT('',#5750);
#5753=CARTESIAN_POINT('',(-2.2E1,3.35E0,-7.82E0));
#5754=VERTEX_POINT('',#5753);
#5755=CARTESIAN_POINT('',(-2.24E1,2.95E0,-8.22E0));
#5756=VERTEX_POINT('',#5755);
#5757=CARTESIAN_POINT('',(-2.24E1,2.95E0,-7.52E0));
#5758=VERTEX_POINT('',#5757);
#5759=CARTESIAN_POINT('',(-2.2E1,3.35E0,-7.52E0));
#5760=VERTEX_POINT('',#5759);
#5761=CARTESIAN_POINT('',(-2.75E1,2.95E0,-1.4875E0));
#5762=CARTESIAN_POINT('',(-2.655E1,2.95E0,-1.4875E0));
#5763=VERTEX_POINT('',#5761);
#5764=VERTEX_POINT('',#5762);
#5765=CARTESIAN_POINT('',(-2.75E1,3.35E0,-1.0875E0));
#5766=CARTESIAN_POINT('',(-2.695E1,3.35E0,-1.0875E0));
#5767=VERTEX_POINT('',#5765);
#5768=VERTEX_POINT('',#5766);
#5769=CARTESIAN_POINT('',(-2.655E1,2.95E0,1.4875E0));
#5770=VERTEX_POINT('',#5769);
#5771=CARTESIAN_POINT('',(-2.695E1,3.35E0,1.0875E0));
#5772=VERTEX_POINT('',#5771);
#5773=CARTESIAN_POINT('',(-2.75E1,2.95E0,1.4875E0));
#5774=VERTEX_POINT('',#5773);
#5775=CARTESIAN_POINT('',(-2.75E1,3.35E0,1.0875E0));
#5776=VERTEX_POINT('',#5775);
#5777=CARTESIAN_POINT('',(-2.24E1,2.95E0,7.52E0));
#5778=CARTESIAN_POINT('',(-2.24E1,2.95E0,8.22E0));
#5779=VERTEX_POINT('',#5777);
#5780=VERTEX_POINT('',#5778);
#5781=CARTESIAN_POINT('',(-2.2E1,3.35E0,7.52E0));
#5782=CARTESIAN_POINT('',(-2.2E1,3.35E0,7.82E0));
#5783=VERTEX_POINT('',#5781);
#5784=VERTEX_POINT('',#5782);
#5785=CARTESIAN_POINT('',(-1.84E1,2.95E0,8.22E0));
#5786=VERTEX_POINT('',#5785);
#5787=CARTESIAN_POINT('',(-1.88E1,3.35E0,7.82E0));
#5788=VERTEX_POINT('',#5787);
#5789=CARTESIAN_POINT('',(-1.84E1,2.95E0,7.52E0));
#5790=VERTEX_POINT('',#5789);
#5791=CARTESIAN_POINT('',(-1.88E1,3.35E0,7.52E0));
#5792=VERTEX_POINT('',#5791);
#5793=CARTESIAN_POINT('',(-2.E0,2.95E0,7.52E0));
#5794=CARTESIAN_POINT('',(-2.E0,2.95E0,8.22E0));
#5795=VERTEX_POINT('',#5793);
#5796=VERTEX_POINT('',#5794);
#5797=CARTESIAN_POINT('',(-1.6E0,3.35E0,7.52E0));
#5798=CARTESIAN_POINT('',(-1.6E0,3.35E0,7.82E0));
#5799=VERTEX_POINT('',#5797);
#5800=VERTEX_POINT('',#5798);
#5801=CARTESIAN_POINT('',(2.E0,2.95E0,8.22E0));
#5802=VERTEX_POINT('',#5801);
#5803=CARTESIAN_POINT('',(1.6E0,3.35E0,7.82E0));
#5804=VERTEX_POINT('',#5803);
#5805=CARTESIAN_POINT('',(2.E0,2.95E0,7.52E0));
#5806=VERTEX_POINT('',#5805);
#5807=CARTESIAN_POINT('',(1.6E0,3.35E0,7.52E0));
#5808=VERTEX_POINT('',#5807);
#5809=CARTESIAN_POINT('',(1.84E1,2.95E0,7.52E0));
#5810=CARTESIAN_POINT('',(1.84E1,2.95E0,8.22E0));
#5811=VERTEX_POINT('',#5809);
#5812=VERTEX_POINT('',#5810);
#5813=CARTESIAN_POINT('',(1.88E1,3.35E0,7.52E0));
#5814=CARTESIAN_POINT('',(1.88E1,3.35E0,7.82E0));
#5815=VERTEX_POINT('',#5813);
#5816=VERTEX_POINT('',#5814);
#5817=CARTESIAN_POINT('',(2.24E1,2.95E0,8.22E0));
#5818=VERTEX_POINT('',#5817);
#5819=CARTESIAN_POINT('',(2.2E1,3.35E0,7.82E0));
#5820=VERTEX_POINT('',#5819);
#5821=CARTESIAN_POINT('',(2.24E1,2.95E0,7.52E0));
#5822=VERTEX_POINT('',#5821);
#5823=CARTESIAN_POINT('',(2.2E1,3.35E0,7.52E0));
#5824=VERTEX_POINT('',#5823);
#5825=CARTESIAN_POINT('',(2.2405E1,2.7E0,7.093205080757E0));
#5826=VERTEX_POINT('',#5825);
#5827=CARTESIAN_POINT('',(2.2405E1,2.7E0,-7.093205080757E0));
#5828=VERTEX_POINT('',#5827);
#5829=CARTESIAN_POINT('',(1.8395E1,2.7E0,7.093205080757E0));
#5830=VERTEX_POINT('',#5829);
#5831=CARTESIAN_POINT('',(1.8395E1,2.7E0,-7.093205080757E0));
#5832=VERTEX_POINT('',#5831);
#5833=CARTESIAN_POINT('',(2.2405E1,2.4E0,6.92E0));
#5834=CARTESIAN_POINT('',(2.2405E1,2.2E0,6.92E0));
#5835=VERTEX_POINT('',#5833);
#5836=VERTEX_POINT('',#5834);
#5837=CARTESIAN_POINT('',(1.8395E1,2.4E0,6.92E0));
#5838=CARTESIAN_POINT('',(1.8395E1,2.2E0,6.92E0));
#5839=VERTEX_POINT('',#5837);
#5840=VERTEX_POINT('',#5838);
#5841=CARTESIAN_POINT('',(2.2405E1,2.4E0,-6.92E0));
#5842=CARTESIAN_POINT('',(2.2405E1,2.2E0,-6.92E0));
#5843=VERTEX_POINT('',#5841);
#5844=VERTEX_POINT('',#5842);
#5845=CARTESIAN_POINT('',(1.8395E1,2.4E0,-6.92E0));
#5846=CARTESIAN_POINT('',(1.8395E1,2.2E0,-6.92E0));
#5847=VERTEX_POINT('',#5845);
#5848=VERTEX_POINT('',#5846);
#5849=CARTESIAN_POINT('',(-2.2405E1,2.7E0,7.093205080757E0));
#5850=VERTEX_POINT('',#5849);
#5851=CARTESIAN_POINT('',(-2.2405E1,2.7E0,-7.093205080757E0));
#5852=VERTEX_POINT('',#5851);
#5853=CARTESIAN_POINT('',(-1.8395E1,2.7E0,7.093205080757E0));
#5854=VERTEX_POINT('',#5853);
#5855=CARTESIAN_POINT('',(-1.8395E1,2.7E0,-7.093205080757E0));
#5856=VERTEX_POINT('',#5855);
#5857=CARTESIAN_POINT('',(-2.2405E1,2.4E0,6.92E0));
#5858=CARTESIAN_POINT('',(-2.2405E1,2.2E0,6.92E0));
#5859=VERTEX_POINT('',#5857);
#5860=VERTEX_POINT('',#5858);
#5861=CARTESIAN_POINT('',(-1.8395E1,2.4E0,6.92E0));
#5862=CARTESIAN_POINT('',(-1.8395E1,2.2E0,6.92E0));
#5863=VERTEX_POINT('',#5861);
#5864=VERTEX_POINT('',#5862);
#5865=CARTESIAN_POINT('',(-2.2405E1,2.4E0,-6.92E0));
#5866=CARTESIAN_POINT('',(-2.2405E1,2.2E0,-6.92E0));
#5867=VERTEX_POINT('',#5865);
#5868=VERTEX_POINT('',#5866);
#5869=CARTESIAN_POINT('',(-1.8395E1,2.4E0,-6.92E0));
#5870=CARTESIAN_POINT('',(-1.8395E1,2.2E0,-6.92E0));
#5871=VERTEX_POINT('',#5869);
#5872=VERTEX_POINT('',#5870);
#5873=CARTESIAN_POINT('',(8.815E0,1.988865175595E0,7.21E0));
#5874=CARTESIAN_POINT('',(4.805E0,1.988865175595E0,7.21E0));
#5875=VERTEX_POINT('',#5873);
#5876=VERTEX_POINT('',#5874);
#5877=CARTESIAN_POINT('',(8.815E0,1.988865175595E0,-7.21E0));
#5878=CARTESIAN_POINT('',(4.805E0,1.988865175595E0,-7.21E0));
#5879=VERTEX_POINT('',#5877);
#5880=VERTEX_POINT('',#5878);
#5881=CARTESIAN_POINT('',(4.805E0,0.E0,7.314232007146E0));
#5882=CARTESIAN_POINT('',(8.815E0,0.E0,7.314232007146E0));
#5883=VERTEX_POINT('',#5881);
#5884=VERTEX_POINT('',#5882);
#5885=CARTESIAN_POINT('',(4.805E0,0.E0,-7.314232007146E0));
#5886=CARTESIAN_POINT('',(8.815E0,0.E0,-7.314232007146E0));
#5887=VERTEX_POINT('',#5885);
#5888=VERTEX_POINT('',#5886);
#5889=CARTESIAN_POINT('',(8.815E0,1.8E0,6.92E0));
#5890=CARTESIAN_POINT('',(8.815E0,2.04E0,6.92E0));
#5891=VERTEX_POINT('',#5889);
#5892=VERTEX_POINT('',#5890);
#5893=CARTESIAN_POINT('',(4.805E0,1.8E0,6.92E0));
#5894=CARTESIAN_POINT('',(4.805E0,2.04E0,6.92E0));
#5895=VERTEX_POINT('',#5893);
#5896=VERTEX_POINT('',#5894);
#5897=CARTESIAN_POINT('',(8.815E0,1.8E0,-6.92E0));
#5898=CARTESIAN_POINT('',(8.815E0,2.04E0,-6.92E0));
#5899=VERTEX_POINT('',#5897);
#5900=VERTEX_POINT('',#5898);
#5901=CARTESIAN_POINT('',(4.805E0,1.8E0,-6.92E0));
#5902=CARTESIAN_POINT('',(4.805E0,2.04E0,-6.92E0));
#5903=VERTEX_POINT('',#5901);
#5904=VERTEX_POINT('',#5902);
#5905=CARTESIAN_POINT('',(1.5625E1,1.988865175595E0,7.21E0));
#5906=CARTESIAN_POINT('',(1.1615E1,1.988865175595E0,7.21E0));
#5907=VERTEX_POINT('',#5905);
#5908=VERTEX_POINT('',#5906);
#5909=CARTESIAN_POINT('',(1.5625E1,1.988865175595E0,-7.21E0));
#5910=CARTESIAN_POINT('',(1.1615E1,1.988865175595E0,-7.21E0));
#5911=VERTEX_POINT('',#5909);
#5912=VERTEX_POINT('',#5910);
#5913=CARTESIAN_POINT('',(2.2435E1,1.988865175595E0,7.21E0));
#5914=CARTESIAN_POINT('',(1.8425E1,1.988865175595E0,7.21E0));
#5915=VERTEX_POINT('',#5913);
#5916=VERTEX_POINT('',#5914);
#5917=CARTESIAN_POINT('',(2.2435E1,1.988865175595E0,-7.21E0));
#5918=CARTESIAN_POINT('',(1.8425E1,1.988865175595E0,-7.21E0));
#5919=VERTEX_POINT('',#5917);
#5920=VERTEX_POINT('',#5918);
#5921=CARTESIAN_POINT('',(1.1615E1,0.E0,7.314232007146E0));
#5922=CARTESIAN_POINT('',(1.5625E1,0.E0,7.314232007146E0));
#5923=VERTEX_POINT('',#5921);
#5924=VERTEX_POINT('',#5922);
#5925=CARTESIAN_POINT('',(1.1615E1,0.E0,-7.314232007146E0));
#5926=CARTESIAN_POINT('',(1.5625E1,0.E0,-7.314232007146E0));
#5927=VERTEX_POINT('',#5925);
#5928=VERTEX_POINT('',#5926);
#5929=CARTESIAN_POINT('',(1.8425E1,0.E0,7.314232007146E0));
#5930=CARTESIAN_POINT('',(2.2435E1,0.E0,7.314232007146E0));
#5931=VERTEX_POINT('',#5929);
#5932=VERTEX_POINT('',#5930);
#5933=CARTESIAN_POINT('',(1.8425E1,0.E0,-7.314232007146E0));
#5934=CARTESIAN_POINT('',(2.2435E1,0.E0,-7.314232007146E0));
#5935=VERTEX_POINT('',#5933);
#5936=VERTEX_POINT('',#5934);
#5937=CARTESIAN_POINT('',(1.5625E1,1.8E0,6.92E0));
#5938=CARTESIAN_POINT('',(1.5625E1,2.04E0,6.92E0));
#5939=VERTEX_POINT('',#5937);
#5940=VERTEX_POINT('',#5938);
#5941=CARTESIAN_POINT('',(1.1615E1,1.8E0,6.92E0));
#5942=CARTESIAN_POINT('',(1.1615E1,2.04E0,6.92E0));
#5943=VERTEX_POINT('',#5941);
#5944=VERTEX_POINT('',#5942);
#5945=CARTESIAN_POINT('',(2.2435E1,1.8E0,6.92E0));
#5946=CARTESIAN_POINT('',(2.2435E1,2.04E0,6.92E0));
#5947=VERTEX_POINT('',#5945);
#5948=VERTEX_POINT('',#5946);
#5949=CARTESIAN_POINT('',(1.8425E1,1.8E0,6.92E0));
#5950=CARTESIAN_POINT('',(1.8425E1,2.04E0,6.92E0));
#5951=VERTEX_POINT('',#5949);
#5952=VERTEX_POINT('',#5950);
#5953=CARTESIAN_POINT('',(1.5625E1,1.8E0,-6.92E0));
#5954=CARTESIAN_POINT('',(1.5625E1,2.04E0,-6.92E0));
#5955=VERTEX_POINT('',#5953);
#5956=VERTEX_POINT('',#5954);
#5957=CARTESIAN_POINT('',(1.1615E1,1.8E0,-6.92E0));
#5958=CARTESIAN_POINT('',(1.1615E1,2.04E0,-6.92E0));
#5959=VERTEX_POINT('',#5957);
#5960=VERTEX_POINT('',#5958);
#5961=CARTESIAN_POINT('',(2.2435E1,1.8E0,-6.92E0));
#5962=CARTESIAN_POINT('',(2.2435E1,2.04E0,-6.92E0));
#5963=VERTEX_POINT('',#5961);
#5964=VERTEX_POINT('',#5962);
#5965=CARTESIAN_POINT('',(1.8425E1,1.8E0,-6.92E0));
#5966=CARTESIAN_POINT('',(1.8425E1,2.04E0,-6.92E0));
#5967=VERTEX_POINT('',#5965);
#5968=VERTEX_POINT('',#5966);
#5969=CARTESIAN_POINT('',(-8.815E0,1.988865175595E0,7.21E0));
#5970=CARTESIAN_POINT('',(-4.805E0,1.988865175595E0,7.21E0));
#5971=VERTEX_POINT('',#5969);
#5972=VERTEX_POINT('',#5970);
#5973=CARTESIAN_POINT('',(-8.815E0,1.988865175595E0,-7.21E0));
#5974=CARTESIAN_POINT('',(-4.805E0,1.988865175595E0,-7.21E0));
#5975=VERTEX_POINT('',#5973);
#5976=VERTEX_POINT('',#5974);
#5977=CARTESIAN_POINT('',(-4.805E0,0.E0,7.314232007146E0));
#5978=CARTESIAN_POINT('',(-8.815E0,0.E0,7.314232007146E0));
#5979=VERTEX_POINT('',#5977);
#5980=VERTEX_POINT('',#5978);
#5981=CARTESIAN_POINT('',(-4.805E0,0.E0,-7.314232007146E0));
#5982=CARTESIAN_POINT('',(-8.815E0,0.E0,-7.314232007146E0));
#5983=VERTEX_POINT('',#5981);
#5984=VERTEX_POINT('',#5982);
#5985=CARTESIAN_POINT('',(-8.815E0,1.8E0,6.92E0));
#5986=CARTESIAN_POINT('',(-8.815E0,2.04E0,6.92E0));
#5987=VERTEX_POINT('',#5985);
#5988=VERTEX_POINT('',#5986);
#5989=CARTESIAN_POINT('',(-4.805E0,1.8E0,6.92E0));
#5990=CARTESIAN_POINT('',(-4.805E0,2.04E0,6.92E0));
#5991=VERTEX_POINT('',#5989);
#5992=VERTEX_POINT('',#5990);
#5993=CARTESIAN_POINT('',(-8.815E0,1.8E0,-6.92E0));
#5994=CARTESIAN_POINT('',(-8.815E0,2.04E0,-6.92E0));
#5995=VERTEX_POINT('',#5993);
#5996=VERTEX_POINT('',#5994);
#5997=CARTESIAN_POINT('',(-4.805E0,1.8E0,-6.92E0));
#5998=CARTESIAN_POINT('',(-4.805E0,2.04E0,-6.92E0));
#5999=VERTEX_POINT('',#5997);
#6000=VERTEX_POINT('',#5998);
#6001=CARTESIAN_POINT('',(-1.5625E1,1.988865175595E0,7.21E0));
#6002=CARTESIAN_POINT('',(-1.1615E1,1.988865175595E0,7.21E0));
#6003=VERTEX_POINT('',#6001);
#6004=VERTEX_POINT('',#6002);
#6005=CARTESIAN_POINT('',(-1.5625E1,1.988865175595E0,-7.21E0));
#6006=CARTESIAN_POINT('',(-1.1615E1,1.988865175595E0,-7.21E0));
#6007=VERTEX_POINT('',#6005);
#6008=VERTEX_POINT('',#6006);
#6009=CARTESIAN_POINT('',(-2.2435E1,1.988865175595E0,7.21E0));
#6010=CARTESIAN_POINT('',(-1.8425E1,1.988865175595E0,7.21E0));
#6011=VERTEX_POINT('',#6009);
#6012=VERTEX_POINT('',#6010);
#6013=CARTESIAN_POINT('',(-2.2435E1,1.988865175595E0,-7.21E0));
#6014=CARTESIAN_POINT('',(-1.8425E1,1.988865175595E0,-7.21E0));
#6015=VERTEX_POINT('',#6013);
#6016=VERTEX_POINT('',#6014);
#6017=CARTESIAN_POINT('',(-1.1615E1,0.E0,7.314232007146E0));
#6018=CARTESIAN_POINT('',(-1.5625E1,0.E0,7.314232007146E0));
#6019=VERTEX_POINT('',#6017);
#6020=VERTEX_POINT('',#6018);
#6021=CARTESIAN_POINT('',(-1.1615E1,0.E0,-7.314232007146E0));
#6022=CARTESIAN_POINT('',(-1.5625E1,0.E0,-7.314232007146E0));
#6023=VERTEX_POINT('',#6021);
#6024=VERTEX_POINT('',#6022);
#6025=CARTESIAN_POINT('',(-1.8425E1,0.E0,7.314232007146E0));
#6026=CARTESIAN_POINT('',(-2.2435E1,0.E0,7.314232007146E0));
#6027=VERTEX_POINT('',#6025);
#6028=VERTEX_POINT('',#6026);
#6029=CARTESIAN_POINT('',(-1.8425E1,0.E0,-7.314232007146E0));
#6030=CARTESIAN_POINT('',(-2.2435E1,0.E0,-7.314232007146E0));
#6031=VERTEX_POINT('',#6029);
#6032=VERTEX_POINT('',#6030);
#6033=CARTESIAN_POINT('',(-1.5625E1,1.8E0,6.92E0));
#6034=CARTESIAN_POINT('',(-1.5625E1,2.04E0,6.92E0));
#6035=VERTEX_POINT('',#6033);
#6036=VERTEX_POINT('',#6034);
#6037=CARTESIAN_POINT('',(-1.1615E1,1.8E0,6.92E0));
#6038=CARTESIAN_POINT('',(-1.1615E1,2.04E0,6.92E0));
#6039=VERTEX_POINT('',#6037);
#6040=VERTEX_POINT('',#6038);
#6041=CARTESIAN_POINT('',(-2.2435E1,1.8E0,6.92E0));
#6042=CARTESIAN_POINT('',(-2.2435E1,2.04E0,6.92E0));
#6043=VERTEX_POINT('',#6041);
#6044=VERTEX_POINT('',#6042);
#6045=CARTESIAN_POINT('',(-1.8425E1,1.8E0,6.92E0));
#6046=CARTESIAN_POINT('',(-1.8425E1,2.04E0,6.92E0));
#6047=VERTEX_POINT('',#6045);
#6048=VERTEX_POINT('',#6046);
#6049=CARTESIAN_POINT('',(-1.5625E1,1.8E0,-6.92E0));
#6050=CARTESIAN_POINT('',(-1.5625E1,2.04E0,-6.92E0));
#6051=VERTEX_POINT('',#6049);
#6052=VERTEX_POINT('',#6050);
#6053=CARTESIAN_POINT('',(-1.1615E1,1.8E0,-6.92E0));
#6054=CARTESIAN_POINT('',(-1.1615E1,2.04E0,-6.92E0));
#6055=VERTEX_POINT('',#6053);
#6056=VERTEX_POINT('',#6054);
#6057=CARTESIAN_POINT('',(-2.2435E1,1.8E0,-6.92E0));
#6058=CARTESIAN_POINT('',(-2.2435E1,2.04E0,-6.92E0));
#6059=VERTEX_POINT('',#6057);
#6060=VERTEX_POINT('',#6058);
#6061=CARTESIAN_POINT('',(-1.8425E1,1.8E0,-6.92E0));
#6062=CARTESIAN_POINT('',(-1.8425E1,2.04E0,-6.92E0));
#6063=VERTEX_POINT('',#6061);
#6064=VERTEX_POINT('',#6062);
#6065=VERTEX_POINT('',#4879);
#6066=VERTEX_POINT('',#4884);
#6067=CARTESIAN_POINT('',(-2.464024878140E1,2.134118996175E0,5.732473716871E0));
#6068=VERTEX_POINT('',#6067);
#6069=VERTEX_POINT('',#4950);
#6070=VERTEX_POINT('',#4890);
#6071=VERTEX_POINT('',#4895);
#6072=CARTESIAN_POINT('',(-2.464024878140E1,2.158471397705E0,5.635484230123E0));
#6073=VERTEX_POINT('',#6072);
#6074=VERTEX_POINT('',#4971);
#6075=CARTESIAN_POINT('',(-2.4385E1,1.775881003825E0,5.642526283129E0));
#6076=CARTESIAN_POINT('',(-2.4385E1,1.715E0,5.635E0));
#6077=VERTEX_POINT('',#6075);
#6078=VERTEX_POINT('',#6076);
#6079=CARTESIAN_POINT('',(-2.4385E1,2.134118996175E0,5.732473716871E0));
#6080=VERTEX_POINT('',#6079);
#6081=CARTESIAN_POINT('',(-2.4385E1,2.347439024390E0,5.688147278162E0));
#6082=VERTEX_POINT('',#6081);
#6083=CARTESIAN_POINT('',(-2.4385E1,1.800233405355E0,5.545536796380E0));
#6084=CARTESIAN_POINT('',(-2.4385E1,1.715E0,5.535E0));
#6085=VERTEX_POINT('',#6083);
#6086=VERTEX_POINT('',#6084);
#6087=CARTESIAN_POINT('',(-2.4385E1,2.158471397705E0,5.635484230123E0));
#6088=VERTEX_POINT('',#6087);
#6089=CARTESIAN_POINT('',(-2.4385E1,2.286463414634E0,5.608888366897E0));
#6090=VERTEX_POINT('',#6089);
#6091=CARTESIAN_POINT('',(-2.4215E1,1.625E0,5.635E0));
#6092=CARTESIAN_POINT('',(-2.4215E1,1.625E0,5.535E0));
#6093=VERTEX_POINT('',#6091);
#6094=VERTEX_POINT('',#6092);
#6095=CARTESIAN_POINT('',(-2.4315E1,1.625E0,5.635E0));
#6096=CARTESIAN_POINT('',(-2.4315E1,1.625E0,5.535E0));
#6097=VERTEX_POINT('',#6095);
#6098=VERTEX_POINT('',#6096);
#6099=CARTESIAN_POINT('',(-2.4385E1,1.695E0,5.635E0));
#6100=CARTESIAN_POINT('',(-2.4385E1,1.695E0,5.535E0));
#6101=VERTEX_POINT('',#6099);
#6102=VERTEX_POINT('',#6100);
#6103=CARTESIAN_POINT('',(-2.461916850808E1,2.482766945542E0,5.584036555751E0));
#6104=CARTESIAN_POINT('',(-2.462448348617E1,2.462333959723E0,5.599756097561E0));
#6105=VERTEX_POINT('',#6103);
#6106=VERTEX_POINT('',#6104);
#6107=CARTESIAN_POINT('',(-2.4385E1,2.462333959723E0,5.599756097561E0));
#6108=CARTESIAN_POINT('',(-2.439065604590E1,2.485751936779E0,5.581740136864E0));
#6109=VERTEX_POINT('',#6107);
#6110=VERTEX_POINT('',#6108);
#6111=CARTESIAN_POINT('',(-2.443039858570E1,2.565010848044E0,5.520764527108E0));
#6112=VERTEX_POINT('',#6111);
#6113=CARTESIAN_POINT('',(-2.450474254349E1,2.605E0,5.49E0));
#6114=VERTEX_POINT('',#6113);
#6115=CARTESIAN_POINT('',(-2.457936964926E1,2.564438068513E0,5.521205178898E0));
#6116=VERTEX_POINT('',#6115);
#6117=CARTESIAN_POINT('',(-2.461916850808E1,2.421791335786E0,5.504777644486E0));
#6118=CARTESIAN_POINT('',(-2.462448348617E1,2.401358349967E0,5.520497186296E0));
#6119=VERTEX_POINT('',#6117);
#6120=VERTEX_POINT('',#6118);
#6121=CARTESIAN_POINT('',(-2.4385E1,2.401358349967E0,5.520497186296E0));
#6122=CARTESIAN_POINT('',(-2.439065604590E1,2.424776327023E0,5.502481225599E0));
#6123=VERTEX_POINT('',#6121);
#6124=VERTEX_POINT('',#6122);
#6125=CARTESIAN_POINT('',(-2.443039858570E1,2.504035238288E0,5.441505615843E0));
#6126=VERTEX_POINT('',#6125);
#6127=CARTESIAN_POINT('',(-2.450474254349E1,2.544024390244E0,5.410741088735E0));
#6128=VERTEX_POINT('',#6127);
#6129=CARTESIAN_POINT('',(-2.457936964926E1,2.503462458757E0,5.441946267633E0));
#6130=VERTEX_POINT('',#6129);
#6131=VERTEX_POINT('',#4591);
#6132=VERTEX_POINT('',#4596);
#6133=CARTESIAN_POINT('',(-2.489092094832E1,2.158471397705E0,5.794515769877E0));
#6134=VERTEX_POINT('',#6133);
#6135=VERTEX_POINT('',#4628);
#6136=VERTEX_POINT('',#4602);
#6137=VERTEX_POINT('',#4607);
#6138=CARTESIAN_POINT('',(-2.489092094832E1,2.134118996175E0,5.697526283129E0));
#6139=VERTEX_POINT('',#6138);
#6140=VERTEX_POINT('',#4651);
#6141=CARTESIAN_POINT('',(-2.5145E1,1.800233405355E0,5.884463203620E0));
#6142=CARTESIAN_POINT('',(-2.5145E1,1.715E0,5.895E0));
#6143=VERTEX_POINT('',#6141);
#6144=VERTEX_POINT('',#6142);
#6145=CARTESIAN_POINT('',(-2.5145E1,2.158471397705E0,5.794515769877E0));
#6146=VERTEX_POINT('',#6145);
#6147=CARTESIAN_POINT('',(-2.5145E1,2.286463414634E0,5.821111633103E0));
#6148=VERTEX_POINT('',#6147);
#6149=CARTESIAN_POINT('',(-2.5145E1,1.775881003825E0,5.787473716871E0));
#6150=CARTESIAN_POINT('',(-2.5145E1,1.715E0,5.795E0));
#6151=VERTEX_POINT('',#6149);
#6152=VERTEX_POINT('',#6150);
#6153=CARTESIAN_POINT('',(-2.5145E1,2.134118996175E0,5.697526283129E0));
#6154=VERTEX_POINT('',#6153);
#6155=CARTESIAN_POINT('',(-2.5145E1,2.347439024390E0,5.741852721838E0));
#6156=VERTEX_POINT('',#6155);
#6157=CARTESIAN_POINT('',(-2.5315E1,1.625E0,5.895E0));
#6158=CARTESIAN_POINT('',(-2.5315E1,1.625E0,5.795E0));
#6159=VERTEX_POINT('',#6157);
#6160=VERTEX_POINT('',#6158);
#6161=CARTESIAN_POINT('',(-2.5145E1,1.695E0,5.895E0));
#6162=CARTESIAN_POINT('',(-2.5145E1,1.695E0,5.795E0));
#6163=VERTEX_POINT('',#6161);
#6164=VERTEX_POINT('',#6162);
#6165=CARTESIAN_POINT('',(-2.5215E1,1.625E0,5.895E0));
#6166=CARTESIAN_POINT('',(-2.5215E1,1.625E0,5.795E0));
#6167=VERTEX_POINT('',#6165);
#6168=VERTEX_POINT('',#6166);
#6169=CARTESIAN_POINT('',(-2.490867154179E1,2.425500967740E0,5.928076256315E0));
#6170=CARTESIAN_POINT('',(-2.490270351210E1,2.403770561674E0,5.911358580801E0));
#6171=VERTEX_POINT('',#6169);
#6172=VERTEX_POINT('',#6170);
#6173=CARTESIAN_POINT('',(-2.5145E1,2.401358349967E0,5.909502813704E0));
#6174=CARTESIAN_POINT('',(-2.513897405786E1,2.425500967740E0,5.928076256315E0));
#6175=VERTEX_POINT('',#6173);
#6176=VERTEX_POINT('',#6174);
#6177=CARTESIAN_POINT('',(-2.509779685769E1,2.504759879004E0,5.989051866071E0));
#6178=VERTEX_POINT('',#6177);
#6179=CARTESIAN_POINT('',(-2.502382279983E1,2.544024390244E0,6.019258911265E0));
#6180=VERTEX_POINT('',#6179);
#6181=CARTESIAN_POINT('',(-2.494984874196E1,2.504759879004E0,5.989051866071E0));
#6182=VERTEX_POINT('',#6181);
#6183=CARTESIAN_POINT('',(-2.490867154179E1,2.486476577496E0,5.848817345050E0));
#6184=CARTESIAN_POINT('',(-2.490270351210E1,2.464746171430E0,5.832099669536E0));
#6185=VERTEX_POINT('',#6183);
#6186=VERTEX_POINT('',#6184);
#6187=CARTESIAN_POINT('',(-2.5145E1,2.462333959723E0,5.830243902439E0));
#6188=CARTESIAN_POINT('',(-2.513897405786E1,2.486476577496E0,5.848817345050E0));
#6189=VERTEX_POINT('',#6187);
#6190=VERTEX_POINT('',#6188);
#6191=CARTESIAN_POINT('',(-2.509779685769E1,2.565735488761E0,5.909792954806E0));
#6192=VERTEX_POINT('',#6191);
#6193=CARTESIAN_POINT('',(-2.502382279983E1,2.605E0,5.94E0));
#6194=VERTEX_POINT('',#6193);
#6195=CARTESIAN_POINT('',(-2.494984874196E1,2.565735488761E0,5.909792954806E0));
#6196=VERTEX_POINT('',#6195);
#6197=VERTEX_POINT('',#4239);
#6198=VERTEX_POINT('',#4244);
#6199=CARTESIAN_POINT('',(-2.464024878140E1,2.134118996175E0,
-5.697526283129E0));
#6200=VERTEX_POINT('',#6199);
#6201=VERTEX_POINT('',#4310);
#6202=VERTEX_POINT('',#4250);
#6203=VERTEX_POINT('',#4255);
#6204=CARTESIAN_POINT('',(-2.464024878140E1,2.158471397705E0,
-5.794515769877E0));
#6205=VERTEX_POINT('',#6204);
#6206=VERTEX_POINT('',#4331);
#6207=CARTESIAN_POINT('',(-2.4385E1,1.775881003825E0,-5.787473716871E0));
#6208=CARTESIAN_POINT('',(-2.4385E1,1.715E0,-5.795E0));
#6209=VERTEX_POINT('',#6207);
#6210=VERTEX_POINT('',#6208);
#6211=CARTESIAN_POINT('',(-2.4385E1,2.134118996175E0,-5.697526283129E0));
#6212=VERTEX_POINT('',#6211);
#6213=CARTESIAN_POINT('',(-2.4385E1,2.347439024390E0,-5.741852721838E0));
#6214=VERTEX_POINT('',#6213);
#6215=CARTESIAN_POINT('',(-2.4385E1,1.800233405355E0,-5.884463203620E0));
#6216=CARTESIAN_POINT('',(-2.4385E1,1.715E0,-5.895E0));
#6217=VERTEX_POINT('',#6215);
#6218=VERTEX_POINT('',#6216);
#6219=CARTESIAN_POINT('',(-2.4385E1,2.158471397705E0,-5.794515769877E0));
#6220=VERTEX_POINT('',#6219);
#6221=CARTESIAN_POINT('',(-2.4385E1,2.286463414634E0,-5.821111633103E0));
#6222=VERTEX_POINT('',#6221);
#6223=CARTESIAN_POINT('',(-2.4215E1,1.625E0,-5.795E0));
#6224=CARTESIAN_POINT('',(-2.4215E1,1.625E0,-5.895E0));
#6225=VERTEX_POINT('',#6223);
#6226=VERTEX_POINT('',#6224);
#6227=CARTESIAN_POINT('',(-2.4315E1,1.625E0,-5.795E0));
#6228=CARTESIAN_POINT('',(-2.4315E1,1.625E0,-5.895E0));
#6229=VERTEX_POINT('',#6227);
#6230=VERTEX_POINT('',#6228);
#6231=CARTESIAN_POINT('',(-2.4385E1,1.695E0,-5.795E0));
#6232=CARTESIAN_POINT('',(-2.4385E1,1.695E0,-5.895E0));
#6233=VERTEX_POINT('',#6231);
#6234=VERTEX_POINT('',#6232);
#6235=CARTESIAN_POINT('',(-2.461916850808E1,2.482766945542E0,
-5.845963444249E0));
#6236=CARTESIAN_POINT('',(-2.462448348617E1,2.462333959723E0,
-5.830243902439E0));
#6237=VERTEX_POINT('',#6235);
#6238=VERTEX_POINT('',#6236);
#6239=CARTESIAN_POINT('',(-2.4385E1,2.462333959723E0,-5.830243902439E0));
#6240=CARTESIAN_POINT('',(-2.439065604590E1,2.485751936779E0,
-5.848259863136E0));
#6241=VERTEX_POINT('',#6239);
#6242=VERTEX_POINT('',#6240);
#6243=CARTESIAN_POINT('',(-2.443039858570E1,2.565010848044E0,
-5.909235472892E0));
#6244=VERTEX_POINT('',#6243);
#6245=CARTESIAN_POINT('',(-2.450474254349E1,2.605E0,-5.94E0));
#6246=VERTEX_POINT('',#6245);
#6247=CARTESIAN_POINT('',(-2.457936964926E1,2.564438068513E0,
-5.908794821102E0));
#6248=VERTEX_POINT('',#6247);
#6249=CARTESIAN_POINT('',(-2.461916850808E1,2.421791335786E0,
-5.925222355514E0));
#6250=CARTESIAN_POINT('',(-2.462448348617E1,2.401358349967E0,
-5.909502813704E0));
#6251=VERTEX_POINT('',#6249);
#6252=VERTEX_POINT('',#6250);
#6253=CARTESIAN_POINT('',(-2.4385E1,2.401358349967E0,-5.909502813704E0));
#6254=CARTESIAN_POINT('',(-2.439065604590E1,2.424776327023E0,
-5.927518774401E0));
#6255=VERTEX_POINT('',#6253);
#6256=VERTEX_POINT('',#6254);
#6257=CARTESIAN_POINT('',(-2.443039858570E1,2.504035238288E0,
-5.988494384157E0));
#6258=VERTEX_POINT('',#6257);
#6259=CARTESIAN_POINT('',(-2.450474254349E1,2.544024390244E0,
-6.019258911265E0));
#6260=VERTEX_POINT('',#6259);
#6261=CARTESIAN_POINT('',(-2.457936964926E1,2.503462458757E0,
-5.988053732367E0));
#6262=VERTEX_POINT('',#6261);
#6263=VERTEX_POINT('',#3951);
#6264=VERTEX_POINT('',#3956);
#6265=CARTESIAN_POINT('',(-2.489092094832E1,2.158471397705E0,
-5.635484230123E0));
#6266=VERTEX_POINT('',#6265);
#6267=VERTEX_POINT('',#3988);
#6268=VERTEX_POINT('',#3962);
#6269=VERTEX_POINT('',#3967);
#6270=CARTESIAN_POINT('',(-2.489092094832E1,2.134118996175E0,
-5.732473716871E0));
#6271=VERTEX_POINT('',#6270);
#6272=VERTEX_POINT('',#4011);
#6273=CARTESIAN_POINT('',(-2.5145E1,1.800233405355E0,-5.545536796380E0));
#6274=CARTESIAN_POINT('',(-2.5145E1,1.715E0,-5.535E0));
#6275=VERTEX_POINT('',#6273);
#6276=VERTEX_POINT('',#6274);
#6277=CARTESIAN_POINT('',(-2.5145E1,2.158471397705E0,-5.635484230123E0));
#6278=VERTEX_POINT('',#6277);
#6279=CARTESIAN_POINT('',(-2.5145E1,2.286463414634E0,-5.608888366897E0));
#6280=VERTEX_POINT('',#6279);
#6281=CARTESIAN_POINT('',(-2.5145E1,1.775881003825E0,-5.642526283129E0));
#6282=CARTESIAN_POINT('',(-2.5145E1,1.715E0,-5.635E0));
#6283=VERTEX_POINT('',#6281);
#6284=VERTEX_POINT('',#6282);
#6285=CARTESIAN_POINT('',(-2.5145E1,2.134118996175E0,-5.732473716871E0));
#6286=VERTEX_POINT('',#6285);
#6287=CARTESIAN_POINT('',(-2.5145E1,2.347439024390E0,-5.688147278162E0));
#6288=VERTEX_POINT('',#6287);
#6289=CARTESIAN_POINT('',(-2.5315E1,1.625E0,-5.535E0));
#6290=CARTESIAN_POINT('',(-2.5315E1,1.625E0,-5.635E0));
#6291=VERTEX_POINT('',#6289);
#6292=VERTEX_POINT('',#6290);
#6293=CARTESIAN_POINT('',(-2.5145E1,1.695E0,-5.535E0));
#6294=CARTESIAN_POINT('',(-2.5145E1,1.695E0,-5.635E0));
#6295=VERTEX_POINT('',#6293);
#6296=VERTEX_POINT('',#6294);
#6297=CARTESIAN_POINT('',(-2.5215E1,1.625E0,-5.535E0));
#6298=CARTESIAN_POINT('',(-2.5215E1,1.625E0,-5.635E0));
#6299=VERTEX_POINT('',#6297);
#6300=VERTEX_POINT('',#6298);
#6301=CARTESIAN_POINT('',(-2.490867154179E1,2.425500967740E0,
-5.501923743685E0));
#6302=CARTESIAN_POINT('',(-2.490270351210E1,2.403770561674E0,
-5.518641419199E0));
#6303=VERTEX_POINT('',#6301);
#6304=VERTEX_POINT('',#6302);
#6305=CARTESIAN_POINT('',(-2.5145E1,2.401358349967E0,-5.520497186296E0));
#6306=CARTESIAN_POINT('',(-2.513897405786E1,2.425500967740E0,
-5.501923743685E0));
#6307=VERTEX_POINT('',#6305);
#6308=VERTEX_POINT('',#6306);
#6309=CARTESIAN_POINT('',(-2.509779685769E1,2.504759879004E0,
-5.440948133929E0));
#6310=VERTEX_POINT('',#6309);
#6311=CARTESIAN_POINT('',(-2.502382279983E1,2.544024390244E0,
-5.410741088735E0));
#6312=VERTEX_POINT('',#6311);
#6313=CARTESIAN_POINT('',(-2.494984874196E1,2.504759879004E0,
-5.440948133929E0));
#6314=VERTEX_POINT('',#6313);
#6315=CARTESIAN_POINT('',(-2.490867154179E1,2.486476577496E0,
-5.581182654950E0));
#6316=CARTESIAN_POINT('',(-2.490270351210E1,2.464746171430E0,
-5.597900330464E0));
#6317=VERTEX_POINT('',#6315);
#6318=VERTEX_POINT('',#6316);
#6319=CARTESIAN_POINT('',(-2.5145E1,2.462333959723E0,-5.599756097561E0));
#6320=CARTESIAN_POINT('',(-2.513897405786E1,2.486476577496E0,
-5.581182654950E0));
#6321=VERTEX_POINT('',#6319);
#6322=VERTEX_POINT('',#6320);
#6323=CARTESIAN_POINT('',(-2.509779685769E1,2.565735488761E0,
-5.520207045194E0));
#6324=VERTEX_POINT('',#6323);
#6325=CARTESIAN_POINT('',(-2.502382279983E1,2.605E0,-5.49E0));
#6326=VERTEX_POINT('',#6325);
#6327=CARTESIAN_POINT('',(-2.494984874196E1,2.565735488761E0,
-5.520207045194E0));
#6328=VERTEX_POINT('',#6327);
#6329=VERTEX_POINT('',#3599);
#6330=VERTEX_POINT('',#3604);
#6331=CARTESIAN_POINT('',(2.488975121860E1,2.134118996175E0,5.732473716871E0));
#6332=VERTEX_POINT('',#6331);
#6333=VERTEX_POINT('',#3670);
#6334=VERTEX_POINT('',#3610);
#6335=VERTEX_POINT('',#3615);
#6336=CARTESIAN_POINT('',(2.488975121860E1,2.158471397705E0,5.635484230123E0));
#6337=VERTEX_POINT('',#6336);
#6338=VERTEX_POINT('',#3691);
#6339=CARTESIAN_POINT('',(2.5145E1,1.775881003825E0,5.642526283129E0));
#6340=CARTESIAN_POINT('',(2.5145E1,1.715E0,5.635E0));
#6341=VERTEX_POINT('',#6339);
#6342=VERTEX_POINT('',#6340);
#6343=CARTESIAN_POINT('',(2.5145E1,2.134118996175E0,5.732473716871E0));
#6344=VERTEX_POINT('',#6343);
#6345=CARTESIAN_POINT('',(2.5145E1,2.347439024390E0,5.688147278162E0));
#6346=VERTEX_POINT('',#6345);
#6347=CARTESIAN_POINT('',(2.5145E1,1.800233405355E0,5.545536796380E0));
#6348=CARTESIAN_POINT('',(2.5145E1,1.715E0,5.535E0));
#6349=VERTEX_POINT('',#6347);
#6350=VERTEX_POINT('',#6348);
#6351=CARTESIAN_POINT('',(2.5145E1,2.158471397705E0,5.635484230123E0));
#6352=VERTEX_POINT('',#6351);
#6353=CARTESIAN_POINT('',(2.5145E1,2.286463414634E0,5.608888366897E0));
#6354=VERTEX_POINT('',#6353);
#6355=CARTESIAN_POINT('',(2.5315E1,1.625E0,5.635E0));
#6356=CARTESIAN_POINT('',(2.5315E1,1.625E0,5.535E0));
#6357=VERTEX_POINT('',#6355);
#6358=VERTEX_POINT('',#6356);
#6359=CARTESIAN_POINT('',(2.5215E1,1.625E0,5.635E0));
#6360=CARTESIAN_POINT('',(2.5215E1,1.625E0,5.535E0));
#6361=VERTEX_POINT('',#6359);
#6362=VERTEX_POINT('',#6360);
#6363=CARTESIAN_POINT('',(2.5145E1,1.695E0,5.635E0));
#6364=CARTESIAN_POINT('',(2.5145E1,1.695E0,5.535E0));
#6365=VERTEX_POINT('',#6363);
#6366=VERTEX_POINT('',#6364);
#6367=CARTESIAN_POINT('',(2.491083149192E1,2.482766945542E0,5.584036555751E0));
#6368=CARTESIAN_POINT('',(2.490551651383E1,2.462333959723E0,5.599756097561E0));
#6369=VERTEX_POINT('',#6367);
#6370=VERTEX_POINT('',#6368);
#6371=CARTESIAN_POINT('',(2.5145E1,2.462333959723E0,5.599756097561E0));
#6372=CARTESIAN_POINT('',(2.513934395410E1,2.485751936779E0,5.581740136864E0));
#6373=VERTEX_POINT('',#6371);
#6374=VERTEX_POINT('',#6372);
#6375=CARTESIAN_POINT('',(2.509960141430E1,2.565010848044E0,5.520764527108E0));
#6376=VERTEX_POINT('',#6375);
#6377=CARTESIAN_POINT('',(2.502525745651E1,2.605E0,5.49E0));
#6378=VERTEX_POINT('',#6377);
#6379=CARTESIAN_POINT('',(2.495063035074E1,2.564438068513E0,5.521205178898E0));
#6380=VERTEX_POINT('',#6379);
#6381=CARTESIAN_POINT('',(2.491083149192E1,2.421791335786E0,5.504777644486E0));
#6382=CARTESIAN_POINT('',(2.490551651383E1,2.401358349967E0,5.520497186296E0));
#6383=VERTEX_POINT('',#6381);
#6384=VERTEX_POINT('',#6382);
#6385=CARTESIAN_POINT('',(2.5145E1,2.401358349967E0,5.520497186296E0));
#6386=CARTESIAN_POINT('',(2.513934395410E1,2.424776327023E0,5.502481225599E0));
#6387=VERTEX_POINT('',#6385);
#6388=VERTEX_POINT('',#6386);
#6389=CARTESIAN_POINT('',(2.509960141430E1,2.504035238288E0,5.441505615843E0));
#6390=VERTEX_POINT('',#6389);
#6391=CARTESIAN_POINT('',(2.502525745651E1,2.544024390244E0,5.410741088735E0));
#6392=VERTEX_POINT('',#6391);
#6393=CARTESIAN_POINT('',(2.495063035074E1,2.503462458757E0,5.441946267633E0));
#6394=VERTEX_POINT('',#6393);
#6395=VERTEX_POINT('',#3311);
#6396=VERTEX_POINT('',#3316);
#6397=CARTESIAN_POINT('',(2.463907905168E1,2.158471397705E0,5.794515769877E0));
#6398=VERTEX_POINT('',#6397);
#6399=VERTEX_POINT('',#3348);
#6400=VERTEX_POINT('',#3322);
#6401=VERTEX_POINT('',#3327);
#6402=CARTESIAN_POINT('',(2.463907905168E1,2.134118996175E0,5.697526283129E0));
#6403=VERTEX_POINT('',#6402);
#6404=VERTEX_POINT('',#3371);
#6405=CARTESIAN_POINT('',(2.4385E1,1.800233405355E0,5.884463203620E0));
#6406=CARTESIAN_POINT('',(2.4385E1,1.715E0,5.895E0));
#6407=VERTEX_POINT('',#6405);
#6408=VERTEX_POINT('',#6406);
#6409=CARTESIAN_POINT('',(2.4385E1,2.158471397705E0,5.794515769877E0));
#6410=VERTEX_POINT('',#6409);
#6411=CARTESIAN_POINT('',(2.4385E1,2.286463414634E0,5.821111633103E0));
#6412=VERTEX_POINT('',#6411);
#6413=CARTESIAN_POINT('',(2.4385E1,1.775881003825E0,5.787473716871E0));
#6414=CARTESIAN_POINT('',(2.4385E1,1.715E0,5.795E0));
#6415=VERTEX_POINT('',#6413);
#6416=VERTEX_POINT('',#6414);
#6417=CARTESIAN_POINT('',(2.4385E1,2.134118996175E0,5.697526283129E0));
#6418=VERTEX_POINT('',#6417);
#6419=CARTESIAN_POINT('',(2.4385E1,2.347439024390E0,5.741852721838E0));
#6420=VERTEX_POINT('',#6419);
#6421=CARTESIAN_POINT('',(2.4215E1,1.625E0,5.895E0));
#6422=CARTESIAN_POINT('',(2.4215E1,1.625E0,5.795E0));
#6423=VERTEX_POINT('',#6421);
#6424=VERTEX_POINT('',#6422);
#6425=CARTESIAN_POINT('',(2.4385E1,1.695E0,5.895E0));
#6426=CARTESIAN_POINT('',(2.4385E1,1.695E0,5.795E0));
#6427=VERTEX_POINT('',#6425);
#6428=VERTEX_POINT('',#6426);
#6429=CARTESIAN_POINT('',(2.4315E1,1.625E0,5.895E0));
#6430=CARTESIAN_POINT('',(2.4315E1,1.625E0,5.795E0));
#6431=VERTEX_POINT('',#6429);
#6432=VERTEX_POINT('',#6430);
#6433=CARTESIAN_POINT('',(2.462132845821E1,2.425500967740E0,5.928076256315E0));
#6434=CARTESIAN_POINT('',(2.462729648790E1,2.403770561674E0,5.911358580801E0));
#6435=VERTEX_POINT('',#6433);
#6436=VERTEX_POINT('',#6434);
#6437=CARTESIAN_POINT('',(2.4385E1,2.401358349967E0,5.909502813704E0));
#6438=CARTESIAN_POINT('',(2.439102594214E1,2.425500967740E0,5.928076256315E0));
#6439=VERTEX_POINT('',#6437);
#6440=VERTEX_POINT('',#6438);
#6441=CARTESIAN_POINT('',(2.443220314231E1,2.504759879004E0,5.989051866071E0));
#6442=VERTEX_POINT('',#6441);
#6443=CARTESIAN_POINT('',(2.450617720017E1,2.544024390244E0,6.019258911265E0));
#6444=VERTEX_POINT('',#6443);
#6445=CARTESIAN_POINT('',(2.458015125804E1,2.504759879004E0,5.989051866071E0));
#6446=VERTEX_POINT('',#6445);
#6447=CARTESIAN_POINT('',(2.462132845821E1,2.486476577496E0,5.848817345050E0));
#6448=CARTESIAN_POINT('',(2.462729648790E1,2.464746171430E0,5.832099669536E0));
#6449=VERTEX_POINT('',#6447);
#6450=VERTEX_POINT('',#6448);
#6451=CARTESIAN_POINT('',(2.4385E1,2.462333959723E0,5.830243902439E0));
#6452=CARTESIAN_POINT('',(2.439102594214E1,2.486476577496E0,5.848817345050E0));
#6453=VERTEX_POINT('',#6451);
#6454=VERTEX_POINT('',#6452);
#6455=CARTESIAN_POINT('',(2.443220314231E1,2.565735488761E0,5.909792954806E0));
#6456=VERTEX_POINT('',#6455);
#6457=CARTESIAN_POINT('',(2.450617720017E1,2.605E0,5.94E0));
#6458=VERTEX_POINT('',#6457);
#6459=CARTESIAN_POINT('',(2.458015125804E1,2.565735488761E0,5.909792954806E0));
#6460=VERTEX_POINT('',#6459);
#6461=VERTEX_POINT('',#2959);
#6462=VERTEX_POINT('',#2964);
#6463=CARTESIAN_POINT('',(2.488975121860E1,2.134118996175E0,-5.697526283129E0));
#6464=VERTEX_POINT('',#6463);
#6465=VERTEX_POINT('',#3030);
#6466=VERTEX_POINT('',#2970);
#6467=VERTEX_POINT('',#2975);
#6468=CARTESIAN_POINT('',(2.488975121860E1,2.158471397705E0,-5.794515769877E0));
#6469=VERTEX_POINT('',#6468);
#6470=VERTEX_POINT('',#3051);
#6471=CARTESIAN_POINT('',(2.5145E1,1.775881003825E0,-5.787473716871E0));
#6472=CARTESIAN_POINT('',(2.5145E1,1.715E0,-5.795E0));
#6473=VERTEX_POINT('',#6471);
#6474=VERTEX_POINT('',#6472);
#6475=CARTESIAN_POINT('',(2.5145E1,2.134118996175E0,-5.697526283129E0));
#6476=VERTEX_POINT('',#6475);
#6477=CARTESIAN_POINT('',(2.5145E1,2.347439024390E0,-5.741852721838E0));
#6478=VERTEX_POINT('',#6477);
#6479=CARTESIAN_POINT('',(2.5145E1,1.800233405355E0,-5.884463203620E0));
#6480=CARTESIAN_POINT('',(2.5145E1,1.715E0,-5.895E0));
#6481=VERTEX_POINT('',#6479);
#6482=VERTEX_POINT('',#6480);
#6483=CARTESIAN_POINT('',(2.5145E1,2.158471397705E0,-5.794515769877E0));
#6484=VERTEX_POINT('',#6483);
#6485=CARTESIAN_POINT('',(2.5145E1,2.286463414634E0,-5.821111633103E0));
#6486=VERTEX_POINT('',#6485);
#6487=CARTESIAN_POINT('',(2.5315E1,1.625E0,-5.795E0));
#6488=CARTESIAN_POINT('',(2.5315E1,1.625E0,-5.895E0));
#6489=VERTEX_POINT('',#6487);
#6490=VERTEX_POINT('',#6488);
#6491=CARTESIAN_POINT('',(2.5215E1,1.625E0,-5.795E0));
#6492=CARTESIAN_POINT('',(2.5215E1,1.625E0,-5.895E0));
#6493=VERTEX_POINT('',#6491);
#6494=VERTEX_POINT('',#6492);
#6495=CARTESIAN_POINT('',(2.5145E1,1.695E0,-5.795E0));
#6496=CARTESIAN_POINT('',(2.5145E1,1.695E0,-5.895E0));
#6497=VERTEX_POINT('',#6495);
#6498=VERTEX_POINT('',#6496);
#6499=CARTESIAN_POINT('',(2.491083149192E1,2.482766945542E0,-5.845963444249E0));
#6500=CARTESIAN_POINT('',(2.490551651383E1,2.462333959723E0,-5.830243902439E0));
#6501=VERTEX_POINT('',#6499);
#6502=VERTEX_POINT('',#6500);
#6503=CARTESIAN_POINT('',(2.5145E1,2.462333959723E0,-5.830243902439E0));
#6504=CARTESIAN_POINT('',(2.513934395410E1,2.485751936779E0,-5.848259863136E0));
#6505=VERTEX_POINT('',#6503);
#6506=VERTEX_POINT('',#6504);
#6507=CARTESIAN_POINT('',(2.509960141430E1,2.565010848044E0,-5.909235472892E0));
#6508=VERTEX_POINT('',#6507);
#6509=CARTESIAN_POINT('',(2.502525745651E1,2.605E0,-5.94E0));
#6510=VERTEX_POINT('',#6509);
#6511=CARTESIAN_POINT('',(2.495063035074E1,2.564438068513E0,-5.908794821102E0));
#6512=VERTEX_POINT('',#6511);
#6513=CARTESIAN_POINT('',(2.491083149192E1,2.421791335786E0,-5.925222355514E0));
#6514=CARTESIAN_POINT('',(2.490551651383E1,2.401358349967E0,-5.909502813704E0));
#6515=VERTEX_POINT('',#6513);
#6516=VERTEX_POINT('',#6514);
#6517=CARTESIAN_POINT('',(2.5145E1,2.401358349967E0,-5.909502813704E0));
#6518=CARTESIAN_POINT('',(2.513934395410E1,2.424776327023E0,-5.927518774401E0));
#6519=VERTEX_POINT('',#6517);
#6520=VERTEX_POINT('',#6518);
#6521=CARTESIAN_POINT('',(2.509960141430E1,2.504035238288E0,-5.988494384157E0));
#6522=VERTEX_POINT('',#6521);
#6523=CARTESIAN_POINT('',(2.502525745651E1,2.544024390244E0,-6.019258911265E0));
#6524=VERTEX_POINT('',#6523);
#6525=CARTESIAN_POINT('',(2.495063035074E1,2.503462458757E0,-5.988053732367E0));
#6526=VERTEX_POINT('',#6525);
#6527=VERTEX_POINT('',#2671);
#6528=VERTEX_POINT('',#2676);
#6529=CARTESIAN_POINT('',(2.463907905168E1,2.158471397705E0,-5.635484230123E0));
#6530=VERTEX_POINT('',#6529);
#6531=VERTEX_POINT('',#2708);
#6532=VERTEX_POINT('',#2682);
#6533=VERTEX_POINT('',#2687);
#6534=CARTESIAN_POINT('',(2.463907905168E1,2.134118996175E0,-5.732473716871E0));
#6535=VERTEX_POINT('',#6534);
#6536=VERTEX_POINT('',#2731);
#6537=CARTESIAN_POINT('',(2.4385E1,1.800233405355E0,-5.545536796380E0));
#6538=CARTESIAN_POINT('',(2.4385E1,1.715E0,-5.535E0));
#6539=VERTEX_POINT('',#6537);
#6540=VERTEX_POINT('',#6538);
#6541=CARTESIAN_POINT('',(2.4385E1,2.158471397705E0,-5.635484230123E0));
#6542=VERTEX_POINT('',#6541);
#6543=CARTESIAN_POINT('',(2.4385E1,2.286463414634E0,-5.608888366897E0));
#6544=VERTEX_POINT('',#6543);
#6545=CARTESIAN_POINT('',(2.4385E1,1.775881003825E0,-5.642526283129E0));
#6546=CARTESIAN_POINT('',(2.4385E1,1.715E0,-5.635E0));
#6547=VERTEX_POINT('',#6545);
#6548=VERTEX_POINT('',#6546);
#6549=CARTESIAN_POINT('',(2.4385E1,2.134118996175E0,-5.732473716871E0));
#6550=VERTEX_POINT('',#6549);
#6551=CARTESIAN_POINT('',(2.4385E1,2.347439024390E0,-5.688147278162E0));
#6552=VERTEX_POINT('',#6551);
#6553=CARTESIAN_POINT('',(2.4215E1,1.625E0,-5.535E0));
#6554=CARTESIAN_POINT('',(2.4215E1,1.625E0,-5.635E0));
#6555=VERTEX_POINT('',#6553);
#6556=VERTEX_POINT('',#6554);
#6557=CARTESIAN_POINT('',(2.4385E1,1.695E0,-5.535E0));
#6558=CARTESIAN_POINT('',(2.4385E1,1.695E0,-5.635E0));
#6559=VERTEX_POINT('',#6557);
#6560=VERTEX_POINT('',#6558);
#6561=CARTESIAN_POINT('',(2.4315E1,1.625E0,-5.535E0));
#6562=CARTESIAN_POINT('',(2.4315E1,1.625E0,-5.635E0));
#6563=VERTEX_POINT('',#6561);
#6564=VERTEX_POINT('',#6562);
#6565=CARTESIAN_POINT('',(2.462132845821E1,2.425500967740E0,-5.501923743685E0));
#6566=CARTESIAN_POINT('',(2.462729648790E1,2.403770561674E0,-5.518641419199E0));
#6567=VERTEX_POINT('',#6565);
#6568=VERTEX_POINT('',#6566);
#6569=CARTESIAN_POINT('',(2.4385E1,2.401358349967E0,-5.520497186296E0));
#6570=CARTESIAN_POINT('',(2.439102594214E1,2.425500967740E0,-5.501923743685E0));
#6571=VERTEX_POINT('',#6569);
#6572=VERTEX_POINT('',#6570);
#6573=CARTESIAN_POINT('',(2.443220314231E1,2.504759879004E0,-5.440948133929E0));
#6574=VERTEX_POINT('',#6573);
#6575=CARTESIAN_POINT('',(2.450617720017E1,2.544024390244E0,-5.410741088735E0));
#6576=VERTEX_POINT('',#6575);
#6577=CARTESIAN_POINT('',(2.458015125804E1,2.504759879004E0,-5.440948133929E0));
#6578=VERTEX_POINT('',#6577);
#6579=CARTESIAN_POINT('',(2.462132845821E1,2.486476577496E0,-5.581182654950E0));
#6580=CARTESIAN_POINT('',(2.462729648790E1,2.464746171430E0,-5.597900330464E0));
#6581=VERTEX_POINT('',#6579);
#6582=VERTEX_POINT('',#6580);
#6583=CARTESIAN_POINT('',(2.4385E1,2.462333959723E0,-5.599756097561E0));
#6584=CARTESIAN_POINT('',(2.439102594214E1,2.486476577496E0,-5.581182654950E0));
#6585=VERTEX_POINT('',#6583);
#6586=VERTEX_POINT('',#6584);
#6587=CARTESIAN_POINT('',(2.443220314231E1,2.565735488761E0,-5.520207045194E0));
#6588=VERTEX_POINT('',#6587);
#6589=CARTESIAN_POINT('',(2.450617720017E1,2.605E0,-5.49E0));
#6590=VERTEX_POINT('',#6589);
#6591=CARTESIAN_POINT('',(2.458015125804E1,2.565735488761E0,-5.520207045194E0));
#6592=VERTEX_POINT('',#6591);
#6593=CARTESIAN_POINT('',(-2.459306687347E1,-5.E-1,5.715E0));
#6594=CARTESIAN_POINT('',(-2.493693312653E1,-5.E-1,5.715E0));
#6595=VERTEX_POINT('',#6593);
#6596=VERTEX_POINT('',#6594);
#6597=CARTESIAN_POINT('',(-2.459306687347E1,-5.E-1,-5.715E0));
#6598=CARTESIAN_POINT('',(-2.493693312653E1,-5.E-1,-5.715E0));
#6599=VERTEX_POINT('',#6597);
#6600=VERTEX_POINT('',#6598);
#6601=CARTESIAN_POINT('',(2.493693312653E1,-5.E-1,5.715E0));
#6602=CARTESIAN_POINT('',(2.459306687347E1,-5.E-1,5.715E0));
#6603=VERTEX_POINT('',#6601);
#6604=VERTEX_POINT('',#6602);
#6605=CARTESIAN_POINT('',(2.493693312653E1,-5.E-1,-5.715E0));
#6606=CARTESIAN_POINT('',(2.459306687347E1,-5.E-1,-5.715E0));
#6607=VERTEX_POINT('',#6605);
#6608=VERTEX_POINT('',#6606);
#6609=CARTESIAN_POINT('',(2.005E0,0.E0,-6.92E0));
#6610=CARTESIAN_POINT('',(2.005E0,1.6E0,-6.92E0));
#6611=VERTEX_POINT('',#6609);
#6612=VERTEX_POINT('',#6610);
#6613=CARTESIAN_POINT('',(2.005E0,0.E0,6.92E0));
#6614=CARTESIAN_POINT('',(2.005E0,1.6E0,6.92E0));
#6615=VERTEX_POINT('',#6613);
#6616=VERTEX_POINT('',#6614);
#6617=CARTESIAN_POINT('',(2.005E0,1.6E0,6.72E0));
#6618=VERTEX_POINT('',#6617);
#6619=CARTESIAN_POINT('',(2.005E0,1.6E0,-6.72E0));
#6620=VERTEX_POINT('',#6619);
#6621=CARTESIAN_POINT('',(-2.005E0,0.E0,-6.92E0));
#6622=CARTESIAN_POINT('',(-2.005E0,1.6E0,-6.92E0));
#6623=VERTEX_POINT('',#6621);
#6624=VERTEX_POINT('',#6622);
#6625=CARTESIAN_POINT('',(-2.005E0,0.E0,6.92E0));
#6626=CARTESIAN_POINT('',(-2.005E0,1.6E0,6.92E0));
#6627=VERTEX_POINT('',#6625);
#6628=VERTEX_POINT('',#6626);
#6629=CARTESIAN_POINT('',(-2.005E0,1.6E0,6.72E0));
#6630=VERTEX_POINT('',#6629);
#6631=CARTESIAN_POINT('',(-2.005E0,1.6E0,-6.72E0));
#6632=VERTEX_POINT('',#6631);
#6633=CARTESIAN_POINT('',(8.815E0,0.E0,-6.92E0));
#6634=CARTESIAN_POINT('',(8.815E0,1.6E0,-6.92E0));
#6635=VERTEX_POINT('',#6633);
#6636=VERTEX_POINT('',#6634);
#6637=CARTESIAN_POINT('',(8.815E0,0.E0,6.92E0));
#6638=CARTESIAN_POINT('',(8.815E0,1.6E0,6.92E0));
#6639=VERTEX_POINT('',#6637);
#6640=VERTEX_POINT('',#6638);
#6641=CARTESIAN_POINT('',(8.815E0,1.6E0,6.72E0));
#6642=VERTEX_POINT('',#6641);
#6643=CARTESIAN_POINT('',(8.815E0,1.6E0,-6.72E0));
#6644=VERTEX_POINT('',#6643);
#6645=CARTESIAN_POINT('',(4.805E0,0.E0,-6.92E0));
#6646=CARTESIAN_POINT('',(4.805E0,1.6E0,-6.92E0));
#6647=VERTEX_POINT('',#6645);
#6648=VERTEX_POINT('',#6646);
#6649=CARTESIAN_POINT('',(4.805E0,0.E0,6.92E0));
#6650=CARTESIAN_POINT('',(4.805E0,1.6E0,6.92E0));
#6651=VERTEX_POINT('',#6649);
#6652=VERTEX_POINT('',#6650);
#6653=CARTESIAN_POINT('',(4.805E0,1.6E0,6.72E0));
#6654=VERTEX_POINT('',#6653);
#6655=CARTESIAN_POINT('',(4.805E0,1.6E0,-6.72E0));
#6656=VERTEX_POINT('',#6655);
#6657=CARTESIAN_POINT('',(1.5625E1,0.E0,-6.92E0));
#6658=CARTESIAN_POINT('',(1.5625E1,1.6E0,-6.92E0));
#6659=VERTEX_POINT('',#6657);
#6660=VERTEX_POINT('',#6658);
#6661=CARTESIAN_POINT('',(1.5625E1,0.E0,6.92E0));
#6662=CARTESIAN_POINT('',(1.5625E1,1.6E0,6.92E0));
#6663=VERTEX_POINT('',#6661);
#6664=VERTEX_POINT('',#6662);
#6665=CARTESIAN_POINT('',(1.5625E1,1.6E0,6.72E0));
#6666=VERTEX_POINT('',#6665);
#6667=CARTESIAN_POINT('',(1.5625E1,1.6E0,-6.72E0));
#6668=VERTEX_POINT('',#6667);
#6669=CARTESIAN_POINT('',(1.1615E1,0.E0,-6.92E0));
#6670=CARTESIAN_POINT('',(1.1615E1,1.6E0,-6.92E0));
#6671=VERTEX_POINT('',#6669);
#6672=VERTEX_POINT('',#6670);
#6673=CARTESIAN_POINT('',(1.1615E1,0.E0,6.92E0));
#6674=CARTESIAN_POINT('',(1.1615E1,1.6E0,6.92E0));
#6675=VERTEX_POINT('',#6673);
#6676=VERTEX_POINT('',#6674);
#6677=CARTESIAN_POINT('',(1.1615E1,1.6E0,6.72E0));
#6678=VERTEX_POINT('',#6677);
#6679=CARTESIAN_POINT('',(1.1615E1,1.6E0,-6.72E0));
#6680=VERTEX_POINT('',#6679);
#6681=CARTESIAN_POINT('',(2.2435E1,0.E0,-6.92E0));
#6682=CARTESIAN_POINT('',(2.2435E1,1.6E0,-6.92E0));
#6683=VERTEX_POINT('',#6681);
#6684=VERTEX_POINT('',#6682);
#6685=CARTESIAN_POINT('',(2.2435E1,0.E0,6.92E0));
#6686=CARTESIAN_POINT('',(2.2435E1,1.6E0,6.92E0));
#6687=VERTEX_POINT('',#6685);
#6688=VERTEX_POINT('',#6686);
#6689=CARTESIAN_POINT('',(2.2435E1,1.6E0,6.72E0));
#6690=VERTEX_POINT('',#6689);
#6691=CARTESIAN_POINT('',(2.2435E1,1.6E0,-6.72E0));
#6692=VERTEX_POINT('',#6691);
#6693=CARTESIAN_POINT('',(1.8425E1,0.E0,-6.92E0));
#6694=CARTESIAN_POINT('',(1.8425E1,1.6E0,-6.92E0));
#6695=VERTEX_POINT('',#6693);
#6696=VERTEX_POINT('',#6694);
#6697=CARTESIAN_POINT('',(1.8425E1,0.E0,6.92E0));
#6698=CARTESIAN_POINT('',(1.8425E1,1.6E0,6.92E0));
#6699=VERTEX_POINT('',#6697);
#6700=VERTEX_POINT('',#6698);
#6701=CARTESIAN_POINT('',(1.8425E1,1.6E0,6.72E0));
#6702=VERTEX_POINT('',#6701);
#6703=CARTESIAN_POINT('',(1.8425E1,1.6E0,-6.72E0));
#6704=VERTEX_POINT('',#6703);
#6705=CARTESIAN_POINT('',(-8.815E0,0.E0,-6.92E0));
#6706=CARTESIAN_POINT('',(-8.815E0,1.6E0,-6.92E0));
#6707=VERTEX_POINT('',#6705);
#6708=VERTEX_POINT('',#6706);
#6709=CARTESIAN_POINT('',(-8.815E0,0.E0,6.92E0));
#6710=CARTESIAN_POINT('',(-8.815E0,1.6E0,6.92E0));
#6711=VERTEX_POINT('',#6709);
#6712=VERTEX_POINT('',#6710);
#6713=CARTESIAN_POINT('',(-8.815E0,1.6E0,6.72E0));
#6714=VERTEX_POINT('',#6713);
#6715=CARTESIAN_POINT('',(-8.815E0,1.6E0,-6.72E0));
#6716=VERTEX_POINT('',#6715);
#6717=CARTESIAN_POINT('',(-4.805E0,0.E0,-6.92E0));
#6718=CARTESIAN_POINT('',(-4.805E0,1.6E0,-6.92E0));
#6719=VERTEX_POINT('',#6717);
#6720=VERTEX_POINT('',#6718);
#6721=CARTESIAN_POINT('',(-4.805E0,0.E0,6.92E0));
#6722=CARTESIAN_POINT('',(-4.805E0,1.6E0,6.92E0));
#6723=VERTEX_POINT('',#6721);
#6724=VERTEX_POINT('',#6722);
#6725=CARTESIAN_POINT('',(-4.805E0,1.6E0,6.72E0));
#6726=VERTEX_POINT('',#6725);
#6727=CARTESIAN_POINT('',(-4.805E0,1.6E0,-6.72E0));
#6728=VERTEX_POINT('',#6727);
#6729=CARTESIAN_POINT('',(-1.5625E1,0.E0,-6.92E0));
#6730=CARTESIAN_POINT('',(-1.5625E1,1.6E0,-6.92E0));
#6731=VERTEX_POINT('',#6729);
#6732=VERTEX_POINT('',#6730);
#6733=CARTESIAN_POINT('',(-1.5625E1,0.E0,6.92E0));
#6734=CARTESIAN_POINT('',(-1.5625E1,1.6E0,6.92E0));
#6735=VERTEX_POINT('',#6733);
#6736=VERTEX_POINT('',#6734);
#6737=CARTESIAN_POINT('',(-1.5625E1,1.6E0,6.72E0));
#6738=VERTEX_POINT('',#6737);
#6739=CARTESIAN_POINT('',(-1.5625E1,1.6E0,-6.72E0));
#6740=VERTEX_POINT('',#6739);
#6741=CARTESIAN_POINT('',(-1.1615E1,0.E0,-6.92E0));
#6742=CARTESIAN_POINT('',(-1.1615E1,1.6E0,-6.92E0));
#6743=VERTEX_POINT('',#6741);
#6744=VERTEX_POINT('',#6742);
#6745=CARTESIAN_POINT('',(-1.1615E1,0.E0,6.92E0));
#6746=CARTESIAN_POINT('',(-1.1615E1,1.6E0,6.92E0));
#6747=VERTEX_POINT('',#6745);
#6748=VERTEX_POINT('',#6746);
#6749=CARTESIAN_POINT('',(-1.1615E1,1.6E0,6.72E0));
#6750=VERTEX_POINT('',#6749);
#6751=CARTESIAN_POINT('',(-1.1615E1,1.6E0,-6.72E0));
#6752=VERTEX_POINT('',#6751);
#6753=CARTESIAN_POINT('',(-2.2435E1,0.E0,-6.92E0));
#6754=CARTESIAN_POINT('',(-2.2435E1,1.6E0,-6.92E0));
#6755=VERTEX_POINT('',#6753);
#6756=VERTEX_POINT('',#6754);
#6757=CARTESIAN_POINT('',(-2.2435E1,0.E0,6.92E0));
#6758=CARTESIAN_POINT('',(-2.2435E1,1.6E0,6.92E0));
#6759=VERTEX_POINT('',#6757);
#6760=VERTEX_POINT('',#6758);
#6761=CARTESIAN_POINT('',(-2.2435E1,1.6E0,6.72E0));
#6762=VERTEX_POINT('',#6761);
#6763=CARTESIAN_POINT('',(-2.2435E1,1.6E0,-6.72E0));
#6764=VERTEX_POINT('',#6763);
#6765=CARTESIAN_POINT('',(-1.8425E1,0.E0,-6.92E0));
#6766=CARTESIAN_POINT('',(-1.8425E1,1.6E0,-6.92E0));
#6767=VERTEX_POINT('',#6765);
#6768=VERTEX_POINT('',#6766);
#6769=CARTESIAN_POINT('',(-1.8425E1,0.E0,6.92E0));
#6770=CARTESIAN_POINT('',(-1.8425E1,1.6E0,6.92E0));
#6771=VERTEX_POINT('',#6769);
#6772=VERTEX_POINT('',#6770);
#6773=CARTESIAN_POINT('',(-1.8425E1,1.6E0,6.72E0));
#6774=VERTEX_POINT('',#6773);
#6775=CARTESIAN_POINT('',(-1.8425E1,1.6E0,-6.72E0));
#6776=VERTEX_POINT('',#6775);
#6777=CARTESIAN_POINT('',(-2.421941176471E1,1.6E0,5.635E0));
#6778=CARTESIAN_POINT('',(-2.466590435656E1,1.6E0,5.635E0));
#6779=VERTEX_POINT('',#6777);
#6780=VERTEX_POINT('',#6778);
#6781=CARTESIAN_POINT('',(-2.421941176471E1,1.6E0,5.535E0));
#6782=CARTESIAN_POINT('',(-2.466590435656E1,1.6E0,5.535E0));
#6783=VERTEX_POINT('',#6781);
#6784=VERTEX_POINT('',#6782);
#6785=CARTESIAN_POINT('',(-2.531058823529E1,1.6E0,5.795E0));
#6786=CARTESIAN_POINT('',(-2.486409564344E1,1.6E0,5.795E0));
#6787=VERTEX_POINT('',#6785);
#6788=VERTEX_POINT('',#6786);
#6789=CARTESIAN_POINT('',(-2.531058823529E1,1.6E0,5.895E0));
#6790=CARTESIAN_POINT('',(-2.486409564344E1,1.6E0,5.895E0));
#6791=VERTEX_POINT('',#6789);
#6792=VERTEX_POINT('',#6790);
#6793=CARTESIAN_POINT('',(-2.421941176471E1,1.6E0,-5.795E0));
#6794=CARTESIAN_POINT('',(-2.466590435656E1,1.6E0,-5.795E0));
#6795=VERTEX_POINT('',#6793);
#6796=VERTEX_POINT('',#6794);
#6797=CARTESIAN_POINT('',(-2.421941176471E1,1.6E0,-5.895E0));
#6798=CARTESIAN_POINT('',(-2.466590435656E1,1.6E0,-5.895E0));
#6799=VERTEX_POINT('',#6797);
#6800=VERTEX_POINT('',#6798);
#6801=CARTESIAN_POINT('',(-2.531058823529E1,1.6E0,-5.635E0));
#6802=CARTESIAN_POINT('',(-2.486409564344E1,1.6E0,-5.635E0));
#6803=VERTEX_POINT('',#6801);
#6804=VERTEX_POINT('',#6802);
#6805=CARTESIAN_POINT('',(-2.531058823529E1,1.6E0,-5.535E0));
#6806=CARTESIAN_POINT('',(-2.486409564344E1,1.6E0,-5.535E0));
#6807=VERTEX_POINT('',#6805);
#6808=VERTEX_POINT('',#6806);
#6809=CARTESIAN_POINT('',(2.531058823529E1,1.6E0,5.635E0));
#6810=CARTESIAN_POINT('',(2.486409564344E1,1.6E0,5.635E0));
#6811=VERTEX_POINT('',#6809);
#6812=VERTEX_POINT('',#6810);
#6813=CARTESIAN_POINT('',(2.531058823529E1,1.6E0,5.535E0));
#6814=CARTESIAN_POINT('',(2.486409564344E1,1.6E0,5.535E0));
#6815=VERTEX_POINT('',#6813);
#6816=VERTEX_POINT('',#6814);
#6817=CARTESIAN_POINT('',(2.421941176471E1,1.6E0,5.795E0));
#6818=CARTESIAN_POINT('',(2.466590435656E1,1.6E0,5.795E0));
#6819=VERTEX_POINT('',#6817);
#6820=VERTEX_POINT('',#6818);
#6821=CARTESIAN_POINT('',(2.421941176471E1,1.6E0,5.895E0));
#6822=CARTESIAN_POINT('',(2.466590435656E1,1.6E0,5.895E0));
#6823=VERTEX_POINT('',#6821);
#6824=VERTEX_POINT('',#6822);
#6825=CARTESIAN_POINT('',(2.531058823529E1,1.6E0,-5.795E0));
#6826=CARTESIAN_POINT('',(2.486409564344E1,1.6E0,-5.795E0));
#6827=VERTEX_POINT('',#6825);
#6828=VERTEX_POINT('',#6826);
#6829=CARTESIAN_POINT('',(2.531058823529E1,1.6E0,-5.895E0));
#6830=CARTESIAN_POINT('',(2.486409564344E1,1.6E0,-5.895E0));
#6831=VERTEX_POINT('',#6829);
#6832=VERTEX_POINT('',#6830);
#6833=CARTESIAN_POINT('',(2.421941176471E1,1.6E0,-5.635E0));
#6834=CARTESIAN_POINT('',(2.466590435656E1,1.6E0,-5.635E0));
#6835=VERTEX_POINT('',#6833);
#6836=VERTEX_POINT('',#6834);
#6837=CARTESIAN_POINT('',(2.421941176471E1,1.6E0,-5.535E0));
#6838=CARTESIAN_POINT('',(2.466590435656E1,1.6E0,-5.535E0));
#6839=VERTEX_POINT('',#6837);
#6840=VERTEX_POINT('',#6838);
#6841=CARTESIAN_POINT('',(-2.441922406099E1,0.E0,5.715E0));
#6842=CARTESIAN_POINT('',(-2.511077593901E1,0.E0,5.715E0));
#6843=VERTEX_POINT('',#6841);
#6844=VERTEX_POINT('',#6842);
#6845=CARTESIAN_POINT('',(-2.441922406099E1,0.E0,-5.715E0));
#6846=CARTESIAN_POINT('',(-2.511077593901E1,0.E0,-5.715E0));
#6847=VERTEX_POINT('',#6845);
#6848=VERTEX_POINT('',#6846);
#6849=CARTESIAN_POINT('',(2.511077593901E1,0.E0,5.715E0));
#6850=CARTESIAN_POINT('',(2.441922406099E1,0.E0,5.715E0));
#6851=VERTEX_POINT('',#6849);
#6852=VERTEX_POINT('',#6850);
#6853=CARTESIAN_POINT('',(2.511077593901E1,0.E0,-5.715E0));
#6854=CARTESIAN_POINT('',(2.441922406099E1,0.E0,-5.715E0));
#6855=VERTEX_POINT('',#6853);
#6856=VERTEX_POINT('',#6854);
#6857=CARTESIAN_POINT('',(0.E0,0.E0,0.E0));
#6858=DIRECTION('',(0.E0,1.E0,0.E0));
#6859=DIRECTION('',(1.E0,0.E0,0.E0));
#6860=AXIS2_PLACEMENT_3D('',#6857,#6858,#6859);
#6861=PLANE('3575',#6860);
#6863=ORIENTED_EDGE('4217',*,*,#6862,.T.);
#6865=ORIENTED_EDGE('4232',*,*,#6864,.F.);
#6867=ORIENTED_EDGE('4208',*,*,#6866,.F.);
#6869=ORIENTED_EDGE('4228',*,*,#6868,.T.);
#6871=ORIENTED_EDGE('4218',*,*,#6870,.T.);
#6873=ORIENTED_EDGE('4172',*,*,#6872,.F.);
#6875=ORIENTED_EDGE('4160',*,*,#6874,.T.);
#6877=ORIENTED_EDGE('4176',*,*,#6876,.T.);
#6879=ORIENTED_EDGE('4189',*,*,#6878,.T.);
#6881=ORIENTED_EDGE('4200',*,*,#6880,.F.);
#6883=ORIENTED_EDGE('4180',*,*,#6882,.T.);
#6885=ORIENTED_EDGE('4204',*,*,#6884,.T.);
#6887=ORIENTED_EDGE('4190',*,*,#6886,.T.);
#6889=ORIENTED_EDGE('4049',*,*,#6888,.F.);
#6891=ORIENTED_EDGE('4131',*,*,#6890,.T.);
#6893=ORIENTED_EDGE('4139',*,*,#6892,.T.);
#6895=ORIENTED_EDGE('4125',*,*,#6894,.F.);
#6897=ORIENTED_EDGE('4137',*,*,#6896,.F.);
#6899=ORIENTED_EDGE('4132',*,*,#6898,.T.);
#6901=ORIENTED_EDGE('4050',*,*,#6900,.F.);
#6903=ORIENTED_EDGE('4191',*,*,#6902,.T.);
#6905=ORIENTED_EDGE('4201',*,*,#6904,.T.);
#6907=ORIENTED_EDGE('4177',*,*,#6906,.F.);
#6909=ORIENTED_EDGE('4197',*,*,#6908,.F.);
#6911=ORIENTED_EDGE('4192',*,*,#6910,.T.);
#6913=ORIENTED_EDGE('4173',*,*,#6912,.T.);
#6915=ORIENTED_EDGE('4157',*,*,#6914,.F.);
#6917=ORIENTED_EDGE('4169',*,*,#6916,.F.);
#6919=ORIENTED_EDGE('4219',*,*,#6918,.T.);
#6921=ORIENTED_EDGE('4225',*,*,#6920,.T.);
#6923=ORIENTED_EDGE('4205',*,*,#6922,.T.);
#6925=ORIENTED_EDGE('4229',*,*,#6924,.F.);
#6927=ORIENTED_EDGE('4220',*,*,#6926,.T.);
#6929=ORIENTED_EDGE('4052',*,*,#6928,.F.);
#6931=ORIENTED_EDGE('4147',*,*,#6930,.T.);
#6933=ORIENTED_EDGE('4153',*,*,#6932,.T.);
#6935=ORIENTED_EDGE('4141',*,*,#6934,.T.);
#6937=ORIENTED_EDGE('4155',*,*,#6936,.F.);
#6939=ORIENTED_EDGE('4148',*,*,#6938,.T.);
#6941=ORIENTED_EDGE('4051',*,*,#6940,.F.);
#6942=EDGE_LOOP('3575',(#6863,#6865,#6867,#6869,#6871,#6873,#6875,#6877,#6879,
#6881,#6883,#6885,#6887,#6889,#6891,#6893,#6895,#6897,#6899,#6901,#6903,#6905,
#6907,#6909,#6911,#6913,#6915,#6917,#6919,#6921,#6923,#6925,#6927,#6929,#6931,
#6933,#6935,#6937,#6939,#6941));
#6943=FACE_OUTER_BOUND('3575',#6942,.F.);
#6945=ORIENTED_EDGE('5137',*,*,#6944,.T.);
#6947=ORIENTED_EDGE('5138',*,*,#6946,.T.);
#6948=EDGE_LOOP('3575',(#6945,#6947));
#6949=FACE_BOUND('3575',#6948,.F.);
#6951=ORIENTED_EDGE('5135',*,*,#6950,.T.);
#6953=ORIENTED_EDGE('5136',*,*,#6952,.T.);
#6954=EDGE_LOOP('3575',(#6951,#6953));
#6955=FACE_BOUND('3575',#6954,.F.);
#6957=ORIENTED_EDGE('5133',*,*,#6956,.T.);
#6959=ORIENTED_EDGE('5134',*,*,#6958,.T.);
#6960=EDGE_LOOP('3575',(#6957,#6959));
#6961=FACE_BOUND('3575',#6960,.F.);
#6963=ORIENTED_EDGE('5131',*,*,#6962,.T.);
#6965=ORIENTED_EDGE('5132',*,*,#6964,.T.);
#6966=EDGE_LOOP('3575',(#6963,#6965));
#6967=FACE_BOUND('3575',#6966,.F.);
#6969=ORIENTED_EDGE('5141',*,*,#6968,.T.);
#6971=ORIENTED_EDGE('5261',*,*,#6970,.T.);
#6973=ORIENTED_EDGE('5139',*,*,#6972,.F.);
#6975=ORIENTED_EDGE('4235',*,*,#6974,.F.);
#6976=EDGE_LOOP('3575',(#6969,#6971,#6973,#6975));
#6977=FACE_BOUND('3575',#6976,.F.);
#6979=ORIENTED_EDGE('5140',*,*,#6978,.F.);
#6981=ORIENTED_EDGE('5254',*,*,#6980,.T.);
#6983=ORIENTED_EDGE('5142',*,*,#6982,.T.);
#6985=ORIENTED_EDGE('4236',*,*,#6984,.T.);
#6986=EDGE_LOOP('3575',(#6979,#6981,#6983,#6985));
#6987=FACE_BOUND('3575',#6986,.F.);
#6989=ORIENTED_EDGE('5149',*,*,#6988,.T.);
#6991=ORIENTED_EDGE('5262',*,*,#6990,.T.);
#6993=ORIENTED_EDGE('5147',*,*,#6992,.F.);
#6995=ORIENTED_EDGE('4433',*,*,#6994,.F.);
#6996=EDGE_LOOP('3575',(#6989,#6991,#6993,#6995));
#6997=FACE_BOUND('3575',#6996,.F.);
#6999=ORIENTED_EDGE('5148',*,*,#6998,.F.);
#7001=ORIENTED_EDGE('5253',*,*,#7000,.T.);
#7003=ORIENTED_EDGE('5150',*,*,#7002,.T.);
#7005=ORIENTED_EDGE('4434',*,*,#7004,.T.);
#7006=EDGE_LOOP('3575',(#6999,#7001,#7003,#7005));
#7007=FACE_BOUND('3575',#7006,.F.);
#7009=ORIENTED_EDGE('5159',*,*,#7008,.T.);
#7011=ORIENTED_EDGE('5263',*,*,#7010,.T.);
#7013=ORIENTED_EDGE('5157',*,*,#7012,.F.);
#7015=ORIENTED_EDGE('4455',*,*,#7014,.F.);
#7016=EDGE_LOOP('3575',(#7009,#7011,#7013,#7015));
#7017=FACE_BOUND('3575',#7016,.F.);
#7019=ORIENTED_EDGE('5158',*,*,#7018,.F.);
#7021=ORIENTED_EDGE('5252',*,*,#7020,.T.);
#7023=ORIENTED_EDGE('5160',*,*,#7022,.T.);
#7025=ORIENTED_EDGE('4456',*,*,#7024,.T.);
#7026=EDGE_LOOP('3575',(#7019,#7021,#7023,#7025));
#7027=FACE_BOUND('3575',#7026,.F.);
#7029=ORIENTED_EDGE('5163',*,*,#7028,.T.);
#7031=ORIENTED_EDGE('5264',*,*,#7030,.T.);
#7033=ORIENTED_EDGE('5161',*,*,#7032,.F.);
#7035=ORIENTED_EDGE('4457',*,*,#7034,.F.);
#7036=EDGE_LOOP('3575',(#7029,#7031,#7033,#7035));
#7037=FACE_BOUND('3575',#7036,.F.);
#7039=ORIENTED_EDGE('5162',*,*,#7038,.F.);
#7041=ORIENTED_EDGE('5251',*,*,#7040,.T.);
#7043=ORIENTED_EDGE('5164',*,*,#7042,.T.);
#7045=ORIENTED_EDGE('4458',*,*,#7044,.T.);
#7046=EDGE_LOOP('3575',(#7039,#7041,#7043,#7045));
#7047=FACE_BOUND('3575',#7046,.F.);
#7049=ORIENTED_EDGE('5179',*,*,#7048,.T.);
#7051=ORIENTED_EDGE('5260',*,*,#7050,.T.);
#7053=ORIENTED_EDGE('5181',*,*,#7052,.F.);
#7055=ORIENTED_EDGE('4495',*,*,#7054,.T.);
#7056=EDGE_LOOP('3575',(#7049,#7051,#7053,#7055));
#7057=FACE_BOUND('3575',#7056,.F.);
#7059=ORIENTED_EDGE('5182',*,*,#7058,.F.);
#7061=ORIENTED_EDGE('5255',*,*,#7060,.T.);
#7063=ORIENTED_EDGE('5180',*,*,#7062,.T.);
#7065=ORIENTED_EDGE('4496',*,*,#7064,.F.);
#7066=EDGE_LOOP('3575',(#7059,#7061,#7063,#7065));
#7067=FACE_BOUND('3575',#7066,.F.);
#7069=ORIENTED_EDGE('5189',*,*,#7068,.T.);
#7071=ORIENTED_EDGE('5259',*,*,#7070,.T.);
#7073=ORIENTED_EDGE('5191',*,*,#7072,.F.);
#7075=ORIENTED_EDGE('4517',*,*,#7074,.T.);
#7076=EDGE_LOOP('3575',(#7069,#7071,#7073,#7075));
#7077=FACE_BOUND('3575',#7076,.F.);
#7079=ORIENTED_EDGE('5192',*,*,#7078,.F.);
#7081=ORIENTED_EDGE('5256',*,*,#7080,.T.);
#7083=ORIENTED_EDGE('5190',*,*,#7082,.T.);
#7085=ORIENTED_EDGE('4518',*,*,#7084,.F.);
#7086=EDGE_LOOP('3575',(#7079,#7081,#7083,#7085));
#7087=FACE_BOUND('3575',#7086,.F.);
#7089=ORIENTED_EDGE('5193',*,*,#7088,.T.);
#7091=ORIENTED_EDGE('5258',*,*,#7090,.T.);
#7093=ORIENTED_EDGE('5195',*,*,#7092,.F.);
#7095=ORIENTED_EDGE('4519',*,*,#7094,.T.);
#7096=EDGE_LOOP('3575',(#7089,#7091,#7093,#7095));
#7097=FACE_BOUND('3575',#7096,.F.);
#7099=ORIENTED_EDGE('5196',*,*,#7098,.F.);
#7101=ORIENTED_EDGE('5257',*,*,#7100,.T.);
#7103=ORIENTED_EDGE('5194',*,*,#7102,.T.);
#7105=ORIENTED_EDGE('4520',*,*,#7104,.F.);
#7106=EDGE_LOOP('3575',(#7099,#7101,#7103,#7105));
#7107=FACE_BOUND('3575',#7106,.F.);
#7108=ADVANCED_FACE('3575',(#6943,#6949,#6955,#6961,#6967,#6977,#6987,#6997,
#7007,#7017,#7027,#7037,#7047,#7057,#7067,#7077,#7087,#7097,#7107),#6861,.F.);
#7109=CARTESIAN_POINT('',(-2.655E1,0.E0,7.72E0));
#7110=DIRECTION('',(0.E0,0.E0,1.E0));
#7111=DIRECTION('',(1.E0,0.E0,0.E0));
#7112=AXIS2_PLACEMENT_3D('',#7109,#7110,#7111);
#7113=PLANE('3577',#7112);
#7115=ORIENTED_EDGE('4210',*,*,#7114,.F.);
#7116=ORIENTED_EDGE('4217',*,*,#6862,.F.);
#7118=ORIENTED_EDGE('4089',*,*,#7117,.F.);
#7120=ORIENTED_EDGE('4221',*,*,#7119,.T.);
#7121=EDGE_LOOP('3577',(#7115,#7116,#7118,#7120));
#7122=FACE_OUTER_BOUND('3577',#7121,.F.);
#7123=ADVANCED_FACE('3577',(#7122),#7113,.T.);
#7124=CARTESIAN_POINT('',(-2.24E1,0.E0,0.E0));
#7125=DIRECTION('',(1.E0,0.E0,0.E0));
#7126=DIRECTION('',(0.E0,0.E0,-1.E0));
#7127=AXIS2_PLACEMENT_3D('',#7124,#7125,#7126);
#7128=PLANE('3647',#7127);
#7129=ORIENTED_EDGE('4210',*,*,#7114,.T.);
#7131=ORIENTED_EDGE('4214',*,*,#7130,.F.);
#7133=ORIENTED_EDGE('4231',*,*,#7132,.T.);
#7135=ORIENTED_EDGE('4356',*,*,#7134,.T.);
#7137=ORIENTED_EDGE('4301',*,*,#7136,.T.);
#7139=ORIENTED_EDGE('4358',*,*,#7138,.T.);
#7140=ORIENTED_EDGE('4232',*,*,#6864,.T.);
#7141=EDGE_LOOP('3647',(#7129,#7131,#7133,#7135,#7137,#7139,#7140));
#7142=FACE_OUTER_BOUND('3647',#7141,.F.);
#7143=ADVANCED_FACE('3647',(#7142),#7128,.F.);
#7144=CARTESIAN_POINT('',(-2.525E1,2.7E0,7.42E0));
#7145=DIRECTION('',(0.E0,-7.071067811865E-1,-7.071067811865E-1));
#7146=DIRECTION('',(1.E0,0.E0,0.E0));
#7147=AXIS2_PLACEMENT_3D('',#7144,#7145,#7146);
#7148=PLANE('3602',#7147);
#7149=ORIENTED_EDGE('4214',*,*,#7130,.T.);
#7150=ORIENTED_EDGE('4221',*,*,#7119,.F.);
#7152=ORIENTED_EDGE('4075',*,*,#7151,.T.);
#7154=ORIENTED_EDGE('4427',*,*,#7153,.T.);
#7155=EDGE_LOOP('3602',(#7149,#7150,#7152,#7154));
#7156=FACE_OUTER_BOUND('3602',#7155,.F.);
#7157=ADVANCED_FACE('3602',(#7156),#7148,.F.);
#7158=CARTESIAN_POINT('',(-2.525E1,2.55E0,6.42E0));
#7159=DIRECTION('',(0.E0,-1.E0,0.E0));
#7160=DIRECTION('',(0.E0,0.E0,1.E0));
#7161=AXIS2_PLACEMENT_3D('',#7158,#7159,#7160);
#7162=CONICAL_SURFACE('3603',#7161,1.15E0,4.5E1);
#7164=ORIENTED_EDGE('4073',*,*,#7163,.F.);
#7166=ORIENTED_EDGE('4076',*,*,#7165,.F.);
#7168=ORIENTED_EDGE('4074',*,*,#7167,.T.);
#7169=ORIENTED_EDGE('4075',*,*,#7151,.F.);
#7170=EDGE_LOOP('3603',(#7164,#7166,#7168,#7169));
#7171=FACE_OUTER_BOUND('3603',#7170,.F.);
#7172=ADVANCED_FACE('3603',(#7171),#7162,.T.);
#7173=CARTESIAN_POINT('',(-2.525E1,2.795181631920E0,6.42E0));
#7174=DIRECTION('',(0.E0,-1.E0,0.E0));
#7175=DIRECTION('',(0.E0,0.E0,1.E0));
#7176=AXIS2_PLACEMENT_3D('',#7173,#7174,#7175);
#7177=CYLINDRICAL_SURFACE('3592',#7176,1.3E0);
#7178=ORIENTED_EDGE('4089',*,*,#7117,.T.);
#7179=ORIENTED_EDGE('4051',*,*,#6940,.T.);
#7181=ORIENTED_EDGE('4090',*,*,#7180,.F.);
#7182=ORIENTED_EDGE('4073',*,*,#7163,.T.);
#7183=EDGE_LOOP('3592',(#7178,#7179,#7181,#7182));
#7184=FACE_OUTER_BOUND('3592',#7183,.F.);
#7185=ADVANCED_FACE('3592',(#7184),#7177,.T.);
#7186=CARTESIAN_POINT('',(-2.655E1,0.E0,-7.72E0));
#7187=DIRECTION('',(-1.E0,0.E0,0.E0));
#7188=DIRECTION('',(0.E0,0.E0,1.E0));
#7189=AXIS2_PLACEMENT_3D('',#7186,#7187,#7188);
#7190=PLANE('3986',#7189);
#7192=ORIENTED_EDGE('4144',*,*,#7191,.T.);
#7194=ORIENTED_EDGE('4152',*,*,#7193,.T.);
#7195=ORIENTED_EDGE('4090',*,*,#7180,.T.);
#7196=ORIENTED_EDGE('4148',*,*,#6938,.F.);
#7197=EDGE_LOOP('3986',(#7192,#7194,#7195,#7196));
#7198=FACE_OUTER_BOUND('3986',#7197,.F.);
#7199=ADVANCED_FACE('3986',(#7198),#7190,.T.);
#7200=CARTESIAN_POINT('',(0.E0,0.E0,1.4875E0));
#7201=DIRECTION('',(0.E0,0.E0,-1.E0));
#7202=DIRECTION('',(-1.E0,0.E0,0.E0));
#7203=AXIS2_PLACEMENT_3D('',#7200,#7201,#7202);
#7204=PLANE('3624',#7203);
#7205=ORIENTED_EDGE('4144',*,*,#7191,.F.);
#7206=ORIENTED_EDGE('4155',*,*,#6936,.T.);
#7208=ORIENTED_EDGE('4355',*,*,#7207,.T.);
#7210=ORIENTED_EDGE('4297',*,*,#7209,.T.);
#7212=ORIENTED_EDGE('4354',*,*,#7211,.T.);
#7214=ORIENTED_EDGE('4156',*,*,#7213,.T.);
#7216=ORIENTED_EDGE('4146',*,*,#7215,.T.);
#7217=EDGE_LOOP('3624',(#7205,#7206,#7208,#7210,#7212,#7214,#7216));
#7218=FACE_OUTER_BOUND('3624',#7217,.F.);
#7219=ADVANCED_FACE('3624',(#7218),#7204,.F.);
#7220=CARTESIAN_POINT('',(-2.75E1,0.E0,-1.4875E0));
#7221=DIRECTION('',(1.E0,0.E0,0.E0));
#7222=DIRECTION('',(0.E0,1.E0,0.E0));
#7223=AXIS2_PLACEMENT_3D('',#7220,#7221,#7222);
#7224=PLANE('3625',#7223);
#7226=ORIENTED_EDGE('4352',*,*,#7225,.T.);
#7228=ORIENTED_EDGE('4293',*,*,#7227,.T.);
#7230=ORIENTED_EDGE('4351',*,*,#7229,.T.);
#7232=ORIENTED_EDGE('4300',*,*,#7231,.F.);
#7233=ORIENTED_EDGE('4355',*,*,#7207,.F.);
#7234=ORIENTED_EDGE('4141',*,*,#6934,.F.);
#7235=EDGE_LOOP('3625',(#7226,#7228,#7230,#7232,#7233,#7234));
#7236=FACE_OUTER_BOUND('3625',#7235,.F.);
#7237=ADVANCED_FACE('3625',(#7236),#7224,.F.);
#7238=CARTESIAN_POINT('',(0.E0,0.E0,-1.4875E0));
#7239=DIRECTION('',(0.E0,0.E0,-1.E0));
#7240=DIRECTION('',(-1.E0,0.E0,0.E0));
#7241=AXIS2_PLACEMENT_3D('',#7238,#7239,#7240);
#7242=PLANE('3623',#7241);
#7244=ORIENTED_EDGE('4143',*,*,#7243,.T.);
#7246=ORIENTED_EDGE('4145',*,*,#7245,.F.);
#7248=ORIENTED_EDGE('4154',*,*,#7247,.F.);
#7250=ORIENTED_EDGE('4353',*,*,#7249,.F.);
#7252=ORIENTED_EDGE('4291',*,*,#7251,.F.);
#7253=ORIENTED_EDGE('4352',*,*,#7225,.F.);
#7254=ORIENTED_EDGE('4153',*,*,#6932,.F.);
#7255=EDGE_LOOP('3623',(#7244,#7246,#7248,#7250,#7252,#7253,#7254));
#7256=FACE_OUTER_BOUND('3623',#7255,.F.);
#7257=ADVANCED_FACE('3623',(#7256),#7242,.T.);
#7258=CARTESIAN_POINT('',(-2.655E1,0.E0,-7.72E0));
#7259=DIRECTION('',(-1.E0,0.E0,0.E0));
#7260=DIRECTION('',(0.E0,0.E0,1.E0));
#7261=AXIS2_PLACEMENT_3D('',#7258,#7259,#7260);
#7262=PLANE('3580',#7261);
#7263=ORIENTED_EDGE('4143',*,*,#7243,.F.);
#7264=ORIENTED_EDGE('4147',*,*,#6930,.F.);
#7266=ORIENTED_EDGE('4091',*,*,#7265,.F.);
#7268=ORIENTED_EDGE('4151',*,*,#7267,.T.);
#7269=EDGE_LOOP('3580',(#7263,#7264,#7266,#7268));
#7270=FACE_OUTER_BOUND('3580',#7269,.F.);
#7271=ADVANCED_FACE('3580',(#7270),#7262,.T.);
#7272=CARTESIAN_POINT('',(-2.525E1,2.795181631920E0,-6.42E0));
#7273=DIRECTION('',(0.E0,-1.E0,0.E0));
#7274=DIRECTION('',(-1.E0,0.E0,0.E0));
#7275=AXIS2_PLACEMENT_3D('',#7272,#7273,#7274);
#7276=CYLINDRICAL_SURFACE('3593',#7275,1.3E0);
#7277=ORIENTED_EDGE('4091',*,*,#7265,.T.);
#7278=ORIENTED_EDGE('4052',*,*,#6928,.T.);
#7280=ORIENTED_EDGE('4092',*,*,#7279,.F.);
#7282=ORIENTED_EDGE('4077',*,*,#7281,.T.);
#7283=EDGE_LOOP('3593',(#7277,#7278,#7280,#7282));
#7284=FACE_OUTER_BOUND('3593',#7283,.F.);
#7285=ADVANCED_FACE('3593',(#7284),#7276,.T.);
#7286=CARTESIAN_POINT('',(2.655E1,0.E0,-7.72E0));
#7287=DIRECTION('',(0.E0,0.E0,-1.E0));
#7288=DIRECTION('',(-1.E0,0.E0,0.E0));
#7289=AXIS2_PLACEMENT_3D('',#7286,#7287,#7288);
#7290=PLANE('3985',#7289);
#7292=ORIENTED_EDGE('4212',*,*,#7291,.T.);
#7294=ORIENTED_EDGE('4224',*,*,#7293,.T.);
#7295=ORIENTED_EDGE('4092',*,*,#7279,.T.);
#7296=ORIENTED_EDGE('4220',*,*,#6926,.F.);
#7297=EDGE_LOOP('3985',(#7292,#7294,#7295,#7296));
#7298=FACE_OUTER_BOUND('3985',#7297,.F.);
#7299=ADVANCED_FACE('3985',(#7298),#7290,.T.);
#7300=CARTESIAN_POINT('',(-2.24E1,0.E0,0.E0));
#7301=DIRECTION('',(1.E0,0.E0,0.E0));
#7302=DIRECTION('',(0.E0,0.E0,-1.E0));
#7303=AXIS2_PLACEMENT_3D('',#7300,#7301,#7302);
#7304=PLANE('4018',#7303);
#7305=ORIENTED_EDGE('4212',*,*,#7291,.F.);
#7306=ORIENTED_EDGE('4229',*,*,#6924,.T.);
#7308=ORIENTED_EDGE('4349',*,*,#7307,.T.);
#7310=ORIENTED_EDGE('4287',*,*,#7309,.T.);
#7312=ORIENTED_EDGE('4350',*,*,#7311,.T.);
#7314=ORIENTED_EDGE('4230',*,*,#7313,.T.);
#7316=ORIENTED_EDGE('4216',*,*,#7315,.T.);
#7317=EDGE_LOOP('4018',(#7305,#7306,#7308,#7310,#7312,#7314,#7316));
#7318=FACE_OUTER_BOUND('4018',#7317,.F.);
#7319=ADVANCED_FACE('4018',(#7318),#7304,.F.);
#7320=CARTESIAN_POINT('',(-1.84E1,0.E0,-8.22E0));
#7321=DIRECTION('',(0.E0,0.E0,1.E0));
#7322=DIRECTION('',(0.E0,1.E0,0.E0));
#7323=AXIS2_PLACEMENT_3D('',#7320,#7321,#7322);
#7324=PLANE('3648',#7323);
#7326=ORIENTED_EDGE('4348',*,*,#7325,.T.);
#7328=ORIENTED_EDGE('4285',*,*,#7327,.T.);
#7329=ORIENTED_EDGE('4349',*,*,#7307,.F.);
#7330=ORIENTED_EDGE('4205',*,*,#6922,.F.);
#7331=EDGE_LOOP('3648',(#7326,#7328,#7329,#7330));
#7332=FACE_OUTER_BOUND('3648',#7331,.F.);
#7333=ADVANCED_FACE('3648',(#7332),#7324,.F.);
#7334=CARTESIAN_POINT('',(-1.84E1,0.E0,0.E0));
#7335=DIRECTION('',(1.E0,0.E0,0.E0));
#7336=DIRECTION('',(0.E0,0.E0,-1.E0));
#7337=AXIS2_PLACEMENT_3D('',#7334,#7335,#7336);
#7338=PLANE('4017',#7337);
#7340=ORIENTED_EDGE('4211',*,*,#7339,.T.);
#7342=ORIENTED_EDGE('4215',*,*,#7341,.F.);
#7344=ORIENTED_EDGE('4226',*,*,#7343,.F.);
#7346=ORIENTED_EDGE('4346',*,*,#7345,.F.);
#7348=ORIENTED_EDGE('4281',*,*,#7347,.F.);
#7349=ORIENTED_EDGE('4348',*,*,#7325,.F.);
#7350=ORIENTED_EDGE('4225',*,*,#6920,.F.);
#7351=EDGE_LOOP('4017',(#7340,#7342,#7344,#7346,#7348,#7349,#7350));
#7352=FACE_OUTER_BOUND('4017',#7351,.F.);
#7353=ADVANCED_FACE('4017',(#7352),#7338,.T.);
#7354=CARTESIAN_POINT('',(2.655E1,0.E0,-7.72E0));
#7355=DIRECTION('',(0.E0,0.E0,-1.E0));
#7356=DIRECTION('',(-1.E0,0.E0,0.E0));
#7357=AXIS2_PLACEMENT_3D('',#7354,#7355,#7356);
#7358=PLANE('3984',#7357);
#7359=ORIENTED_EDGE('4211',*,*,#7339,.F.);
#7360=ORIENTED_EDGE('4219',*,*,#6918,.F.);
#7362=ORIENTED_EDGE('4163',*,*,#7361,.T.);
#7364=ORIENTED_EDGE('4223',*,*,#7363,.T.);
#7365=EDGE_LOOP('3984',(#7359,#7360,#7362,#7364));
#7366=FACE_OUTER_BOUND('3984',#7365,.F.);
#7367=ADVANCED_FACE('3984',(#7366),#7358,.T.);
#7368=CARTESIAN_POINT('',(-2.E0,0.E0,0.E0));
#7369=DIRECTION('',(1.E0,0.E0,0.E0));
#7370=DIRECTION('',(0.E0,0.E0,-1.E0));
#7371=AXIS2_PLACEMENT_3D('',#7368,#7369,#7370);
#7372=PLANE('4013',#7371);
#7373=ORIENTED_EDGE('4163',*,*,#7361,.F.);
#7374=ORIENTED_EDGE('4169',*,*,#6916,.T.);
#7376=ORIENTED_EDGE('4344',*,*,#7375,.T.);
#7378=ORIENTED_EDGE('4277',*,*,#7377,.T.);
#7380=ORIENTED_EDGE('4345',*,*,#7379,.T.);
#7382=ORIENTED_EDGE('4170',*,*,#7381,.T.);
#7384=ORIENTED_EDGE('4167',*,*,#7383,.T.);
#7385=EDGE_LOOP('4013',(#7373,#7374,#7376,#7378,#7380,#7382,#7384));
#7386=FACE_OUTER_BOUND('4013',#7385,.F.);
#7387=ADVANCED_FACE('4013',(#7386),#7372,.F.);
#7388=CARTESIAN_POINT('',(-2.E0,0.E0,-8.22E0));
#7389=DIRECTION('',(0.E0,0.E0,-1.E0));
#7390=DIRECTION('',(0.E0,1.E0,0.E0));
#7391=AXIS2_PLACEMENT_3D('',#7388,#7389,#7390);
#7392=PLANE('3630',#7391);
#7393=ORIENTED_EDGE('4344',*,*,#7375,.F.);
#7394=ORIENTED_EDGE('4157',*,*,#6914,.T.);
#7396=ORIENTED_EDGE('4343',*,*,#7395,.T.);
#7398=ORIENTED_EDGE('4275',*,*,#7397,.F.);
#7399=EDGE_LOOP('3630',(#7393,#7394,#7396,#7398));
#7400=FACE_OUTER_BOUND('3630',#7399,.F.);
#7401=ADVANCED_FACE('3630',(#7400),#7392,.T.);
#7402=CARTESIAN_POINT('',(2.E0,0.E0,0.E0));
#7403=DIRECTION('',(1.E0,0.E0,0.E0));
#7404=DIRECTION('',(0.E0,0.E0,-1.E0));
#7405=AXIS2_PLACEMENT_3D('',#7402,#7403,#7404);
#7406=PLANE('4014',#7405);
#7408=ORIENTED_EDGE('4164',*,*,#7407,.T.);
#7410=ORIENTED_EDGE('4168',*,*,#7409,.F.);
#7412=ORIENTED_EDGE('4174',*,*,#7411,.F.);
#7414=ORIENTED_EDGE('4341',*,*,#7413,.F.);
#7416=ORIENTED_EDGE('4271',*,*,#7415,.F.);
#7417=ORIENTED_EDGE('4343',*,*,#7395,.F.);
#7418=ORIENTED_EDGE('4173',*,*,#6912,.F.);
#7419=EDGE_LOOP('4014',(#7408,#7410,#7412,#7414,#7416,#7417,#7418));
#7420=FACE_OUTER_BOUND('4014',#7419,.F.);
#7421=ADVANCED_FACE('4014',(#7420),#7406,.T.);
#7422=CARTESIAN_POINT('',(2.655E1,0.E0,-7.72E0));
#7423=DIRECTION('',(0.E0,0.E0,-1.E0));
#7424=DIRECTION('',(-1.E0,0.E0,0.E0));
#7425=AXIS2_PLACEMENT_3D('',#7422,#7423,#7424);
#7426=PLANE('3983',#7425);
#7428=ORIENTED_EDGE('4183',*,*,#7427,.T.);
#7430=ORIENTED_EDGE('4196',*,*,#7429,.T.);
#7431=ORIENTED_EDGE('4164',*,*,#7407,.F.);
#7432=ORIENTED_EDGE('4192',*,*,#6910,.F.);
#7433=EDGE_LOOP('3983',(#7428,#7430,#7431,#7432));
#7434=FACE_OUTER_BOUND('3983',#7433,.F.);
#7435=ADVANCED_FACE('3983',(#7434),#7426,.T.);
#7436=CARTESIAN_POINT('',(1.84E1,0.E0,0.E0));
#7437=DIRECTION('',(1.E0,0.E0,0.E0));
#7438=DIRECTION('',(0.E0,0.E0,-1.E0));
#7439=AXIS2_PLACEMENT_3D('',#7436,#7437,#7438);
#7440=PLANE('4015',#7439);
#7441=ORIENTED_EDGE('4183',*,*,#7427,.F.);
#7442=ORIENTED_EDGE('4197',*,*,#6908,.T.);
#7444=ORIENTED_EDGE('4339',*,*,#7443,.T.);
#7446=ORIENTED_EDGE('4267',*,*,#7445,.T.);
#7448=ORIENTED_EDGE('4340',*,*,#7447,.T.);
#7450=ORIENTED_EDGE('4198',*,*,#7449,.T.);
#7452=ORIENTED_EDGE('4187',*,*,#7451,.T.);
#7453=EDGE_LOOP('4015',(#7441,#7442,#7444,#7446,#7448,#7450,#7452));
#7454=FACE_OUTER_BOUND('4015',#7453,.F.);
#7455=ADVANCED_FACE('4015',(#7454),#7440,.F.);
#7456=CARTESIAN_POINT('',(1.84E1,0.E0,-8.22E0));
#7457=DIRECTION('',(0.E0,0.E0,-1.E0));
#7458=DIRECTION('',(0.E0,1.E0,0.E0));
#7459=AXIS2_PLACEMENT_3D('',#7456,#7457,#7458);
#7460=PLANE('3638',#7459);
#7461=ORIENTED_EDGE('4339',*,*,#7443,.F.);
#7462=ORIENTED_EDGE('4177',*,*,#6906,.T.);
#7464=ORIENTED_EDGE('4338',*,*,#7463,.T.);
#7466=ORIENTED_EDGE('4265',*,*,#7465,.F.);
#7467=EDGE_LOOP('3638',(#7461,#7462,#7464,#7466));
#7468=FACE_OUTER_BOUND('3638',#7467,.F.);
#7469=ADVANCED_FACE('3638',(#7468),#7460,.T.);
#7470=CARTESIAN_POINT('',(2.24E1,0.E0,0.E0));
#7471=DIRECTION('',(1.E0,0.E0,0.E0));
#7472=DIRECTION('',(0.E0,0.E0,-1.E0));
#7473=AXIS2_PLACEMENT_3D('',#7470,#7471,#7472);
#7474=PLANE('4016',#7473);
#7476=ORIENTED_EDGE('4184',*,*,#7475,.T.);
#7478=ORIENTED_EDGE('4188',*,*,#7477,.F.);
#7480=ORIENTED_EDGE('4202',*,*,#7479,.F.);
#7482=ORIENTED_EDGE('4336',*,*,#7481,.F.);
#7484=ORIENTED_EDGE('4261',*,*,#7483,.F.);
#7485=ORIENTED_EDGE('4338',*,*,#7463,.F.);
#7486=ORIENTED_EDGE('4201',*,*,#6904,.F.);
#7487=EDGE_LOOP('4016',(#7476,#7478,#7480,#7482,#7484,#7485,#7486));
#7488=FACE_OUTER_BOUND('4016',#7487,.F.);
#7489=ADVANCED_FACE('4016',(#7488),#7474,.T.);
#7490=CARTESIAN_POINT('',(2.655E1,0.E0,-7.72E0));
#7491=DIRECTION('',(0.E0,0.E0,-1.E0));
#7492=DIRECTION('',(-1.E0,0.E0,0.E0));
#7493=AXIS2_PLACEMENT_3D('',#7490,#7491,#7492);
#7494=PLANE('3579',#7493);
#7495=ORIENTED_EDGE('4184',*,*,#7475,.F.);
#7496=ORIENTED_EDGE('4191',*,*,#6902,.F.);
#7498=ORIENTED_EDGE('4093',*,*,#7497,.F.);
#7500=ORIENTED_EDGE('4195',*,*,#7499,.T.);
#7501=EDGE_LOOP('3579',(#7495,#7496,#7498,#7500));
#7502=FACE_OUTER_BOUND('3579',#7501,.F.);
#7503=ADVANCED_FACE('3579',(#7502),#7494,.T.);
#7504=CARTESIAN_POINT('',(2.525E1,2.795181631920E0,-6.42E0));
#7505=DIRECTION('',(0.E0,-1.E0,0.E0));
#7506=DIRECTION('',(0.E0,0.E0,-1.E0));
#7507=AXIS2_PLACEMENT_3D('',#7504,#7505,#7506);
#7508=CYLINDRICAL_SURFACE('3591',#7507,1.3E0);
#7509=ORIENTED_EDGE('4093',*,*,#7497,.T.);
#7510=ORIENTED_EDGE('4050',*,*,#6900,.T.);
#7512=ORIENTED_EDGE('4094',*,*,#7511,.F.);
#7514=ORIENTED_EDGE('4081',*,*,#7513,.T.);
#7515=EDGE_LOOP('3591',(#7509,#7510,#7512,#7514));
#7516=FACE_OUTER_BOUND('3591',#7515,.F.);
#7517=ADVANCED_FACE('3591',(#7516),#7508,.T.);
#7518=CARTESIAN_POINT('',(2.655E1,0.E0,7.72E0));
#7519=DIRECTION('',(1.E0,0.E0,0.E0));
#7520=DIRECTION('',(0.E0,0.E0,-1.E0));
#7521=AXIS2_PLACEMENT_3D('',#7518,#7519,#7520);
#7522=PLANE('3982',#7521);
#7524=ORIENTED_EDGE('4127',*,*,#7523,.T.);
#7526=ORIENTED_EDGE('4136',*,*,#7525,.T.);
#7527=ORIENTED_EDGE('4094',*,*,#7511,.T.);
#7528=ORIENTED_EDGE('4132',*,*,#6898,.F.);
#7529=EDGE_LOOP('3982',(#7524,#7526,#7527,#7528));
#7530=FACE_OUTER_BOUND('3982',#7529,.F.);
#7531=ADVANCED_FACE('3982',(#7530),#7522,.T.);
#7532=CARTESIAN_POINT('',(0.E0,0.E0,-2.4875E0));
#7533=DIRECTION('',(0.E0,0.E0,1.E0));
#7534=DIRECTION('',(1.E0,0.E0,0.E0));
#7535=AXIS2_PLACEMENT_3D('',#7532,#7533,#7534);
#7536=PLANE('3618',#7535);
#7537=ORIENTED_EDGE('4127',*,*,#7523,.F.);
#7538=ORIENTED_EDGE('4137',*,*,#6896,.T.);
#7540=ORIENTED_EDGE('4331',*,*,#7539,.T.);
#7542=ORIENTED_EDGE('4251',*,*,#7541,.T.);
#7544=ORIENTED_EDGE('4333',*,*,#7543,.T.);
#7546=ORIENTED_EDGE('4138',*,*,#7545,.T.);
#7548=ORIENTED_EDGE('4129',*,*,#7547,.T.);
#7549=EDGE_LOOP('3618',(#7537,#7538,#7540,#7542,#7544,#7546,#7548));
#7550=FACE_OUTER_BOUND('3618',#7549,.F.);
#7551=ADVANCED_FACE('3618',(#7550),#7536,.F.);
#7552=CARTESIAN_POINT('',(2.75E1,0.E0,-2.4875E0));
#7553=DIRECTION('',(1.E0,0.E0,0.E0));
#7554=DIRECTION('',(0.E0,1.E0,0.E0));
#7555=AXIS2_PLACEMENT_3D('',#7552,#7553,#7554);
#7556=PLANE('3620',#7555);
#7557=ORIENTED_EDGE('4331',*,*,#7539,.F.);
#7558=ORIENTED_EDGE('4125',*,*,#6894,.T.);
#7560=ORIENTED_EDGE('4335',*,*,#7559,.T.);
#7562=ORIENTED_EDGE('4260',*,*,#7561,.T.);
#7564=ORIENTED_EDGE('4332',*,*,#7563,.F.);
#7566=ORIENTED_EDGE('4253',*,*,#7565,.F.);
#7567=EDGE_LOOP('3620',(#7557,#7558,#7560,#7562,#7564,#7566));
#7568=FACE_OUTER_BOUND('3620',#7567,.F.);
#7569=ADVANCED_FACE('3620',(#7568),#7556,.T.);
#7570=CARTESIAN_POINT('',(0.E0,0.E0,2.4875E0));
#7571=DIRECTION('',(0.E0,0.E0,1.E0));
#7572=DIRECTION('',(1.E0,0.E0,0.E0));
#7573=AXIS2_PLACEMENT_3D('',#7570,#7571,#7572);
#7574=PLANE('3619',#7573);
#7576=ORIENTED_EDGE('4128',*,*,#7575,.T.);
#7578=ORIENTED_EDGE('4130',*,*,#7577,.F.);
#7580=ORIENTED_EDGE('4140',*,*,#7579,.F.);
#7582=ORIENTED_EDGE('4334',*,*,#7581,.F.);
#7584=ORIENTED_EDGE('4257',*,*,#7583,.F.);
#7585=ORIENTED_EDGE('4335',*,*,#7559,.F.);
#7586=ORIENTED_EDGE('4139',*,*,#6892,.F.);
#7587=EDGE_LOOP('3619',(#7576,#7578,#7580,#7582,#7584,#7585,#7586));
#7588=FACE_OUTER_BOUND('3619',#7587,.F.);
#7589=ADVANCED_FACE('3619',(#7588),#7574,.T.);
#7590=CARTESIAN_POINT('',(2.655E1,0.E0,7.72E0));
#7591=DIRECTION('',(1.E0,0.E0,0.E0));
#7592=DIRECTION('',(0.E0,0.E0,-1.E0));
#7593=AXIS2_PLACEMENT_3D('',#7590,#7591,#7592);
#7594=PLANE('3578',#7593);
#7595=ORIENTED_EDGE('4128',*,*,#7575,.F.);
#7596=ORIENTED_EDGE('4131',*,*,#6890,.F.);
#7598=ORIENTED_EDGE('4095',*,*,#7597,.F.);
#7600=ORIENTED_EDGE('4135',*,*,#7599,.T.);
#7601=EDGE_LOOP('3578',(#7595,#7596,#7598,#7600));
#7602=FACE_OUTER_BOUND('3578',#7601,.F.);
#7603=ADVANCED_FACE('3578',(#7602),#7594,.T.);
#7604=CARTESIAN_POINT('',(2.525E1,2.795181631920E0,6.42E0));
#7605=DIRECTION('',(0.E0,-1.E0,0.E0));
#7606=DIRECTION('',(1.E0,0.E0,0.E0));
#7607=AXIS2_PLACEMENT_3D('',#7604,#7605,#7606);
#7608=CYLINDRICAL_SURFACE('3590',#7607,1.3E0);
#7609=ORIENTED_EDGE('4095',*,*,#7597,.T.);
#7610=ORIENTED_EDGE('4049',*,*,#6888,.T.);
#7612=ORIENTED_EDGE('4096',*,*,#7611,.F.);
#7614=ORIENTED_EDGE('4085',*,*,#7613,.T.);
#7615=EDGE_LOOP('3590',(#7609,#7610,#7612,#7614));
#7616=FACE_OUTER_BOUND('3590',#7615,.F.);
#7617=ADVANCED_FACE('3590',(#7616),#7608,.T.);
#7618=CARTESIAN_POINT('',(-2.655E1,0.E0,7.72E0));
#7619=DIRECTION('',(0.E0,0.E0,1.E0));
#7620=DIRECTION('',(1.E0,0.E0,0.E0));
#7621=AXIS2_PLACEMENT_3D('',#7618,#7619,#7620);
#7622=PLANE('3981',#7621);
#7624=ORIENTED_EDGE('4182',*,*,#7623,.T.);
#7626=ORIENTED_EDGE('4194',*,*,#7625,.T.);
#7627=ORIENTED_EDGE('4096',*,*,#7611,.T.);
#7628=ORIENTED_EDGE('4190',*,*,#6886,.F.);
#7629=EDGE_LOOP('3981',(#7624,#7626,#7627,#7628));
#7630=FACE_OUTER_BOUND('3981',#7629,.F.);
#7631=ADVANCED_FACE('3981',(#7630),#7622,.T.);
#7632=CARTESIAN_POINT('',(2.24E1,0.E0,0.E0));
#7633=DIRECTION('',(1.E0,0.E0,0.E0));
#7634=DIRECTION('',(0.E0,0.E0,-1.E0));
#7635=AXIS2_PLACEMENT_3D('',#7632,#7633,#7634);
#7636=PLANE('3637',#7635);
#7637=ORIENTED_EDGE('4182',*,*,#7623,.F.);
#7638=ORIENTED_EDGE('4204',*,*,#6884,.F.);
#7640=ORIENTED_EDGE('4369',*,*,#7639,.F.);
#7642=ORIENTED_EDGE('4327',*,*,#7641,.F.);
#7644=ORIENTED_EDGE('4370',*,*,#7643,.F.);
#7646=ORIENTED_EDGE('4203',*,*,#7645,.F.);
#7648=ORIENTED_EDGE('4186',*,*,#7647,.T.);
#7649=EDGE_LOOP('3637',(#7637,#7638,#7640,#7642,#7644,#7646,#7648));
#7650=FACE_OUTER_BOUND('3637',#7649,.F.);
#7651=ADVANCED_FACE('3637',(#7650),#7636,.T.);
#7652=CARTESIAN_POINT('',(1.84E1,3.35E0,8.22E0));
#7653=DIRECTION('',(0.E0,0.E0,1.E0));
#7654=DIRECTION('',(0.E0,-1.E0,0.E0));
#7655=AXIS2_PLACEMENT_3D('',#7652,#7653,#7654);
#7656=PLANE('3645',#7655);
#7658=ORIENTED_EDGE('4368',*,*,#7657,.F.);
#7660=ORIENTED_EDGE('4324',*,*,#7659,.T.);
#7661=ORIENTED_EDGE('4369',*,*,#7639,.T.);
#7662=ORIENTED_EDGE('4180',*,*,#6882,.F.);
#7663=EDGE_LOOP('3645',(#7658,#7660,#7661,#7662));
#7664=FACE_OUTER_BOUND('3645',#7663,.F.);
#7665=ADVANCED_FACE('3645',(#7664),#7656,.T.);
#7666=CARTESIAN_POINT('',(1.84E1,0.E0,0.E0));
#7667=DIRECTION('',(1.E0,0.E0,0.E0));
#7668=DIRECTION('',(0.E0,0.E0,-1.E0));
#7669=AXIS2_PLACEMENT_3D('',#7666,#7667,#7668);
#7670=PLANE('3636',#7669);
#7672=ORIENTED_EDGE('4181',*,*,#7671,.T.);
#7674=ORIENTED_EDGE('4185',*,*,#7673,.F.);
#7676=ORIENTED_EDGE('4199',*,*,#7675,.T.);
#7678=ORIENTED_EDGE('4366',*,*,#7677,.T.);
#7680=ORIENTED_EDGE('4321',*,*,#7679,.T.);
#7681=ORIENTED_EDGE('4368',*,*,#7657,.T.);
#7682=ORIENTED_EDGE('4200',*,*,#6880,.T.);
#7683=EDGE_LOOP('3636',(#7672,#7674,#7676,#7678,#7680,#7681,#7682));
#7684=FACE_OUTER_BOUND('3636',#7683,.F.);
#7685=ADVANCED_FACE('3636',(#7684),#7670,.F.);
#7686=CARTESIAN_POINT('',(-2.655E1,0.E0,7.72E0));
#7687=DIRECTION('',(0.E0,0.E0,1.E0));
#7688=DIRECTION('',(1.E0,0.E0,0.E0));
#7689=AXIS2_PLACEMENT_3D('',#7686,#7687,#7688);
#7690=PLANE('3980',#7689);
#7691=ORIENTED_EDGE('4181',*,*,#7671,.F.);
#7692=ORIENTED_EDGE('4189',*,*,#6878,.F.);
#7694=ORIENTED_EDGE('4162',*,*,#7693,.T.);
#7696=ORIENTED_EDGE('4193',*,*,#7695,.T.);
#7697=EDGE_LOOP('3980',(#7691,#7692,#7694,#7696));
#7698=FACE_OUTER_BOUND('3980',#7697,.F.);
#7699=ADVANCED_FACE('3980',(#7698),#7690,.T.);
#7700=CARTESIAN_POINT('',(2.E0,0.E0,0.E0));
#7701=DIRECTION('',(1.E0,0.E0,0.E0));
#7702=DIRECTION('',(0.E0,0.E0,-1.E0));
#7703=AXIS2_PLACEMENT_3D('',#7700,#7701,#7702);
#7704=PLANE('3629',#7703);
#7705=ORIENTED_EDGE('4162',*,*,#7693,.F.);
#7706=ORIENTED_EDGE('4176',*,*,#6876,.F.);
#7708=ORIENTED_EDGE('4364',*,*,#7707,.F.);
#7710=ORIENTED_EDGE('4317',*,*,#7709,.F.);
#7712=ORIENTED_EDGE('4365',*,*,#7711,.F.);
#7714=ORIENTED_EDGE('4175',*,*,#7713,.F.);
#7716=ORIENTED_EDGE('4166',*,*,#7715,.T.);
#7717=EDGE_LOOP('3629',(#7705,#7706,#7708,#7710,#7712,#7714,#7716));
#7718=FACE_OUTER_BOUND('3629',#7717,.F.);
#7719=ADVANCED_FACE('3629',(#7718),#7704,.T.);
#7720=CARTESIAN_POINT('',(-2.E0,3.35E0,8.22E0));
#7721=DIRECTION('',(0.E0,0.E0,1.E0));
#7722=DIRECTION('',(0.E0,-1.E0,0.E0));
#7723=AXIS2_PLACEMENT_3D('',#7720,#7721,#7722);
#7724=PLANE('3635',#7723);
#7726=ORIENTED_EDGE('4363',*,*,#7725,.F.);
#7728=ORIENTED_EDGE('4314',*,*,#7727,.T.);
#7729=ORIENTED_EDGE('4364',*,*,#7707,.T.);
#7730=ORIENTED_EDGE('4160',*,*,#6874,.F.);
#7731=EDGE_LOOP('3635',(#7726,#7728,#7729,#7730));
#7732=FACE_OUTER_BOUND('3635',#7731,.F.);
#7733=ADVANCED_FACE('3635',(#7732),#7724,.T.);
#7734=CARTESIAN_POINT('',(-2.E0,0.E0,0.E0));
#7735=DIRECTION('',(1.E0,0.E0,0.E0));
#7736=DIRECTION('',(0.E0,0.E0,-1.E0));
#7737=AXIS2_PLACEMENT_3D('',#7734,#7735,#7736);
#7738=PLANE('3628',#7737);
#7740=ORIENTED_EDGE('4161',*,*,#7739,.T.);
#7742=ORIENTED_EDGE('4165',*,*,#7741,.F.);
#7744=ORIENTED_EDGE('4171',*,*,#7743,.T.);
#7746=ORIENTED_EDGE('4361',*,*,#7745,.T.);
#7748=ORIENTED_EDGE('4311',*,*,#7747,.T.);
#7749=ORIENTED_EDGE('4363',*,*,#7725,.T.);
#7750=ORIENTED_EDGE('4172',*,*,#6872,.T.);
#7751=EDGE_LOOP('3628',(#7740,#7742,#7744,#7746,#7748,#7749,#7750));
#7752=FACE_OUTER_BOUND('3628',#7751,.F.);
#7753=ADVANCED_FACE('3628',(#7752),#7738,.F.);
#7754=CARTESIAN_POINT('',(-2.655E1,0.E0,7.72E0));
#7755=DIRECTION('',(0.E0,0.E0,1.E0));
#7756=DIRECTION('',(1.E0,0.E0,0.E0));
#7757=AXIS2_PLACEMENT_3D('',#7754,#7755,#7756);
#7758=PLANE('3979',#7757);
#7760=ORIENTED_EDGE('4209',*,*,#7759,.T.);
#7762=ORIENTED_EDGE('4222',*,*,#7761,.T.);
#7763=ORIENTED_EDGE('4161',*,*,#7739,.F.);
#7764=ORIENTED_EDGE('4218',*,*,#6870,.F.);
#7765=EDGE_LOOP('3979',(#7760,#7762,#7763,#7764));
#7766=FACE_OUTER_BOUND('3979',#7765,.F.);
#7767=ADVANCED_FACE('3979',(#7766),#7758,.T.);
#7768=CARTESIAN_POINT('',(-1.84E1,0.E0,0.E0));
#7769=DIRECTION('',(1.E0,0.E0,0.E0));
#7770=DIRECTION('',(0.E0,0.E0,-1.E0));
#7771=AXIS2_PLACEMENT_3D('',#7768,#7769,#7770);
#7772=PLANE('3646',#7771);
#7773=ORIENTED_EDGE('4209',*,*,#7759,.F.);
#7774=ORIENTED_EDGE('4228',*,*,#6868,.F.);
#7776=ORIENTED_EDGE('4359',*,*,#7775,.F.);
#7778=ORIENTED_EDGE('4307',*,*,#7777,.F.);
#7780=ORIENTED_EDGE('4360',*,*,#7779,.F.);
#7782=ORIENTED_EDGE('4227',*,*,#7781,.F.);
#7784=ORIENTED_EDGE('4213',*,*,#7783,.T.);
#7785=EDGE_LOOP('3646',(#7773,#7774,#7776,#7778,#7780,#7782,#7784));
#7786=FACE_OUTER_BOUND('3646',#7785,.F.);
#7787=ADVANCED_FACE('3646',(#7786),#7772,.T.);
#7788=CARTESIAN_POINT('',(-1.84E1,3.35E0,8.22E0));
#7789=DIRECTION('',(0.E0,0.E0,-1.E0));
#7790=DIRECTION('',(0.E0,-1.E0,0.E0));
#7791=AXIS2_PLACEMENT_3D('',#7788,#7789,#7790);
#7792=PLANE('3655',#7791);
#7793=ORIENTED_EDGE('4359',*,*,#7775,.T.);
#7794=ORIENTED_EDGE('4208',*,*,#6866,.T.);
#7795=ORIENTED_EDGE('4358',*,*,#7138,.F.);
#7797=ORIENTED_EDGE('4304',*,*,#7796,.F.);
#7798=EDGE_LOOP('3655',(#7793,#7794,#7795,#7797));
#7799=FACE_OUTER_BOUND('3655',#7798,.F.);
#7800=ADVANCED_FACE('3655',(#7799),#7792,.F.);
#7801=CARTESIAN_POINT('',(-1.84E1,2.95E0,8.22E0));
#7802=DIRECTION('',(0.E0,-7.071067811865E-1,-7.071067811865E-1));
#7803=DIRECTION('',(-1.E0,0.E0,0.E0));
#7804=AXIS2_PLACEMENT_3D('',#7801,#7802,#7803);
#7805=PLANE('3678',#7804);
#7806=ORIENTED_EDGE('4304',*,*,#7796,.T.);
#7808=ORIENTED_EDGE('4306',*,*,#7807,.T.);
#7810=ORIENTED_EDGE('4305',*,*,#7809,.F.);
#7812=ORIENTED_EDGE('4309',*,*,#7811,.F.);
#7813=EDGE_LOOP('3678',(#7806,#7808,#7810,#7812));
#7814=FACE_OUTER_BOUND('3678',#7813,.F.);
#7815=ADVANCED_FACE('3678',(#7814),#7805,.F.);
#7816=CARTESIAN_POINT('',(-2.24E1,2.95E0,7.52E0));
#7817=DIRECTION('',(-7.071067811865E-1,7.071067811865E-1,0.E0));
#7818=DIRECTION('',(0.E0,0.E0,1.E0));
#7819=AXIS2_PLACEMENT_3D('',#7816,#7817,#7818);
#7820=PLANE('3677',#7819);
#7821=ORIENTED_EDGE('4301',*,*,#7136,.F.);
#7823=ORIENTED_EDGE('4303',*,*,#7822,.T.);
#7825=ORIENTED_EDGE('4302',*,*,#7824,.T.);
#7826=ORIENTED_EDGE('4306',*,*,#7807,.F.);
#7827=EDGE_LOOP('3677',(#7821,#7823,#7825,#7826));
#7828=FACE_OUTER_BOUND('3677',#7827,.F.);
#7829=ADVANCED_FACE('3677',(#7828),#7820,.T.);
#7830=CARTESIAN_POINT('',(-1.84E1,2.7E0,7.52E0));
#7831=DIRECTION('',(0.E0,0.E0,1.E0));
#7832=DIRECTION('',(0.E0,1.E0,0.E0));
#7833=AXIS2_PLACEMENT_3D('',#7830,#7831,#7832);
#7834=PLANE('3653',#7833);
#7835=ORIENTED_EDGE('4360',*,*,#7779,.T.);
#7837=ORIENTED_EDGE('4310',*,*,#7836,.T.);
#7839=ORIENTED_EDGE('4357',*,*,#7838,.T.);
#7840=ORIENTED_EDGE('4303',*,*,#7822,.F.);
#7841=ORIENTED_EDGE('4356',*,*,#7134,.F.);
#7843=ORIENTED_EDGE('4207',*,*,#7842,.F.);
#7844=EDGE_LOOP('3653',(#7835,#7837,#7839,#7840,#7841,#7843));
#7845=FACE_OUTER_BOUND('3653',#7844,.F.);
#7846=ADVANCED_FACE('3653',(#7845),#7834,.F.);
#7847=CARTESIAN_POINT('',(-1.84E1,2.95E0,7.52E0));
#7848=DIRECTION('',(-7.071067811865E-1,-7.071067811865E-1,0.E0));
#7849=DIRECTION('',(0.E0,0.E0,1.E0));
#7850=AXIS2_PLACEMENT_3D('',#7847,#7848,#7849);
#7851=PLANE('3679',#7850);
#7852=ORIENTED_EDGE('4307',*,*,#7777,.T.);
#7853=ORIENTED_EDGE('4309',*,*,#7811,.T.);
#7855=ORIENTED_EDGE('4308',*,*,#7854,.F.);
#7856=ORIENTED_EDGE('4310',*,*,#7836,.F.);
#7857=EDGE_LOOP('3679',(#7852,#7853,#7855,#7856));
#7858=FACE_OUTER_BOUND('3679',#7857,.F.);
#7859=ADVANCED_FACE('3679',(#7858),#7851,.F.);
#7860=CARTESIAN_POINT('',(-1.84E1,3.35E0,7.52E0));
#7861=DIRECTION('',(0.E0,-1.E0,0.E0));
#7862=DIRECTION('',(0.E0,0.E0,1.E0));
#7863=AXIS2_PLACEMENT_3D('',#7860,#7861,#7862);
#7864=PLANE('3654',#7863);
#7865=ORIENTED_EDGE('4308',*,*,#7854,.T.);
#7866=ORIENTED_EDGE('4305',*,*,#7809,.T.);
#7867=ORIENTED_EDGE('4302',*,*,#7824,.F.);
#7868=ORIENTED_EDGE('4357',*,*,#7838,.F.);
#7869=EDGE_LOOP('3654',(#7865,#7866,#7867,#7868));
#7870=FACE_OUTER_BOUND('3654',#7869,.F.);
#7871=ADVANCED_FACE('3654',(#7870),#7864,.F.);
#7872=CARTESIAN_POINT('',(-1.84E1,2.7E0,7.42E0));
#7873=DIRECTION('',(0.E0,-1.E0,-2.220446049250E-14));
#7874=DIRECTION('',(0.E0,-2.220446049250E-14,1.E0));
#7875=AXIS2_PLACEMENT_3D('',#7872,#7873,#7874);
#7876=PLANE('3652',#7875);
#7877=ORIENTED_EDGE('4227',*,*,#7781,.T.);
#7878=ORIENTED_EDGE('4207',*,*,#7842,.T.);
#7879=ORIENTED_EDGE('4231',*,*,#7132,.F.);
#7881=ORIENTED_EDGE('4421',*,*,#7880,.F.);
#7882=EDGE_LOOP('3652',(#7877,#7878,#7879,#7881));
#7883=FACE_OUTER_BOUND('3652',#7882,.F.);
#7884=ADVANCED_FACE('3652',(#7883),#7876,.F.);
#7885=CARTESIAN_POINT('',(-2.2405E1,2.7E0,7.42E0));
#7886=DIRECTION('',(0.E0,7.071067811865E-1,-7.071067811865E-1));
#7887=DIRECTION('',(0.E0,-7.071067811865E-1,-7.071067811865E-1));
#7888=AXIS2_PLACEMENT_3D('',#7885,#7886,#7887);
#7889=PLANE('3693',#7888);
#7890=ORIENTED_EDGE('4421',*,*,#7880,.T.);
#7892=ORIENTED_EDGE('4424',*,*,#7891,.T.);
#7894=ORIENTED_EDGE('4395',*,*,#7893,.F.);
#7896=ORIENTED_EDGE('4426',*,*,#7895,.F.);
#7897=EDGE_LOOP('3693',(#7890,#7892,#7894,#7896));
#7898=FACE_OUTER_BOUND('3693',#7897,.F.);
#7899=ADVANCED_FACE('3693',(#7898),#7889,.T.);
#7900=CARTESIAN_POINT('',(-2.2405E1,0.E0,0.E0));
#7901=DIRECTION('',(1.E0,0.E0,0.E0));
#7902=DIRECTION('',(0.E0,0.E0,-1.E0));
#7903=AXIS2_PLACEMENT_3D('',#7900,#7901,#7902);
#7904=PLANE('3690',#7903);
#7905=ORIENTED_EDGE('4424',*,*,#7891,.F.);
#7907=ORIENTED_EDGE('4389',*,*,#7906,.T.);
#7909=ORIENTED_EDGE('4401',*,*,#7908,.T.);
#7911=ORIENTED_EDGE('4393',*,*,#7910,.T.);
#7912=EDGE_LOOP('3690',(#7905,#7907,#7909,#7911));
#7913=FACE_OUTER_BOUND('3690',#7912,.F.);
#7914=ADVANCED_FACE('3690',(#7913),#7904,.T.);
#7915=CARTESIAN_POINT('',(0.E0,2.7E0,0.E0));
#7916=DIRECTION('',(0.E0,1.E0,0.E0));
#7917=DIRECTION('',(1.E0,0.E0,0.E0));
#7918=AXIS2_PLACEMENT_3D('',#7915,#7916,#7917);
#7919=PLANE('3576',#7918);
#7920=ORIENTED_EDGE('4427',*,*,#7153,.F.);
#7921=ORIENTED_EDGE('4074',*,*,#7167,.F.);
#7923=ORIENTED_EDGE('4150',*,*,#7922,.F.);
#7924=ORIENTED_EDGE('4156',*,*,#7213,.F.);
#7926=ORIENTED_EDGE('4142',*,*,#7925,.F.);
#7927=ORIENTED_EDGE('4154',*,*,#7247,.T.);
#7929=ORIENTED_EDGE('4149',*,*,#7928,.F.);
#7931=ORIENTED_EDGE('4078',*,*,#7930,.F.);
#7933=ORIENTED_EDGE('4428',*,*,#7932,.F.);
#7935=ORIENTED_EDGE('4390',*,*,#7934,.F.);
#7937=ORIENTED_EDGE('4404',*,*,#7936,.T.);
#7939=ORIENTED_EDGE('4098',*,*,#7938,.F.);
#7941=ORIENTED_EDGE('4100',*,*,#7940,.T.);
#7943=ORIENTED_EDGE('4104',*,*,#7942,.F.);
#7945=ORIENTED_EDGE('4407',*,*,#7944,.T.);
#7946=ORIENTED_EDGE('4389',*,*,#7906,.F.);
#7947=EDGE_LOOP('3576',(#7920,#7921,#7923,#7924,#7926,#7927,#7929,#7931,#7933,
#7935,#7937,#7939,#7941,#7943,#7945,#7946));
#7948=FACE_OUTER_BOUND('3576',#7947,.F.);
#7949=ADVANCED_FACE('3576',(#7948),#7919,.T.);
#7950=CARTESIAN_POINT('',(-2.625E1,2.7E0,-6.42E0));
#7951=DIRECTION('',(7.071067811865E-1,-7.071067811865E-1,0.E0));
#7952=DIRECTION('',(0.E0,0.E0,1.E0));
#7953=AXIS2_PLACEMENT_3D('',#7950,#7951,#7952);
#7954=PLANE('4004',#7953);
#7955=ORIENTED_EDGE('4146',*,*,#7215,.F.);
#7956=ORIENTED_EDGE('4150',*,*,#7922,.T.);
#7957=ORIENTED_EDGE('4076',*,*,#7165,.T.);
#7958=ORIENTED_EDGE('4152',*,*,#7193,.F.);
#7959=EDGE_LOOP('4004',(#7955,#7956,#7957,#7958));
#7960=FACE_OUTER_BOUND('4004',#7959,.F.);
#7961=ADVANCED_FACE('4004',(#7960),#7954,.F.);
#7962=CARTESIAN_POINT('',(-2.655E1,3.35E0,-1.4875E0));
#7963=DIRECTION('',(-1.E0,0.E0,0.E0));
#7964=DIRECTION('',(0.E0,-1.E0,0.E0));
#7965=AXIS2_PLACEMENT_3D('',#7962,#7963,#7964);
#7966=PLANE('3627',#7965);
#7967=ORIENTED_EDGE('4353',*,*,#7249,.T.);
#7968=ORIENTED_EDGE('4142',*,*,#7925,.T.);
#7969=ORIENTED_EDGE('4354',*,*,#7211,.F.);
#7971=ORIENTED_EDGE('4294',*,*,#7970,.F.);
#7972=EDGE_LOOP('3627',(#7967,#7968,#7969,#7971));
#7973=FACE_OUTER_BOUND('3627',#7972,.F.);
#7974=ADVANCED_FACE('3627',(#7973),#7966,.F.);
#7975=CARTESIAN_POINT('',(-2.655E1,2.95E0,-1.4875E0));
#7976=DIRECTION('',(-7.071067811865E-1,-7.071067811865E-1,0.E0));
#7977=DIRECTION('',(0.E0,0.E0,1.E0));
#7978=AXIS2_PLACEMENT_3D('',#7975,#7976,#7977);
#7979=PLANE('3675',#7978);
#7980=ORIENTED_EDGE('4294',*,*,#7970,.T.);
#7982=ORIENTED_EDGE('4299',*,*,#7981,.T.);
#7984=ORIENTED_EDGE('4295',*,*,#7983,.F.);
#7986=ORIENTED_EDGE('4296',*,*,#7985,.F.);
#7987=EDGE_LOOP('3675',(#7980,#7982,#7984,#7986));
#7988=FACE_OUTER_BOUND('3675',#7987,.F.);
#7989=ADVANCED_FACE('3675',(#7988),#7979,.F.);
#7990=CARTESIAN_POINT('',(-2.75E1,2.95E0,1.4875E0));
#7991=DIRECTION('',(0.E0,7.071067811865E-1,7.071067811865E-1));
#7992=DIRECTION('',(1.E0,0.E0,0.E0));
#7993=AXIS2_PLACEMENT_3D('',#7990,#7991,#7992);
#7994=PLANE('3676',#7993);
#7995=ORIENTED_EDGE('4297',*,*,#7209,.F.);
#7996=ORIENTED_EDGE('4300',*,*,#7231,.T.);
#7998=ORIENTED_EDGE('4298',*,*,#7997,.T.);
#7999=ORIENTED_EDGE('4299',*,*,#7981,.F.);
#8000=EDGE_LOOP('3676',(#7995,#7996,#7998,#7999));
#8001=FACE_OUTER_BOUND('3676',#8000,.F.);
#8002=ADVANCED_FACE('3676',(#8001),#7994,.T.);
#8003=CARTESIAN_POINT('',(-2.75E1,3.35E0,-1.4875E0));
#8004=DIRECTION('',(0.E0,-1.E0,0.E0));
#8005=DIRECTION('',(1.E0,0.E0,0.E0));
#8006=AXIS2_PLACEMENT_3D('',#8003,#8004,#8005);
#8007=PLANE('3626',#8006);
#8009=ORIENTED_EDGE('4292',*,*,#8008,.T.);
#8010=ORIENTED_EDGE('4295',*,*,#7983,.T.);
#8011=ORIENTED_EDGE('4298',*,*,#7997,.F.);
#8012=ORIENTED_EDGE('4351',*,*,#7229,.F.);
#8013=EDGE_LOOP('3626',(#8009,#8010,#8011,#8012));
#8014=FACE_OUTER_BOUND('3626',#8013,.F.);
#8015=ADVANCED_FACE('3626',(#8014),#8007,.F.);
#8016=CARTESIAN_POINT('',(-2.75E1,2.95E0,-1.4875E0));
#8017=DIRECTION('',(0.E0,-7.071067811865E-1,7.071067811865E-1));
#8018=DIRECTION('',(1.E0,0.E0,0.E0));
#8019=AXIS2_PLACEMENT_3D('',#8016,#8017,#8018);
#8020=PLANE('3674',#8019);
#8021=ORIENTED_EDGE('4291',*,*,#7251,.T.);
#8022=ORIENTED_EDGE('4296',*,*,#7985,.T.);
#8023=ORIENTED_EDGE('4292',*,*,#8008,.F.);
#8024=ORIENTED_EDGE('4293',*,*,#7227,.F.);
#8025=EDGE_LOOP('3674',(#8021,#8022,#8023,#8024));
#8026=FACE_OUTER_BOUND('3674',#8025,.F.);
#8027=ADVANCED_FACE('3674',(#8026),#8020,.F.);
#8028=CARTESIAN_POINT('',(-2.625E1,2.7E0,-6.42E0));
#8029=DIRECTION('',(7.071067811865E-1,-7.071067811865E-1,0.E0));
#8030=DIRECTION('',(0.E0,0.E0,1.E0));
#8031=AXIS2_PLACEMENT_3D('',#8028,#8029,#8030);
#8032=PLANE('3604',#8031);
#8033=ORIENTED_EDGE('4145',*,*,#7245,.T.);
#8034=ORIENTED_EDGE('4151',*,*,#7267,.F.);
#8036=ORIENTED_EDGE('4079',*,*,#8035,.T.);
#8037=ORIENTED_EDGE('4149',*,*,#7928,.T.);
#8038=EDGE_LOOP('3604',(#8033,#8034,#8036,#8037));
#8039=FACE_OUTER_BOUND('3604',#8038,.F.);
#8040=ADVANCED_FACE('3604',(#8039),#8032,.F.);
#8041=CARTESIAN_POINT('',(-2.525E1,2.55E0,-6.42E0));
#8042=DIRECTION('',(0.E0,-1.E0,0.E0));
#8043=DIRECTION('',(-1.E0,0.E0,0.E0));
#8044=AXIS2_PLACEMENT_3D('',#8041,#8042,#8043);
#8045=CONICAL_SURFACE('3605',#8044,1.15E0,4.5E1);
#8046=ORIENTED_EDGE('4077',*,*,#7281,.F.);
#8048=ORIENTED_EDGE('4080',*,*,#8047,.F.);
#8049=ORIENTED_EDGE('4078',*,*,#7930,.T.);
#8050=ORIENTED_EDGE('4079',*,*,#8035,.F.);
#8051=EDGE_LOOP('3605',(#8046,#8048,#8049,#8050));
#8052=FACE_OUTER_BOUND('3605',#8051,.F.);
#8053=ADVANCED_FACE('3605',(#8052),#8045,.T.);
#8054=CARTESIAN_POINT('',(2.525E1,2.7E0,-7.42E0));
#8055=DIRECTION('',(0.E0,-7.071067811865E-1,7.071067811865E-1));
#8056=DIRECTION('',(-1.E0,0.E0,0.E0));
#8057=AXIS2_PLACEMENT_3D('',#8054,#8055,#8056);
#8058=PLANE('4007',#8057);
#8059=ORIENTED_EDGE('4216',*,*,#7315,.F.);
#8060=ORIENTED_EDGE('4428',*,*,#7932,.T.);
#8061=ORIENTED_EDGE('4080',*,*,#8047,.T.);
#8062=ORIENTED_EDGE('4224',*,*,#7293,.F.);
#8063=EDGE_LOOP('4007',(#8059,#8060,#8061,#8062));
#8064=FACE_OUTER_BOUND('4007',#8063,.F.);
#8065=ADVANCED_FACE('4007',(#8064),#8058,.F.);
#8066=CARTESIAN_POINT('',(-2.2405E1,0.E0,0.E0));
#8067=DIRECTION('',(1.E0,0.E0,0.E0));
#8068=DIRECTION('',(0.E0,0.E0,-1.E0));
#8069=AXIS2_PLACEMENT_3D('',#8066,#8067,#8068);
#8070=PLANE('4023',#8069);
#8072=ORIENTED_EDGE('4423',*,*,#8071,.F.);
#8074=ORIENTED_EDGE('4396',*,*,#8073,.F.);
#8076=ORIENTED_EDGE('4399',*,*,#8075,.F.);
#8077=ORIENTED_EDGE('4390',*,*,#7934,.T.);
#8078=EDGE_LOOP('4023',(#8072,#8074,#8076,#8077));
#8079=FACE_OUTER_BOUND('4023',#8078,.F.);
#8080=ADVANCED_FACE('4023',(#8079),#8070,.T.);
#8081=CARTESIAN_POINT('',(-2.2405E1,2.2E0,-6.92E0));
#8082=DIRECTION('',(0.E0,7.071067811865E-1,7.071067811865E-1));
#8083=DIRECTION('',(0.E0,7.071067811865E-1,-7.071067811865E-1));
#8084=AXIS2_PLACEMENT_3D('',#8081,#8082,#8083);
#8085=PLANE('3692',#8084);
#8087=ORIENTED_EDGE('4422',*,*,#8086,.F.);
#8089=ORIENTED_EDGE('4425',*,*,#8088,.F.);
#8091=ORIENTED_EDGE('4398',*,*,#8090,.T.);
#8092=ORIENTED_EDGE('4423',*,*,#8071,.T.);
#8093=EDGE_LOOP('3692',(#8087,#8089,#8091,#8092));
#8094=FACE_OUTER_BOUND('3692',#8093,.F.);
#8095=ADVANCED_FACE('3692',(#8094),#8085,.T.);
#8096=CARTESIAN_POINT('',(-1.84E1,2.7E0,-7.52E0));
#8097=DIRECTION('',(0.E0,-1.E0,2.220446049250E-14));
#8098=DIRECTION('',(0.E0,2.220446049250E-14,1.E0));
#8099=AXIS2_PLACEMENT_3D('',#8096,#8097,#8098);
#8100=PLANE('3651',#8099);
#8101=ORIENTED_EDGE('4226',*,*,#7343,.T.);
#8102=ORIENTED_EDGE('4422',*,*,#8086,.T.);
#8103=ORIENTED_EDGE('4230',*,*,#7313,.F.);
#8105=ORIENTED_EDGE('4206',*,*,#8104,.F.);
#8106=EDGE_LOOP('3651',(#8101,#8102,#8103,#8105));
#8107=FACE_OUTER_BOUND('3651',#8106,.F.);
#8108=ADVANCED_FACE('3651',(#8107),#8100,.F.);
#8109=CARTESIAN_POINT('',(-1.84E1,3.35E0,-7.52E0));
#8110=DIRECTION('',(0.E0,0.E0,-1.E0));
#8111=DIRECTION('',(0.E0,-1.E0,0.E0));
#8112=AXIS2_PLACEMENT_3D('',#8109,#8110,#8111);
#8113=PLANE('3650',#8112);
#8114=ORIENTED_EDGE('4346',*,*,#7345,.T.);
#8115=ORIENTED_EDGE('4206',*,*,#8104,.T.);
#8116=ORIENTED_EDGE('4350',*,*,#7311,.F.);
#8118=ORIENTED_EDGE('4290',*,*,#8117,.T.);
#8120=ORIENTED_EDGE('4347',*,*,#8119,.F.);
#8122=ORIENTED_EDGE('4283',*,*,#8121,.F.);
#8123=EDGE_LOOP('3650',(#8114,#8115,#8116,#8118,#8120,#8122));
#8124=FACE_OUTER_BOUND('3650',#8123,.F.);
#8125=ADVANCED_FACE('3650',(#8124),#8113,.F.);
#8126=CARTESIAN_POINT('',(-2.24E1,2.95E0,-8.22E0));
#8127=DIRECTION('',(-7.071067811865E-1,7.071067811865E-1,0.E0));
#8128=DIRECTION('',(0.E0,0.E0,1.E0));
#8129=AXIS2_PLACEMENT_3D('',#8126,#8127,#8128);
#8130=PLANE('3673',#8129);
#8131=ORIENTED_EDGE('4287',*,*,#7309,.F.);
#8133=ORIENTED_EDGE('4289',*,*,#8132,.T.);
#8135=ORIENTED_EDGE('4288',*,*,#8134,.T.);
#8136=ORIENTED_EDGE('4290',*,*,#8117,.F.);
#8137=EDGE_LOOP('3673',(#8131,#8133,#8135,#8136));
#8138=FACE_OUTER_BOUND('3673',#8137,.F.);
#8139=ADVANCED_FACE('3673',(#8138),#8130,.T.);
#8140=CARTESIAN_POINT('',(-1.84E1,3.35E0,-7.82E0));
#8141=DIRECTION('',(0.E0,-7.071067811865E-1,7.071067811865E-1));
#8142=DIRECTION('',(-1.E0,0.E0,0.E0));
#8143=AXIS2_PLACEMENT_3D('',#8140,#8141,#8142);
#8144=PLANE('3672',#8143);
#8146=ORIENTED_EDGE('4284',*,*,#8145,.T.);
#8147=ORIENTED_EDGE('4289',*,*,#8132,.F.);
#8148=ORIENTED_EDGE('4285',*,*,#7327,.F.);
#8150=ORIENTED_EDGE('4286',*,*,#8149,.F.);
#8151=EDGE_LOOP('3672',(#8146,#8147,#8148,#8150));
#8152=FACE_OUTER_BOUND('3672',#8151,.F.);
#8153=ADVANCED_FACE('3672',(#8152),#8144,.F.);
#8154=CARTESIAN_POINT('',(-1.84E1,3.35E0,-8.22E0));
#8155=DIRECTION('',(0.E0,-1.E0,0.E0));
#8156=DIRECTION('',(0.E0,0.E0,1.E0));
#8157=AXIS2_PLACEMENT_3D('',#8154,#8155,#8156);
#8158=PLANE('3649',#8157);
#8160=ORIENTED_EDGE('4282',*,*,#8159,.T.);
#8161=ORIENTED_EDGE('4347',*,*,#8119,.T.);
#8162=ORIENTED_EDGE('4288',*,*,#8134,.F.);
#8163=ORIENTED_EDGE('4284',*,*,#8145,.F.);
#8164=EDGE_LOOP('3649',(#8160,#8161,#8162,#8163));
#8165=FACE_OUTER_BOUND('3649',#8164,.F.);
#8166=ADVANCED_FACE('3649',(#8165),#8158,.F.);
#8167=CARTESIAN_POINT('',(-1.84E1,2.95E0,-8.22E0));
#8168=DIRECTION('',(-7.071067811865E-1,-7.071067811865E-1,0.E0));
#8169=DIRECTION('',(0.E0,0.E0,1.E0));
#8170=AXIS2_PLACEMENT_3D('',#8167,#8168,#8169);
#8171=PLANE('3671',#8170);
#8172=ORIENTED_EDGE('4281',*,*,#7347,.T.);
#8173=ORIENTED_EDGE('4283',*,*,#8121,.T.);
#8174=ORIENTED_EDGE('4282',*,*,#8159,.F.);
#8175=ORIENTED_EDGE('4286',*,*,#8149,.T.);
#8176=EDGE_LOOP('3671',(#8172,#8173,#8174,#8175));
#8177=FACE_OUTER_BOUND('3671',#8176,.F.);
#8178=ADVANCED_FACE('3671',(#8177),#8171,.F.);
#8179=CARTESIAN_POINT('',(-1.8395E1,0.E0,0.E0));
#8180=DIRECTION('',(1.E0,0.E0,0.E0));
#8181=DIRECTION('',(0.E0,0.E0,-1.E0));
#8182=AXIS2_PLACEMENT_3D('',#8179,#8180,#8181);
#8183=PLANE('4024',#8182);
#8184=ORIENTED_EDGE('4425',*,*,#8088,.T.);
#8186=ORIENTED_EDGE('4392',*,*,#8185,.F.);
#8188=ORIENTED_EDGE('4400',*,*,#8187,.T.);
#8190=ORIENTED_EDGE('4397',*,*,#8189,.T.);
#8191=EDGE_LOOP('4024',(#8184,#8186,#8188,#8190));
#8192=FACE_OUTER_BOUND('4024',#8191,.F.);
#8193=ADVANCED_FACE('4024',(#8192),#8183,.F.);
#8194=CARTESIAN_POINT('',(0.E0,2.7E0,0.E0));
#8195=DIRECTION('',(0.E0,1.E0,0.E0));
#8196=DIRECTION('',(1.E0,0.E0,0.E0));
#8197=AXIS2_PLACEMENT_3D('',#8194,#8195,#8196);
#8198=PLANE('3977',#8197);
#8200=ORIENTED_EDGE('4430',*,*,#8199,.F.);
#8201=ORIENTED_EDGE('4170',*,*,#7381,.F.);
#8203=ORIENTED_EDGE('4158',*,*,#8202,.T.);
#8204=ORIENTED_EDGE('4174',*,*,#7411,.T.);
#8206=ORIENTED_EDGE('4420',*,*,#8205,.F.);
#8208=ORIENTED_EDGE('4374',*,*,#8207,.F.);
#8210=ORIENTED_EDGE('4403',*,*,#8209,.T.);
#8211=ORIENTED_EDGE('4392',*,*,#8185,.T.);
#8212=EDGE_LOOP('3977',(#8200,#8201,#8203,#8204,#8206,#8208,#8210,#8211));
#8213=FACE_OUTER_BOUND('3977',#8212,.F.);
#8214=ADVANCED_FACE('3977',(#8213),#8198,.T.);
#8215=CARTESIAN_POINT('',(2.525E1,2.7E0,-7.42E0));
#8216=DIRECTION('',(0.E0,-7.071067811865E-1,7.071067811865E-1));
#8217=DIRECTION('',(-1.E0,0.E0,0.E0));
#8218=AXIS2_PLACEMENT_3D('',#8215,#8216,#8217);
#8219=PLANE('4006',#8218);
#8220=ORIENTED_EDGE('4215',*,*,#7341,.T.);
#8221=ORIENTED_EDGE('4223',*,*,#7363,.F.);
#8222=ORIENTED_EDGE('4167',*,*,#7383,.F.);
#8223=ORIENTED_EDGE('4430',*,*,#8199,.T.);
#8224=EDGE_LOOP('4006',(#8220,#8221,#8222,#8223));
#8225=FACE_OUTER_BOUND('4006',#8224,.F.);
#8226=ADVANCED_FACE('4006',(#8225),#8219,.F.);
#8227=CARTESIAN_POINT('',(-2.E0,3.35E0,-7.52E0));
#8228=DIRECTION('',(0.E0,0.E0,1.E0));
#8229=DIRECTION('',(0.E0,-1.E0,0.E0));
#8230=AXIS2_PLACEMENT_3D('',#8227,#8228,#8229);
#8231=PLANE('3632',#8230);
#8232=ORIENTED_EDGE('4345',*,*,#7379,.F.);
#8234=ORIENTED_EDGE('4280',*,*,#8233,.T.);
#8236=ORIENTED_EDGE('4342',*,*,#8235,.T.);
#8238=ORIENTED_EDGE('4273',*,*,#8237,.F.);
#8239=ORIENTED_EDGE('4341',*,*,#7413,.T.);
#8240=ORIENTED_EDGE('4158',*,*,#8202,.F.);
#8241=EDGE_LOOP('3632',(#8232,#8234,#8236,#8238,#8239,#8240));
#8242=FACE_OUTER_BOUND('3632',#8241,.F.);
#8243=ADVANCED_FACE('3632',(#8242),#8231,.T.);
#8244=CARTESIAN_POINT('',(-2.E0,2.95E0,-8.22E0));
#8245=DIRECTION('',(-7.071067811865E-1,7.071067811865E-1,0.E0));
#8246=DIRECTION('',(0.E0,0.E0,1.E0));
#8247=AXIS2_PLACEMENT_3D('',#8244,#8245,#8246);
#8248=PLANE('3670',#8247);
#8249=ORIENTED_EDGE('4277',*,*,#7377,.F.);
#8251=ORIENTED_EDGE('4279',*,*,#8250,.T.);
#8253=ORIENTED_EDGE('4278',*,*,#8252,.T.);
#8254=ORIENTED_EDGE('4280',*,*,#8233,.F.);
#8255=EDGE_LOOP('3670',(#8249,#8251,#8253,#8254));
#8256=FACE_OUTER_BOUND('3670',#8255,.F.);
#8257=ADVANCED_FACE('3670',(#8256),#8248,.T.);
#8258=CARTESIAN_POINT('',(-2.E0,3.35E0,-7.82E0));
#8259=DIRECTION('',(0.E0,7.071067811865E-1,-7.071067811865E-1));
#8260=DIRECTION('',(1.E0,0.E0,0.E0));
#8261=AXIS2_PLACEMENT_3D('',#8258,#8259,#8260);
#8262=PLANE('3669',#8261);
#8264=ORIENTED_EDGE('4274',*,*,#8263,.F.);
#8265=ORIENTED_EDGE('4279',*,*,#8250,.F.);
#8266=ORIENTED_EDGE('4275',*,*,#7397,.T.);
#8268=ORIENTED_EDGE('4276',*,*,#8267,.F.);
#8269=EDGE_LOOP('3669',(#8264,#8265,#8266,#8268));
#8270=FACE_OUTER_BOUND('3669',#8269,.F.);
#8271=ADVANCED_FACE('3669',(#8270),#8262,.T.);
#8272=CARTESIAN_POINT('',(-2.E0,3.35E0,-8.22E0));
#8273=DIRECTION('',(0.E0,1.E0,0.E0));
#8274=DIRECTION('',(0.E0,0.E0,1.E0));
#8275=AXIS2_PLACEMENT_3D('',#8272,#8273,#8274);
#8276=PLANE('3631',#8275);
#8277=ORIENTED_EDGE('4278',*,*,#8252,.F.);
#8278=ORIENTED_EDGE('4274',*,*,#8263,.T.);
#8280=ORIENTED_EDGE('4272',*,*,#8279,.T.);
#8281=ORIENTED_EDGE('4342',*,*,#8235,.F.);
#8282=EDGE_LOOP('3631',(#8277,#8278,#8280,#8281));
#8283=FACE_OUTER_BOUND('3631',#8282,.F.);
#8284=ADVANCED_FACE('3631',(#8283),#8276,.T.);
#8285=CARTESIAN_POINT('',(2.E0,2.95E0,-8.22E0));
#8286=DIRECTION('',(-7.071067811865E-1,-7.071067811865E-1,0.E0));
#8287=DIRECTION('',(0.E0,0.E0,1.E0));
#8288=AXIS2_PLACEMENT_3D('',#8285,#8286,#8287);
#8289=PLANE('3668',#8288);
#8290=ORIENTED_EDGE('4271',*,*,#7415,.T.);
#8291=ORIENTED_EDGE('4273',*,*,#8237,.T.);
#8292=ORIENTED_EDGE('4272',*,*,#8279,.F.);
#8293=ORIENTED_EDGE('4276',*,*,#8267,.T.);
#8294=EDGE_LOOP('3668',(#8290,#8291,#8292,#8293));
#8295=FACE_OUTER_BOUND('3668',#8294,.F.);
#8296=ADVANCED_FACE('3668',(#8295),#8289,.F.);
#8297=CARTESIAN_POINT('',(2.525E1,2.7E0,-7.42E0));
#8298=DIRECTION('',(0.E0,-7.071067811865E-1,7.071067811865E-1));
#8299=DIRECTION('',(-1.E0,0.E0,0.E0));
#8300=AXIS2_PLACEMENT_3D('',#8297,#8298,#8299);
#8301=PLANE('4005',#8300);
#8302=ORIENTED_EDGE('4187',*,*,#7451,.F.);
#8303=ORIENTED_EDGE('4420',*,*,#8205,.T.);
#8304=ORIENTED_EDGE('4168',*,*,#7409,.T.);
#8305=ORIENTED_EDGE('4196',*,*,#7429,.F.);
#8306=EDGE_LOOP('4005',(#8302,#8303,#8304,#8305));
#8307=FACE_OUTER_BOUND('4005',#8306,.F.);
#8308=ADVANCED_FACE('4005',(#8307),#8301,.F.);
#8309=CARTESIAN_POINT('',(1.8395E1,0.E0,0.E0));
#8310=DIRECTION('',(1.E0,0.E0,0.E0));
#8311=DIRECTION('',(0.E0,0.E0,-1.E0));
#8312=AXIS2_PLACEMENT_3D('',#8309,#8310,#8311);
#8313=PLANE('4022',#8312);
#8315=ORIENTED_EDGE('4417',*,*,#8314,.F.);
#8317=ORIENTED_EDGE('4379',*,*,#8316,.F.);
#8319=ORIENTED_EDGE('4382',*,*,#8318,.F.);
#8320=ORIENTED_EDGE('4374',*,*,#8207,.T.);
#8321=EDGE_LOOP('4022',(#8315,#8317,#8319,#8320));
#8322=FACE_OUTER_BOUND('4022',#8321,.F.);
#8323=ADVANCED_FACE('4022',(#8322),#8313,.T.);
#8324=CARTESIAN_POINT('',(2.2405E1,2.2E0,-6.92E0));
#8325=DIRECTION('',(0.E0,-7.071067811865E-1,-7.071067811865E-1));
#8326=DIRECTION('',(0.E0,7.071067811865E-1,-7.071067811865E-1));
#8327=AXIS2_PLACEMENT_3D('',#8324,#8325,#8326);
#8328=PLANE('3688',#8327);
#8330=ORIENTED_EDGE('4412',*,*,#8329,.T.);
#8332=ORIENTED_EDGE('4415',*,*,#8331,.F.);
#8334=ORIENTED_EDGE('4380',*,*,#8333,.F.);
#8335=ORIENTED_EDGE('4417',*,*,#8314,.T.);
#8336=EDGE_LOOP('3688',(#8330,#8332,#8334,#8335));
#8337=FACE_OUTER_BOUND('3688',#8336,.F.);
#8338=ADVANCED_FACE('3688',(#8337),#8328,.F.);
#8339=CARTESIAN_POINT('',(1.84E1,2.7E0,-7.52E0));
#8340=DIRECTION('',(0.E0,1.E0,-2.220446049250E-14));
#8341=DIRECTION('',(0.E0,2.220446049250E-14,1.E0));
#8342=AXIS2_PLACEMENT_3D('',#8339,#8340,#8341);
#8343=PLANE('3641',#8342);
#8344=ORIENTED_EDGE('4198',*,*,#7449,.F.);
#8346=ORIENTED_EDGE('4178',*,*,#8345,.T.);
#8347=ORIENTED_EDGE('4202',*,*,#7479,.T.);
#8348=ORIENTED_EDGE('4412',*,*,#8329,.F.);
#8349=EDGE_LOOP('3641',(#8344,#8346,#8347,#8348));
#8350=FACE_OUTER_BOUND('3641',#8349,.F.);
#8351=ADVANCED_FACE('3641',(#8350),#8343,.T.);
#8352=CARTESIAN_POINT('',(1.84E1,3.35E0,-7.52E0));
#8353=DIRECTION('',(0.E0,0.E0,1.E0));
#8354=DIRECTION('',(0.E0,-1.E0,0.E0));
#8355=AXIS2_PLACEMENT_3D('',#8352,#8353,#8354);
#8356=PLANE('3640',#8355);
#8357=ORIENTED_EDGE('4340',*,*,#7447,.F.);
#8359=ORIENTED_EDGE('4270',*,*,#8358,.T.);
#8361=ORIENTED_EDGE('4337',*,*,#8360,.T.);
#8363=ORIENTED_EDGE('4263',*,*,#8362,.F.);
#8364=ORIENTED_EDGE('4336',*,*,#7481,.T.);
#8365=ORIENTED_EDGE('4178',*,*,#8345,.F.);
#8366=EDGE_LOOP('3640',(#8357,#8359,#8361,#8363,#8364,#8365));
#8367=FACE_OUTER_BOUND('3640',#8366,.F.);
#8368=ADVANCED_FACE('3640',(#8367),#8356,.T.);
#8369=CARTESIAN_POINT('',(1.84E1,2.95E0,-8.22E0));
#8370=DIRECTION('',(-7.071067811865E-1,7.071067811865E-1,0.E0));
#8371=DIRECTION('',(0.E0,0.E0,1.E0));
#8372=AXIS2_PLACEMENT_3D('',#8369,#8370,#8371);
#8373=PLANE('3667',#8372);
#8374=ORIENTED_EDGE('4267',*,*,#7445,.F.);
#8376=ORIENTED_EDGE('4269',*,*,#8375,.T.);
#8378=ORIENTED_EDGE('4268',*,*,#8377,.T.);
#8379=ORIENTED_EDGE('4270',*,*,#8358,.F.);
#8380=EDGE_LOOP('3667',(#8374,#8376,#8378,#8379));
#8381=FACE_OUTER_BOUND('3667',#8380,.F.);
#8382=ADVANCED_FACE('3667',(#8381),#8373,.T.);
#8383=CARTESIAN_POINT('',(1.84E1,3.35E0,-7.82E0));
#8384=DIRECTION('',(0.E0,7.071067811865E-1,-7.071067811865E-1));
#8385=DIRECTION('',(1.E0,0.E0,0.E0));
#8386=AXIS2_PLACEMENT_3D('',#8383,#8384,#8385);
#8387=PLANE('3666',#8386);
#8389=ORIENTED_EDGE('4264',*,*,#8388,.F.);
#8390=ORIENTED_EDGE('4269',*,*,#8375,.F.);
#8391=ORIENTED_EDGE('4265',*,*,#7465,.T.);
#8393=ORIENTED_EDGE('4266',*,*,#8392,.F.);
#8394=EDGE_LOOP('3666',(#8389,#8390,#8391,#8393));
#8395=FACE_OUTER_BOUND('3666',#8394,.F.);
#8396=ADVANCED_FACE('3666',(#8395),#8387,.T.);
#8397=CARTESIAN_POINT('',(1.84E1,3.35E0,-8.22E0));
#8398=DIRECTION('',(0.E0,1.E0,0.E0));
#8399=DIRECTION('',(0.E0,0.E0,1.E0));
#8400=AXIS2_PLACEMENT_3D('',#8397,#8398,#8399);
#8401=PLANE('3639',#8400);
#8402=ORIENTED_EDGE('4268',*,*,#8377,.F.);
#8403=ORIENTED_EDGE('4264',*,*,#8388,.T.);
#8405=ORIENTED_EDGE('4262',*,*,#8404,.T.);
#8406=ORIENTED_EDGE('4337',*,*,#8360,.F.);
#8407=EDGE_LOOP('3639',(#8402,#8403,#8405,#8406));
#8408=FACE_OUTER_BOUND('3639',#8407,.F.);
#8409=ADVANCED_FACE('3639',(#8408),#8401,.T.);
#8410=CARTESIAN_POINT('',(2.24E1,2.95E0,-8.22E0));
#8411=DIRECTION('',(-7.071067811865E-1,-7.071067811865E-1,0.E0));
#8412=DIRECTION('',(0.E0,0.E0,1.E0));
#8413=AXIS2_PLACEMENT_3D('',#8410,#8411,#8412);
#8414=PLANE('3665',#8413);
#8415=ORIENTED_EDGE('4261',*,*,#7483,.T.);
#8416=ORIENTED_EDGE('4263',*,*,#8362,.T.);
#8417=ORIENTED_EDGE('4262',*,*,#8404,.F.);
#8418=ORIENTED_EDGE('4266',*,*,#8392,.T.);
#8419=EDGE_LOOP('3665',(#8415,#8416,#8417,#8418));
#8420=FACE_OUTER_BOUND('3665',#8419,.F.);
#8421=ADVANCED_FACE('3665',(#8420),#8414,.F.);
#8422=CARTESIAN_POINT('',(2.2405E1,0.E0,0.E0));
#8423=DIRECTION('',(1.E0,0.E0,0.E0));
#8424=DIRECTION('',(0.E0,0.E0,-1.E0));
#8425=AXIS2_PLACEMENT_3D('',#8422,#8423,#8424);
#8426=PLANE('4021',#8425);
#8427=ORIENTED_EDGE('4415',*,*,#8331,.T.);
#8429=ORIENTED_EDGE('4372',*,*,#8428,.F.);
#8431=ORIENTED_EDGE('4381',*,*,#8430,.T.);
#8433=ORIENTED_EDGE('4378',*,*,#8432,.T.);
#8434=EDGE_LOOP('4021',(#8427,#8429,#8431,#8433));
#8435=FACE_OUTER_BOUND('4021',#8434,.F.);
#8436=ADVANCED_FACE('4021',(#8435),#8426,.F.);
#8437=CARTESIAN_POINT('',(0.E0,2.7E0,0.E0));
#8438=DIRECTION('',(0.E0,1.E0,0.E0));
#8439=DIRECTION('',(1.E0,0.E0,0.E0));
#8440=AXIS2_PLACEMENT_3D('',#8437,#8438,#8439);
#8441=PLANE('3978',#8440);
#8443=ORIENTED_EDGE('4413',*,*,#8442,.F.);
#8445=ORIENTED_EDGE('4371',*,*,#8444,.T.);
#8447=ORIENTED_EDGE('4387',*,*,#8446,.T.);
#8449=ORIENTED_EDGE('4108',*,*,#8448,.F.);
#8451=ORIENTED_EDGE('4110',*,*,#8450,.T.);
#8453=ORIENTED_EDGE('4114',*,*,#8452,.F.);
#8455=ORIENTED_EDGE('4385',*,*,#8454,.T.);
#8456=ORIENTED_EDGE('4372',*,*,#8428,.T.);
#8458=ORIENTED_EDGE('4414',*,*,#8457,.F.);
#8460=ORIENTED_EDGE('4082',*,*,#8459,.F.);
#8462=ORIENTED_EDGE('4134',*,*,#8461,.F.);
#8463=ORIENTED_EDGE('4138',*,*,#7545,.F.);
#8465=ORIENTED_EDGE('4126',*,*,#8464,.T.);
#8466=ORIENTED_EDGE('4140',*,*,#7579,.T.);
#8468=ORIENTED_EDGE('4133',*,*,#8467,.F.);
#8470=ORIENTED_EDGE('4086',*,*,#8469,.F.);
#8471=EDGE_LOOP('3978',(#8443,#8445,#8447,#8449,#8451,#8453,#8455,#8456,#8458,
#8460,#8462,#8463,#8465,#8466,#8468,#8470));
#8472=FACE_OUTER_BOUND('3978',#8471,.F.);
#8473=ADVANCED_FACE('3978',(#8472),#8441,.T.);
#8474=CARTESIAN_POINT('',(-2.525E1,2.7E0,7.42E0));
#8475=DIRECTION('',(0.E0,-7.071067811865E-1,-7.071067811865E-1));
#8476=DIRECTION('',(1.E0,0.E0,0.E0));
#8477=AXIS2_PLACEMENT_3D('',#8474,#8475,#8476);
#8478=PLANE('4003',#8477);
#8479=ORIENTED_EDGE('4186',*,*,#7647,.F.);
#8480=ORIENTED_EDGE('4413',*,*,#8442,.T.);
#8482=ORIENTED_EDGE('4088',*,*,#8481,.F.);
#8483=ORIENTED_EDGE('4194',*,*,#7625,.F.);
#8484=EDGE_LOOP('4003',(#8479,#8480,#8482,#8483));
#8485=FACE_OUTER_BOUND('4003',#8484,.F.);
#8486=ADVANCED_FACE('4003',(#8485),#8478,.F.);
#8487=CARTESIAN_POINT('',(2.525E1,2.55E0,6.42E0));
#8488=DIRECTION('',(0.E0,-1.E0,0.E0));
#8489=DIRECTION('',(1.E0,0.E0,0.E0));
#8490=AXIS2_PLACEMENT_3D('',#8487,#8488,#8489);
#8491=CONICAL_SURFACE('3609',#8490,1.15E0,4.5E1);
#8492=ORIENTED_EDGE('4085',*,*,#7613,.F.);
#8493=ORIENTED_EDGE('4088',*,*,#8481,.T.);
#8494=ORIENTED_EDGE('4086',*,*,#8469,.T.);
#8496=ORIENTED_EDGE('4087',*,*,#8495,.F.);
#8497=EDGE_LOOP('3609',(#8492,#8493,#8494,#8496));
#8498=FACE_OUTER_BOUND('3609',#8497,.F.);
#8499=ADVANCED_FACE('3609',(#8498),#8491,.T.);
#8500=CARTESIAN_POINT('',(2.625E1,2.7E0,6.42E0));
#8501=DIRECTION('',(-7.071067811865E-1,-7.071067811865E-1,0.E0));
#8502=DIRECTION('',(0.E0,0.E0,-1.E0));
#8503=AXIS2_PLACEMENT_3D('',#8500,#8501,#8502);
#8504=PLANE('3608',#8503);
#8505=ORIENTED_EDGE('4130',*,*,#7577,.T.);
#8506=ORIENTED_EDGE('4135',*,*,#7599,.F.);
#8507=ORIENTED_EDGE('4087',*,*,#8495,.T.);
#8508=ORIENTED_EDGE('4133',*,*,#8467,.T.);
#8509=EDGE_LOOP('3608',(#8505,#8506,#8507,#8508));
#8510=FACE_OUTER_BOUND('3608',#8509,.F.);
#8511=ADVANCED_FACE('3608',(#8510),#8504,.F.);
#8512=CARTESIAN_POINT('',(2.2405E1,0.E0,0.E0));
#8513=DIRECTION('',(1.E0,0.E0,0.E0));
#8514=DIRECTION('',(0.E0,0.E0,-1.E0));
#8515=AXIS2_PLACEMENT_3D('',#8512,#8513,#8514);
#8516=PLANE('3686',#8515);
#8518=ORIENTED_EDGE('4416',*,*,#8517,.T.);
#8520=ORIENTED_EDGE('4375',*,*,#8519,.F.);
#8522=ORIENTED_EDGE('4383',*,*,#8521,.F.);
#8523=ORIENTED_EDGE('4371',*,*,#8444,.F.);
#8524=EDGE_LOOP('3686',(#8518,#8520,#8522,#8523));
#8525=FACE_OUTER_BOUND('3686',#8524,.F.);
#8526=ADVANCED_FACE('3686',(#8525),#8516,.F.);
#8527=CARTESIAN_POINT('',(2.2405E1,2.7E0,7.42E0));
#8528=DIRECTION('',(0.E0,-7.071067811865E-1,7.071067811865E-1));
#8529=DIRECTION('',(0.E0,-7.071067811865E-1,-7.071067811865E-1));
#8530=AXIS2_PLACEMENT_3D('',#8527,#8528,#8529);
#8531=PLANE('3689',#8530);
#8533=ORIENTED_EDGE('4411',*,*,#8532,.F.);
#8535=ORIENTED_EDGE('4418',*,*,#8534,.T.);
#8537=ORIENTED_EDGE('4377',*,*,#8536,.T.);
#8538=ORIENTED_EDGE('4416',*,*,#8517,.F.);
#8539=EDGE_LOOP('3689',(#8533,#8535,#8537,#8538));
#8540=FACE_OUTER_BOUND('3689',#8539,.F.);
#8541=ADVANCED_FACE('3689',(#8540),#8531,.F.);
#8542=CARTESIAN_POINT('',(1.84E1,2.7E0,7.42E0));
#8543=DIRECTION('',(0.E0,1.E0,2.220446049250E-14));
#8544=DIRECTION('',(0.E0,-2.220446049250E-14,1.E0));
#8545=AXIS2_PLACEMENT_3D('',#8542,#8543,#8544);
#8546=PLANE('3642',#8545);
#8547=ORIENTED_EDGE('4199',*,*,#7675,.F.);
#8548=ORIENTED_EDGE('4411',*,*,#8532,.T.);
#8549=ORIENTED_EDGE('4203',*,*,#7645,.T.);
#8551=ORIENTED_EDGE('4179',*,*,#8550,.F.);
#8552=EDGE_LOOP('3642',(#8547,#8548,#8549,#8551));
#8553=FACE_OUTER_BOUND('3642',#8552,.F.);
#8554=ADVANCED_FACE('3642',(#8553),#8546,.T.);
#8555=CARTESIAN_POINT('',(1.84E1,2.7E0,7.52E0));
#8556=DIRECTION('',(0.E0,0.E0,-1.E0));
#8557=DIRECTION('',(0.E0,1.E0,0.E0));
#8558=AXIS2_PLACEMENT_3D('',#8555,#8556,#8557);
#8559=PLANE('3643',#8558);
#8560=ORIENTED_EDGE('4366',*,*,#7677,.F.);
#8561=ORIENTED_EDGE('4179',*,*,#8550,.T.);
#8562=ORIENTED_EDGE('4370',*,*,#7643,.T.);
#8564=ORIENTED_EDGE('4330',*,*,#8563,.T.);
#8566=ORIENTED_EDGE('4367',*,*,#8565,.F.);
#8568=ORIENTED_EDGE('4323',*,*,#8567,.F.);
#8569=EDGE_LOOP('3643',(#8560,#8561,#8562,#8564,#8566,#8568));
#8570=FACE_OUTER_BOUND('3643',#8569,.F.);
#8571=ADVANCED_FACE('3643',(#8570),#8559,.T.);
#8572=CARTESIAN_POINT('',(2.24E1,2.95E0,7.52E0));
#8573=DIRECTION('',(-7.071067811865E-1,-7.071067811865E-1,0.E0));
#8574=DIRECTION('',(0.E0,0.E0,1.E0));
#8575=AXIS2_PLACEMENT_3D('',#8572,#8573,#8574);
#8576=PLANE('3685',#8575);
#8577=ORIENTED_EDGE('4327',*,*,#7641,.T.);
#8579=ORIENTED_EDGE('4329',*,*,#8578,.T.);
#8581=ORIENTED_EDGE('4328',*,*,#8580,.F.);
#8582=ORIENTED_EDGE('4330',*,*,#8563,.F.);
#8583=EDGE_LOOP('3685',(#8577,#8579,#8581,#8582));
#8584=FACE_OUTER_BOUND('3685',#8583,.F.);
#8585=ADVANCED_FACE('3685',(#8584),#8576,.F.);
#8586=CARTESIAN_POINT('',(1.84E1,2.95E0,8.22E0));
#8587=DIRECTION('',(0.E0,7.071067811865E-1,7.071067811865E-1));
#8588=DIRECTION('',(1.E0,0.E0,0.E0));
#8589=AXIS2_PLACEMENT_3D('',#8586,#8587,#8588);
#8590=PLANE('3684',#8589);
#8591=ORIENTED_EDGE('4324',*,*,#7659,.F.);
#8593=ORIENTED_EDGE('4326',*,*,#8592,.T.);
#8595=ORIENTED_EDGE('4325',*,*,#8594,.T.);
#8596=ORIENTED_EDGE('4329',*,*,#8578,.F.);
#8597=EDGE_LOOP('3684',(#8591,#8593,#8595,#8596));
#8598=FACE_OUTER_BOUND('3684',#8597,.F.);
#8599=ADVANCED_FACE('3684',(#8598),#8590,.T.);
#8600=CARTESIAN_POINT('',(1.84E1,2.95E0,7.52E0));
#8601=DIRECTION('',(-7.071067811865E-1,7.071067811865E-1,0.E0));
#8602=DIRECTION('',(0.E0,0.E0,1.E0));
#8603=AXIS2_PLACEMENT_3D('',#8600,#8601,#8602);
#8604=PLANE('3683',#8603);
#8605=ORIENTED_EDGE('4321',*,*,#7679,.F.);
#8606=ORIENTED_EDGE('4323',*,*,#8567,.T.);
#8608=ORIENTED_EDGE('4322',*,*,#8607,.T.);
#8609=ORIENTED_EDGE('4326',*,*,#8592,.F.);
#8610=EDGE_LOOP('3683',(#8605,#8606,#8608,#8609));
#8611=FACE_OUTER_BOUND('3683',#8610,.F.);
#8612=ADVANCED_FACE('3683',(#8611),#8604,.T.);
#8613=CARTESIAN_POINT('',(1.84E1,3.35E0,7.52E0));
#8614=DIRECTION('',(0.E0,1.E0,0.E0));
#8615=DIRECTION('',(0.E0,0.E0,1.E0));
#8616=AXIS2_PLACEMENT_3D('',#8613,#8614,#8615);
#8617=PLANE('3644',#8616);
#8618=ORIENTED_EDGE('4322',*,*,#8607,.F.);
#8619=ORIENTED_EDGE('4367',*,*,#8565,.T.);
#8620=ORIENTED_EDGE('4328',*,*,#8580,.T.);
#8621=ORIENTED_EDGE('4325',*,*,#8594,.F.);
#8622=EDGE_LOOP('3644',(#8618,#8619,#8620,#8621));
#8623=FACE_OUTER_BOUND('3644',#8622,.F.);
#8624=ADVANCED_FACE('3644',(#8623),#8617,.T.);
#8625=CARTESIAN_POINT('',(1.8395E1,0.E0,0.E0));
#8626=DIRECTION('',(1.E0,0.E0,0.E0));
#8627=DIRECTION('',(0.E0,0.E0,-1.E0));
#8628=AXIS2_PLACEMENT_3D('',#8625,#8626,#8627);
#8629=PLANE('3687',#8628);
#8630=ORIENTED_EDGE('4418',*,*,#8534,.F.);
#8632=ORIENTED_EDGE('4373',*,*,#8631,.T.);
#8634=ORIENTED_EDGE('4384',*,*,#8633,.T.);
#8636=ORIENTED_EDGE('4376',*,*,#8635,.T.);
#8637=EDGE_LOOP('3687',(#8630,#8632,#8634,#8636));
#8638=FACE_OUTER_BOUND('3687',#8637,.F.);
#8639=ADVANCED_FACE('3687',(#8638),#8629,.T.);
#8640=CARTESIAN_POINT('',(0.E0,2.7E0,0.E0));
#8641=DIRECTION('',(0.E0,1.E0,0.E0));
#8642=DIRECTION('',(1.E0,0.E0,0.E0));
#8643=AXIS2_PLACEMENT_3D('',#8640,#8641,#8642);
#8644=PLANE('3976',#8643);
#8646=ORIENTED_EDGE('4429',*,*,#8645,.F.);
#8648=ORIENTED_EDGE('4391',*,*,#8647,.T.);
#8650=ORIENTED_EDGE('4408',*,*,#8649,.T.);
#8651=ORIENTED_EDGE('4373',*,*,#8631,.F.);
#8653=ORIENTED_EDGE('4419',*,*,#8652,.F.);
#8654=ORIENTED_EDGE('4175',*,*,#7713,.T.);
#8656=ORIENTED_EDGE('4159',*,*,#8655,.F.);
#8657=ORIENTED_EDGE('4171',*,*,#7743,.F.);
#8658=EDGE_LOOP('3976',(#8646,#8648,#8650,#8651,#8653,#8654,#8656,#8657));
#8659=FACE_OUTER_BOUND('3976',#8658,.F.);
#8660=ADVANCED_FACE('3976',(#8659),#8644,.T.);
#8661=CARTESIAN_POINT('',(-2.525E1,2.7E0,7.42E0));
#8662=DIRECTION('',(0.E0,-7.071067811865E-1,-7.071067811865E-1));
#8663=DIRECTION('',(1.E0,0.E0,0.E0));
#8664=AXIS2_PLACEMENT_3D('',#8661,#8662,#8663);
#8665=PLANE('4001',#8664);
#8666=ORIENTED_EDGE('4213',*,*,#7783,.F.);
#8667=ORIENTED_EDGE('4429',*,*,#8645,.T.);
#8668=ORIENTED_EDGE('4165',*,*,#7741,.T.);
#8669=ORIENTED_EDGE('4222',*,*,#7761,.F.);
#8670=EDGE_LOOP('4001',(#8666,#8667,#8668,#8669));
#8671=FACE_OUTER_BOUND('4001',#8670,.F.);
#8672=ADVANCED_FACE('4001',(#8671),#8665,.F.);
#8673=CARTESIAN_POINT('',(-1.8395E1,0.E0,0.E0));
#8674=DIRECTION('',(1.E0,0.E0,0.E0));
#8675=DIRECTION('',(0.E0,0.E0,-1.E0));
#8676=AXIS2_PLACEMENT_3D('',#8673,#8674,#8675);
#8677=PLANE('3691',#8676);
#8678=ORIENTED_EDGE('4426',*,*,#7895,.T.);
#8680=ORIENTED_EDGE('4394',*,*,#8679,.F.);
#8682=ORIENTED_EDGE('4402',*,*,#8681,.F.);
#8683=ORIENTED_EDGE('4391',*,*,#8647,.F.);
#8684=EDGE_LOOP('3691',(#8678,#8680,#8682,#8683));
#8685=FACE_OUTER_BOUND('3691',#8684,.F.);
#8686=ADVANCED_FACE('3691',(#8685),#8677,.F.);
#8687=CARTESIAN_POINT('',(-2.575E1,2.7E0,6.92E0));
#8688=DIRECTION('',(0.E0,0.E0,1.E0));
#8689=DIRECTION('',(1.E0,0.E0,0.E0));
#8690=AXIS2_PLACEMENT_3D('',#8687,#8688,#8689);
#8691=PLANE('3582',#8690);
#8693=ORIENTED_EDGE('4521',*,*,#8692,.T.);
#8695=ORIENTED_EDGE('4523',*,*,#8694,.F.);
#8697=ORIENTED_EDGE('4522',*,*,#8696,.F.);
#8699=ORIENTED_EDGE('4536',*,*,#8698,.F.);
#8701=ORIENTED_EDGE('4497',*,*,#8700,.T.);
#8703=ORIENTED_EDGE('4499',*,*,#8702,.F.);
#8705=ORIENTED_EDGE('4498',*,*,#8704,.F.);
#8707=ORIENTED_EDGE('4504',*,*,#8706,.F.);
#8709=ORIENTED_EDGE('4238',*,*,#8708,.T.);
#8711=ORIENTED_EDGE('4239',*,*,#8710,.T.);
#8713=ORIENTED_EDGE('4237',*,*,#8712,.F.);
#8715=ORIENTED_EDGE('4442',*,*,#8714,.F.);
#8717=ORIENTED_EDGE('4436',*,*,#8716,.T.);
#8719=ORIENTED_EDGE('4437',*,*,#8718,.T.);
#8721=ORIENTED_EDGE('4435',*,*,#8720,.F.);
#8723=ORIENTED_EDGE('4476',*,*,#8722,.F.);
#8725=ORIENTED_EDGE('4460',*,*,#8724,.T.);
#8727=ORIENTED_EDGE('4461',*,*,#8726,.T.);
#8729=ORIENTED_EDGE('4459',*,*,#8728,.F.);
#8731=ORIENTED_EDGE('4475',*,*,#8730,.F.);
#8733=ORIENTED_EDGE('4463',*,*,#8732,.T.);
#8735=ORIENTED_EDGE('4464',*,*,#8734,.T.);
#8737=ORIENTED_EDGE('4462',*,*,#8736,.F.);
#8739=ORIENTED_EDGE('4474',*,*,#8738,.F.);
#8741=ORIENTED_EDGE('4121',*,*,#8740,.F.);
#8743=ORIENTED_EDGE('4388',*,*,#8742,.F.);
#8744=ORIENTED_EDGE('4375',*,*,#8519,.T.);
#8745=ORIENTED_EDGE('4377',*,*,#8536,.F.);
#8746=ORIENTED_EDGE('4376',*,*,#8635,.F.);
#8748=ORIENTED_EDGE('4410',*,*,#8747,.F.);
#8749=ORIENTED_EDGE('4394',*,*,#8679,.T.);
#8750=ORIENTED_EDGE('4395',*,*,#7893,.T.);
#8751=ORIENTED_EDGE('4393',*,*,#7910,.F.);
#8753=ORIENTED_EDGE('4409',*,*,#8752,.F.);
#8755=ORIENTED_EDGE('4120',*,*,#8754,.T.);
#8757=ORIENTED_EDGE('4538',*,*,#8756,.F.);
#8759=ORIENTED_EDGE('4524',*,*,#8758,.T.);
#8761=ORIENTED_EDGE('4526',*,*,#8760,.F.);
#8763=ORIENTED_EDGE('4525',*,*,#8762,.F.);
#8765=ORIENTED_EDGE('4537',*,*,#8764,.F.);
#8766=EDGE_LOOP('3582',(#8693,#8695,#8697,#8699,#8701,#8703,#8705,#8707,#8709,
#8711,#8713,#8715,#8717,#8719,#8721,#8723,#8725,#8727,#8729,#8731,#8733,#8735,
#8737,#8739,#8741,#8743,#8744,#8745,#8746,#8748,#8749,#8750,#8751,#8753,#8755,
#8757,#8759,#8761,#8763,#8765));
#8767=FACE_OUTER_BOUND('3582',#8766,.F.);
#8768=ADVANCED_FACE('3582',(#8767),#8691,.F.);
#8769=CARTESIAN_POINT('',(-1.5625E1,0.E0,0.E0));
#8770=DIRECTION('',(1.E0,0.E0,0.E0));
#8771=DIRECTION('',(0.E0,0.E0,-1.E0));
#8772=AXIS2_PLACEMENT_3D('',#8769,#8770,#8771);
#8773=PLANE('3718',#8772);
#8775=ORIENTED_EDGE('5084',*,*,#8774,.F.);
#8776=ORIENTED_EDGE('5189',*,*,#7068,.F.);
#8778=ORIENTED_EDGE('4540',*,*,#8777,.F.);
#8780=ORIENTED_EDGE('4539',*,*,#8779,.F.);
#8781=ORIENTED_EDGE('4521',*,*,#8692,.F.);
#8783=ORIENTED_EDGE('5201',*,*,#8782,.F.);
#8785=ORIENTED_EDGE('5085',*,*,#8784,.F.);
#8786=EDGE_LOOP('3718',(#8775,#8776,#8778,#8780,#8781,#8783,#8785));
#8787=FACE_OUTER_BOUND('3718',#8786,.F.);
#8788=ADVANCED_FACE('3718',(#8787),#8773,.T.);
#8789=CARTESIAN_POINT('',(-2.525E1,0.E0,6.92E0));
#8790=DIRECTION('',(0.E0,0.E0,1.E0));
#8791=DIRECTION('',(1.E0,0.E0,0.E0));
#8792=AXIS2_PLACEMENT_3D('',#8789,#8790,#8791);
#8793=PLANE('4043',#8792);
#8794=ORIENTED_EDGE('5084',*,*,#8774,.T.);
#8796=ORIENTED_EDGE('5273',*,*,#8795,.T.);
#8798=ORIENTED_EDGE('5088',*,*,#8797,.F.);
#8799=ORIENTED_EDGE('5259',*,*,#7070,.F.);
#8800=EDGE_LOOP('4043',(#8794,#8796,#8798,#8799));
#8801=FACE_OUTER_BOUND('4043',#8800,.F.);
#8802=ADVANCED_FACE('4043',(#8801),#8793,.T.);
#8803=CARTESIAN_POINT('',(0.E0,1.6E0,0.E0));
#8804=DIRECTION('',(0.E0,1.E0,0.E0));
#8805=DIRECTION('',(1.E0,0.E0,0.E0));
#8806=AXIS2_PLACEMENT_3D('',#8803,#8804,#8805);
#8807=PLANE('3581',#8806);
#8809=ORIENTED_EDGE('5205',*,*,#8808,.T.);
#8811=ORIENTED_EDGE('5094',*,*,#8810,.T.);
#8813=ORIENTED_EDGE('5271',*,*,#8812,.F.);
#8815=ORIENTED_EDGE('5098',*,*,#8814,.F.);
#8817=ORIENTED_EDGE('5206',*,*,#8816,.T.);
#8819=ORIENTED_EDGE('5086',*,*,#8818,.T.);
#8821=ORIENTED_EDGE('5270',*,*,#8820,.F.);
#8823=ORIENTED_EDGE('5090',*,*,#8822,.F.);
#8825=ORIENTED_EDGE('5207',*,*,#8824,.T.);
#8827=ORIENTED_EDGE('5078',*,*,#8826,.T.);
#8829=ORIENTED_EDGE('5269',*,*,#8828,.F.);
#8831=ORIENTED_EDGE('5082',*,*,#8830,.F.);
#8833=ORIENTED_EDGE('5187',*,*,#8832,.T.);
#8835=ORIENTED_EDGE('5050',*,*,#8834,.T.);
#8837=ORIENTED_EDGE('5268',*,*,#8836,.F.);
#8839=ORIENTED_EDGE('5046',*,*,#8838,.F.);
#8841=ORIENTED_EDGE('5155',*,*,#8840,.T.);
#8843=ORIENTED_EDGE('5058',*,*,#8842,.T.);
#8845=ORIENTED_EDGE('5267',*,*,#8844,.F.);
#8847=ORIENTED_EDGE('5054',*,*,#8846,.F.);
#8849=ORIENTED_EDGE('5173',*,*,#8848,.T.);
#8851=ORIENTED_EDGE('5066',*,*,#8850,.T.);
#8853=ORIENTED_EDGE('5266',*,*,#8852,.F.);
#8855=ORIENTED_EDGE('5062',*,*,#8854,.F.);
#8857=ORIENTED_EDGE('5174',*,*,#8856,.T.);
#8859=ORIENTED_EDGE('5074',*,*,#8858,.T.);
#8861=ORIENTED_EDGE('5265',*,*,#8860,.F.);
#8863=ORIENTED_EDGE('5070',*,*,#8862,.F.);
#8865=ORIENTED_EDGE('5175',*,*,#8864,.T.);
#8867=ORIENTED_EDGE('4063',*,*,#8866,.T.);
#8869=ORIENTED_EDGE('4061',*,*,#8868,.T.);
#8871=ORIENTED_EDGE('4059',*,*,#8870,.T.);
#8873=ORIENTED_EDGE('5176',*,*,#8872,.T.);
#8875=ORIENTED_EDGE('5069',*,*,#8874,.F.);
#8877=ORIENTED_EDGE('5278',*,*,#8876,.F.);
#8879=ORIENTED_EDGE('5073',*,*,#8878,.T.);
#8881=ORIENTED_EDGE('5177',*,*,#8880,.T.);
#8883=ORIENTED_EDGE('5061',*,*,#8882,.F.);
#8885=ORIENTED_EDGE('5277',*,*,#8884,.F.);
#8887=ORIENTED_EDGE('5065',*,*,#8886,.T.);
#8889=ORIENTED_EDGE('5178',*,*,#8888,.T.);
#8891=ORIENTED_EDGE('5053',*,*,#8890,.F.);
#8893=ORIENTED_EDGE('5276',*,*,#8892,.F.);
#8895=ORIENTED_EDGE('5057',*,*,#8894,.T.);
#8897=ORIENTED_EDGE('5156',*,*,#8896,.T.);
#8899=ORIENTED_EDGE('5045',*,*,#8898,.F.);
#8901=ORIENTED_EDGE('5275',*,*,#8900,.F.);
#8903=ORIENTED_EDGE('5049',*,*,#8902,.T.);
#8905=ORIENTED_EDGE('5188',*,*,#8904,.T.);
#8907=ORIENTED_EDGE('5081',*,*,#8906,.F.);
#8909=ORIENTED_EDGE('5274',*,*,#8908,.F.);
#8911=ORIENTED_EDGE('5077',*,*,#8910,.T.);
#8913=ORIENTED_EDGE('5208',*,*,#8912,.T.);
#8915=ORIENTED_EDGE('5089',*,*,#8914,.F.);
#8916=ORIENTED_EDGE('5273',*,*,#8795,.F.);
#8917=ORIENTED_EDGE('5085',*,*,#8784,.T.);
#8919=ORIENTED_EDGE('5209',*,*,#8918,.T.);
#8921=ORIENTED_EDGE('5097',*,*,#8920,.F.);
#8923=ORIENTED_EDGE('5272',*,*,#8922,.F.);
#8925=ORIENTED_EDGE('5093',*,*,#8924,.T.);
#8927=ORIENTED_EDGE('5210',*,*,#8926,.T.);
#8929=ORIENTED_EDGE('4057',*,*,#8928,.T.);
#8931=ORIENTED_EDGE('4055',*,*,#8930,.T.);
#8933=ORIENTED_EDGE('4053',*,*,#8932,.T.);
#8934=EDGE_LOOP('3581',(#8809,#8811,#8813,#8815,#8817,#8819,#8821,#8823,#8825,
#8827,#8829,#8831,#8833,#8835,#8837,#8839,#8841,#8843,#8845,#8847,#8849,#8851,
#8853,#8855,#8857,#8859,#8861,#8863,#8865,#8867,#8869,#8871,#8873,#8875,#8877,
#8879,#8881,#8883,#8885,#8887,#8889,#8891,#8893,#8895,#8897,#8899,#8901,#8903,
#8905,#8907,#8909,#8911,#8913,#8915,#8916,#8917,#8919,#8921,#8923,#8925,#8927,
#8929,#8931,#8933));
#8935=FACE_OUTER_BOUND('3581',#8934,.F.);
#8937=ORIENTED_EDGE('5125',*,*,#8936,.F.);
#8939=ORIENTED_EDGE('5130',*,*,#8938,.T.);
#8941=ORIENTED_EDGE('5126',*,*,#8940,.T.);
#8943=ORIENTED_EDGE('5129',*,*,#8942,.F.);
#8944=EDGE_LOOP('3581',(#8937,#8939,#8941,#8943));
#8945=FACE_BOUND('3581',#8944,.F.);
#8947=ORIENTED_EDGE('5123',*,*,#8946,.F.);
#8949=ORIENTED_EDGE('5128',*,*,#8948,.F.);
#8951=ORIENTED_EDGE('5124',*,*,#8950,.T.);
#8953=ORIENTED_EDGE('5127',*,*,#8952,.T.);
#8954=EDGE_LOOP('3581',(#8947,#8949,#8951,#8953));
#8955=FACE_BOUND('3581',#8954,.F.);
#8957=ORIENTED_EDGE('5117',*,*,#8956,.F.);
#8959=ORIENTED_EDGE('5122',*,*,#8958,.T.);
#8961=ORIENTED_EDGE('5118',*,*,#8960,.T.);
#8963=ORIENTED_EDGE('5121',*,*,#8962,.F.);
#8964=EDGE_LOOP('3581',(#8957,#8959,#8961,#8963));
#8965=FACE_BOUND('3581',#8964,.F.);
#8967=ORIENTED_EDGE('5115',*,*,#8966,.F.);
#8969=ORIENTED_EDGE('5120',*,*,#8968,.F.);
#8971=ORIENTED_EDGE('5116',*,*,#8970,.T.);
#8973=ORIENTED_EDGE('5119',*,*,#8972,.T.);
#8974=EDGE_LOOP('3581',(#8967,#8969,#8971,#8973));
#8975=FACE_BOUND('3581',#8974,.F.);
#8977=ORIENTED_EDGE('5109',*,*,#8976,.F.);
#8979=ORIENTED_EDGE('5114',*,*,#8978,.T.);
#8981=ORIENTED_EDGE('5110',*,*,#8980,.T.);
#8983=ORIENTED_EDGE('5113',*,*,#8982,.F.);
#8984=EDGE_LOOP('3581',(#8977,#8979,#8981,#8983));
#8985=FACE_BOUND('3581',#8984,.F.);
#8987=ORIENTED_EDGE('5107',*,*,#8986,.F.);
#8989=ORIENTED_EDGE('5112',*,*,#8988,.F.);
#8991=ORIENTED_EDGE('5108',*,*,#8990,.T.);
#8993=ORIENTED_EDGE('5111',*,*,#8992,.T.);
#8994=EDGE_LOOP('3581',(#8987,#8989,#8991,#8993));
#8995=FACE_BOUND('3581',#8994,.F.);
#8997=ORIENTED_EDGE('5101',*,*,#8996,.F.);
#8999=ORIENTED_EDGE('5106',*,*,#8998,.T.);
#9001=ORIENTED_EDGE('5102',*,*,#9000,.T.);
#9003=ORIENTED_EDGE('5105',*,*,#9002,.F.);
#9004=EDGE_LOOP('3581',(#8997,#8999,#9001,#9003));
#9005=FACE_BOUND('3581',#9004,.F.);
#9007=ORIENTED_EDGE('5099',*,*,#9006,.F.);
#9009=ORIENTED_EDGE('5104',*,*,#9008,.F.);
#9011=ORIENTED_EDGE('5100',*,*,#9010,.T.);
#9013=ORIENTED_EDGE('5103',*,*,#9012,.T.);
#9014=EDGE_LOOP('3581',(#9007,#9009,#9011,#9013));
#9015=FACE_BOUND('3581',#9014,.F.);
#9016=ADVANCED_FACE('3581',(#8935,#8945,#8955,#8965,#8975,#8985,#8995,#9005,
#9015),#8807,.T.);
#9017=CARTESIAN_POINT('',(-2.538286742683E1,1.8E0,-6.72E0));
#9018=DIRECTION('',(1.E0,0.E0,0.E0));
#9019=DIRECTION('',(0.E0,-1.E0,0.E0));
#9020=AXIS2_PLACEMENT_3D('',#9017,#9018,#9019);
#9021=CYLINDRICAL_SURFACE('3594',#9020,2.E-1);
#9023=ORIENTED_EDGE('5199',*,*,#9022,.F.);
#9024=ORIENTED_EDGE('5205',*,*,#8808,.F.);
#9026=ORIENTED_EDGE('4065',*,*,#9025,.T.);
#9028=ORIENTED_EDGE('4533',*,*,#9027,.T.);
#9029=EDGE_LOOP('3594',(#9023,#9024,#9026,#9028));
#9030=FACE_OUTER_BOUND('3594',#9029,.F.);
#9031=ADVANCED_FACE('3594',(#9030),#9021,.F.);
#9032=CARTESIAN_POINT('',(-2.2435E1,0.E0,0.E0));
#9033=DIRECTION('',(1.E0,0.E0,0.E0));
#9034=DIRECTION('',(0.E0,0.E0,-1.E0));
#9035=AXIS2_PLACEMENT_3D('',#9032,#9033,#9034);
#9036=PLANE('4035',#9035);
#9038=ORIENTED_EDGE('5091',*,*,#9037,.T.);
#9039=ORIENTED_EDGE('5094',*,*,#8810,.F.);
#9040=ORIENTED_EDGE('5199',*,*,#9022,.T.);
#9042=ORIENTED_EDGE('4530',*,*,#9041,.T.);
#9044=ORIENTED_EDGE('4550',*,*,#9043,.F.);
#9046=ORIENTED_EDGE('4549',*,*,#9045,.F.);
#9047=ORIENTED_EDGE('5194',*,*,#7102,.F.);
#9048=EDGE_LOOP('4035',(#9038,#9039,#9040,#9042,#9044,#9046,#9047));
#9049=FACE_OUTER_BOUND('4035',#9048,.F.);
#9050=ADVANCED_FACE('4035',(#9049),#9036,.T.);
#9051=CARTESIAN_POINT('',(2.525E1,0.E0,-6.92E0));
#9052=DIRECTION('',(0.E0,0.E0,-1.E0));
#9053=DIRECTION('',(-1.E0,0.E0,0.E0));
#9054=AXIS2_PLACEMENT_3D('',#9051,#9052,#9053);
#9055=PLANE('4042',#9054);
#9056=ORIENTED_EDGE('5091',*,*,#9037,.F.);
#9057=ORIENTED_EDGE('5257',*,*,#7100,.F.);
#9059=ORIENTED_EDGE('5095',*,*,#9058,.T.);
#9060=ORIENTED_EDGE('5271',*,*,#8812,.T.);
#9061=EDGE_LOOP('4042',(#9056,#9057,#9059,#9060));
#9062=FACE_OUTER_BOUND('4042',#9061,.F.);
#9063=ADVANCED_FACE('4042',(#9062),#9055,.T.);
#9064=CARTESIAN_POINT('',(-1.8425E1,0.E0,0.E0));
#9065=DIRECTION('',(1.E0,0.E0,0.E0));
#9066=DIRECTION('',(0.E0,0.E0,-1.E0));
#9067=AXIS2_PLACEMENT_3D('',#9064,#9065,#9066);
#9068=PLANE('4036',#9067);
#9069=ORIENTED_EDGE('5095',*,*,#9058,.F.);
#9070=ORIENTED_EDGE('5196',*,*,#7098,.T.);
#9072=ORIENTED_EDGE('4553',*,*,#9071,.T.);
#9074=ORIENTED_EDGE('4554',*,*,#9073,.T.);
#9076=ORIENTED_EDGE('4531',*,*,#9075,.F.);
#9078=ORIENTED_EDGE('5200',*,*,#9077,.F.);
#9079=ORIENTED_EDGE('5098',*,*,#8814,.T.);
#9080=EDGE_LOOP('4036',(#9069,#9070,#9072,#9074,#9076,#9078,#9079));
#9081=FACE_OUTER_BOUND('4036',#9080,.F.);
#9082=ADVANCED_FACE('4036',(#9081),#9068,.F.);
#9083=CARTESIAN_POINT('',(-2.2435E1,0.E0,-7.314232007146E0));
#9084=DIRECTION('',(0.E0,-5.233595624294E-2,9.986295347546E-1));
#9085=DIRECTION('',(0.E0,9.986295347546E-1,5.233595624294E-2));
#9086=AXIS2_PLACEMENT_3D('',#9083,#9084,#9085);
#9087=PLANE('3728',#9086);
#9088=ORIENTED_EDGE('4520',*,*,#7104,.T.);
#9089=ORIENTED_EDGE('4549',*,*,#9045,.T.);
#9091=ORIENTED_EDGE('4516',*,*,#9090,.T.);
#9092=ORIENTED_EDGE('4553',*,*,#9071,.F.);
#9093=EDGE_LOOP('3728',(#9088,#9089,#9091,#9092));
#9094=FACE_OUTER_BOUND('3728',#9093,.F.);
#9095=ADVANCED_FACE('3728',(#9094),#9087,.T.);
#9096=CARTESIAN_POINT('',(-2.2435E1,1.988865175595E0,-7.21E0));
#9097=DIRECTION('',(0.E0,-9.848077530122E-1,1.736481776669E-1));
#9098=DIRECTION('',(0.E0,1.736481776669E-1,9.848077530122E-1));
#9099=AXIS2_PLACEMENT_3D('',#9096,#9097,#9098);
#9100=PLANE('3729',#9099);
#9102=ORIENTED_EDGE('4532',*,*,#9101,.F.);
#9103=ORIENTED_EDGE('4554',*,*,#9073,.F.);
#9104=ORIENTED_EDGE('4516',*,*,#9090,.F.);
#9105=ORIENTED_EDGE('4550',*,*,#9043,.T.);
#9106=EDGE_LOOP('3729',(#9102,#9103,#9104,#9105));
#9107=FACE_OUTER_BOUND('3729',#9106,.F.);
#9108=ADVANCED_FACE('3729',(#9107),#9100,.T.);
#9109=CARTESIAN_POINT('',(2.575E1,2.7E0,-6.92E0));
#9110=DIRECTION('',(0.E0,0.E0,-1.E0));
#9111=DIRECTION('',(-1.E0,0.E0,0.E0));
#9112=AXIS2_PLACEMENT_3D('',#9109,#9110,#9111);
#9113=PLANE('3584',#9112);
#9115=ORIENTED_EDGE('4527',*,*,#9114,.F.);
#9117=ORIENTED_EDGE('4534',*,*,#9116,.F.);
#9118=ORIENTED_EDGE('4531',*,*,#9075,.T.);
#9119=ORIENTED_EDGE('4532',*,*,#9101,.T.);
#9120=ORIENTED_EDGE('4530',*,*,#9041,.F.);
#9121=ORIENTED_EDGE('4533',*,*,#9027,.F.);
#9123=ORIENTED_EDGE('4117',*,*,#9122,.F.);
#9125=ORIENTED_EDGE('4406',*,*,#9124,.F.);
#9126=ORIENTED_EDGE('4396',*,*,#8073,.T.);
#9127=ORIENTED_EDGE('4398',*,*,#8090,.F.);
#9128=ORIENTED_EDGE('4397',*,*,#8189,.F.);
#9130=ORIENTED_EDGE('4405',*,*,#9129,.F.);
#9131=ORIENTED_EDGE('4379',*,*,#8316,.T.);
#9132=ORIENTED_EDGE('4380',*,*,#8333,.T.);
#9133=ORIENTED_EDGE('4378',*,*,#8432,.F.);
#9135=ORIENTED_EDGE('4386',*,*,#9134,.F.);
#9137=ORIENTED_EDGE('4124',*,*,#9136,.T.);
#9139=ORIENTED_EDGE('4473',*,*,#9138,.F.);
#9141=ORIENTED_EDGE('4468',*,*,#9140,.T.);
#9143=ORIENTED_EDGE('4470',*,*,#9142,.F.);
#9145=ORIENTED_EDGE('4469',*,*,#9144,.F.);
#9147=ORIENTED_EDGE('4472',*,*,#9146,.F.);
#9149=ORIENTED_EDGE('4465',*,*,#9148,.T.);
#9151=ORIENTED_EDGE('4467',*,*,#9150,.F.);
#9153=ORIENTED_EDGE('4466',*,*,#9152,.F.);
#9155=ORIENTED_EDGE('4471',*,*,#9154,.F.);
#9157=ORIENTED_EDGE('4438',*,*,#9156,.T.);
#9159=ORIENTED_EDGE('4440',*,*,#9158,.F.);
#9161=ORIENTED_EDGE('4439',*,*,#9160,.F.);
#9163=ORIENTED_EDGE('4441',*,*,#9162,.F.);
#9165=ORIENTED_EDGE('4240',*,*,#9164,.T.);
#9167=ORIENTED_EDGE('4242',*,*,#9166,.F.);
#9169=ORIENTED_EDGE('4241',*,*,#9168,.F.);
#9171=ORIENTED_EDGE('4503',*,*,#9170,.F.);
#9173=ORIENTED_EDGE('4501',*,*,#9172,.T.);
#9175=ORIENTED_EDGE('4502',*,*,#9174,.T.);
#9177=ORIENTED_EDGE('4500',*,*,#9176,.F.);
#9179=ORIENTED_EDGE('4535',*,*,#9178,.F.);
#9181=ORIENTED_EDGE('4528',*,*,#9180,.T.);
#9183=ORIENTED_EDGE('4529',*,*,#9182,.T.);
#9184=EDGE_LOOP('3584',(#9115,#9117,#9118,#9119,#9120,#9121,#9123,#9125,#9126,
#9127,#9128,#9130,#9131,#9132,#9133,#9135,#9137,#9139,#9141,#9143,#9145,#9147,
#9149,#9151,#9153,#9155,#9157,#9159,#9161,#9163,#9165,#9167,#9169,#9171,#9173,
#9175,#9177,#9179,#9181,#9183));
#9185=FACE_OUTER_BOUND('3584',#9184,.F.);
#9186=ADVANCED_FACE('3584',(#9185),#9113,.F.);
#9187=CARTESIAN_POINT('',(-1.5625E1,0.E0,0.E0));
#9188=DIRECTION('',(1.E0,0.E0,0.E0));
#9189=DIRECTION('',(0.E0,0.E0,-1.E0));
#9190=AXIS2_PLACEMENT_3D('',#9187,#9188,#9189);
#9191=PLANE('4033',#9190);
#9193=ORIENTED_EDGE('5083',*,*,#9192,.T.);
#9194=ORIENTED_EDGE('5086',*,*,#8818,.F.);
#9196=ORIENTED_EDGE('5197',*,*,#9195,.T.);
#9197=ORIENTED_EDGE('4527',*,*,#9114,.T.);
#9199=ORIENTED_EDGE('4542',*,*,#9198,.F.);
#9201=ORIENTED_EDGE('4541',*,*,#9200,.F.);
#9202=ORIENTED_EDGE('5190',*,*,#7082,.F.);
#9203=EDGE_LOOP('4033',(#9193,#9194,#9196,#9197,#9199,#9201,#9202));
#9204=FACE_OUTER_BOUND('4033',#9203,.F.);
#9205=ADVANCED_FACE('4033',(#9204),#9191,.T.);
#9206=CARTESIAN_POINT('',(2.525E1,0.E0,-6.92E0));
#9207=DIRECTION('',(0.E0,0.E0,-1.E0));
#9208=DIRECTION('',(-1.E0,0.E0,0.E0));
#9209=AXIS2_PLACEMENT_3D('',#9206,#9207,#9208);
#9210=PLANE('4041',#9209);
#9211=ORIENTED_EDGE('5083',*,*,#9192,.F.);
#9212=ORIENTED_EDGE('5256',*,*,#7080,.F.);
#9214=ORIENTED_EDGE('5087',*,*,#9213,.T.);
#9215=ORIENTED_EDGE('5270',*,*,#8820,.T.);
#9216=EDGE_LOOP('4041',(#9211,#9212,#9214,#9215));
#9217=FACE_OUTER_BOUND('4041',#9216,.F.);
#9218=ADVANCED_FACE('4041',(#9217),#9210,.T.);
#9219=CARTESIAN_POINT('',(-1.1615E1,0.E0,0.E0));
#9220=DIRECTION('',(1.E0,0.E0,0.E0));
#9221=DIRECTION('',(0.E0,0.E0,-1.E0));
#9222=AXIS2_PLACEMENT_3D('',#9219,#9220,#9221);
#9223=PLANE('4034',#9222);
#9224=ORIENTED_EDGE('5087',*,*,#9213,.F.);
#9225=ORIENTED_EDGE('5192',*,*,#7078,.T.);
#9227=ORIENTED_EDGE('4545',*,*,#9226,.T.);
#9229=ORIENTED_EDGE('4546',*,*,#9228,.T.);
#9230=ORIENTED_EDGE('4528',*,*,#9180,.F.);
#9232=ORIENTED_EDGE('5198',*,*,#9231,.F.);
#9233=ORIENTED_EDGE('5090',*,*,#8822,.T.);
#9234=EDGE_LOOP('4034',(#9224,#9225,#9227,#9229,#9230,#9232,#9233));
#9235=FACE_OUTER_BOUND('4034',#9234,.F.);
#9236=ADVANCED_FACE('4034',(#9235),#9223,.F.);
#9237=CARTESIAN_POINT('',(-1.5625E1,0.E0,-7.314232007146E0));
#9238=DIRECTION('',(0.E0,-5.233595624294E-2,9.986295347546E-1));
#9239=DIRECTION('',(0.E0,9.986295347546E-1,5.233595624294E-2));
#9240=AXIS2_PLACEMENT_3D('',#9237,#9238,#9239);
#9241=PLANE('3722',#9240);
#9242=ORIENTED_EDGE('4518',*,*,#7084,.T.);
#9243=ORIENTED_EDGE('4541',*,*,#9200,.T.);
#9245=ORIENTED_EDGE('4514',*,*,#9244,.T.);
#9246=ORIENTED_EDGE('4545',*,*,#9226,.F.);
#9247=EDGE_LOOP('3722',(#9242,#9243,#9245,#9246));
#9248=FACE_OUTER_BOUND('3722',#9247,.F.);
#9249=ADVANCED_FACE('3722',(#9248),#9241,.T.);
#9250=CARTESIAN_POINT('',(-1.5625E1,1.988865175595E0,-7.21E0));
#9251=DIRECTION('',(0.E0,-9.848077530122E-1,1.736481776669E-1));
#9252=DIRECTION('',(0.E0,1.736481776669E-1,9.848077530122E-1));
#9253=AXIS2_PLACEMENT_3D('',#9250,#9251,#9252);
#9254=PLANE('3723',#9253);
#9255=ORIENTED_EDGE('4529',*,*,#9182,.F.);
#9256=ORIENTED_EDGE('4546',*,*,#9228,.F.);
#9257=ORIENTED_EDGE('4514',*,*,#9244,.F.);
#9258=ORIENTED_EDGE('4542',*,*,#9198,.T.);
#9259=EDGE_LOOP('3723',(#9255,#9256,#9257,#9258));
#9260=FACE_OUTER_BOUND('3723',#9259,.F.);
#9261=ADVANCED_FACE('3723',(#9260),#9254,.T.);
#9262=CARTESIAN_POINT('',(-2.538286742683E1,1.8E0,-6.72E0));
#9263=DIRECTION('',(1.E0,0.E0,0.E0));
#9264=DIRECTION('',(0.E0,-1.E0,0.E0));
#9265=AXIS2_PLACEMENT_3D('',#9262,#9263,#9264);
#9266=CYLINDRICAL_SURFACE('3988',#9265,2.E-1);
#9268=ORIENTED_EDGE('5183',*,*,#9267,.F.);
#9269=ORIENTED_EDGE('5207',*,*,#8824,.F.);
#9270=ORIENTED_EDGE('5198',*,*,#9231,.T.);
#9271=ORIENTED_EDGE('4535',*,*,#9178,.T.);
#9272=EDGE_LOOP('3988',(#9268,#9269,#9270,#9271));
#9273=FACE_OUTER_BOUND('3988',#9272,.F.);
#9274=ADVANCED_FACE('3988',(#9273),#9266,.F.);
#9275=CARTESIAN_POINT('',(-8.815E0,0.E0,0.E0));
#9276=DIRECTION('',(1.E0,0.E0,0.E0));
#9277=DIRECTION('',(0.E0,0.E0,-1.E0));
#9278=AXIS2_PLACEMENT_3D('',#9275,#9276,#9277);
#9279=PLANE('4031',#9278);
#9281=ORIENTED_EDGE('5075',*,*,#9280,.T.);
#9282=ORIENTED_EDGE('5078',*,*,#8826,.F.);
#9283=ORIENTED_EDGE('5183',*,*,#9267,.T.);
#9284=ORIENTED_EDGE('4500',*,*,#9176,.T.);
#9286=ORIENTED_EDGE('4508',*,*,#9285,.F.);
#9288=ORIENTED_EDGE('4507',*,*,#9287,.F.);
#9289=ORIENTED_EDGE('5180',*,*,#7062,.F.);
#9290=EDGE_LOOP('4031',(#9281,#9282,#9283,#9284,#9286,#9288,#9289));
#9291=FACE_OUTER_BOUND('4031',#9290,.F.);
#9292=ADVANCED_FACE('4031',(#9291),#9279,.T.);
#9293=CARTESIAN_POINT('',(2.525E1,0.E0,-6.92E0));
#9294=DIRECTION('',(0.E0,0.E0,-1.E0));
#9295=DIRECTION('',(-1.E0,0.E0,0.E0));
#9296=AXIS2_PLACEMENT_3D('',#9293,#9294,#9295);
#9297=PLANE('4040',#9296);
#9298=ORIENTED_EDGE('5075',*,*,#9280,.F.);
#9299=ORIENTED_EDGE('5255',*,*,#7060,.F.);
#9301=ORIENTED_EDGE('5079',*,*,#9300,.T.);
#9302=ORIENTED_EDGE('5269',*,*,#8828,.T.);
#9303=EDGE_LOOP('4040',(#9298,#9299,#9301,#9302));
#9304=FACE_OUTER_BOUND('4040',#9303,.F.);
#9305=ADVANCED_FACE('4040',(#9304),#9297,.T.);
#9306=CARTESIAN_POINT('',(-4.805E0,0.E0,0.E0));
#9307=DIRECTION('',(1.E0,0.E0,0.E0));
#9308=DIRECTION('',(0.E0,0.E0,-1.E0));
#9309=AXIS2_PLACEMENT_3D('',#9306,#9307,#9308);
#9310=PLANE('4032',#9309);
#9311=ORIENTED_EDGE('5079',*,*,#9300,.F.);
#9312=ORIENTED_EDGE('5182',*,*,#7058,.T.);
#9314=ORIENTED_EDGE('4511',*,*,#9313,.T.);
#9316=ORIENTED_EDGE('4512',*,*,#9315,.T.);
#9317=ORIENTED_EDGE('4501',*,*,#9172,.F.);
#9319=ORIENTED_EDGE('5184',*,*,#9318,.F.);
#9320=ORIENTED_EDGE('5082',*,*,#8830,.T.);
#9321=EDGE_LOOP('4032',(#9311,#9312,#9314,#9316,#9317,#9319,#9320));
#9322=FACE_OUTER_BOUND('4032',#9321,.F.);
#9323=ADVANCED_FACE('4032',(#9322),#9310,.F.);
#9324=CARTESIAN_POINT('',(-8.815E0,0.E0,-7.314232007146E0));
#9325=DIRECTION('',(0.E0,-5.233595624294E-2,9.986295347546E-1));
#9326=DIRECTION('',(0.E0,9.986295347546E-1,5.233595624294E-2));
#9327=AXIS2_PLACEMENT_3D('',#9324,#9325,#9326);
#9328=PLANE('3716',#9327);
#9329=ORIENTED_EDGE('4496',*,*,#7064,.T.);
#9330=ORIENTED_EDGE('4507',*,*,#9287,.T.);
#9332=ORIENTED_EDGE('4494',*,*,#9331,.T.);
#9333=ORIENTED_EDGE('4511',*,*,#9313,.F.);
#9334=EDGE_LOOP('3716',(#9329,#9330,#9332,#9333));
#9335=FACE_OUTER_BOUND('3716',#9334,.F.);
#9336=ADVANCED_FACE('3716',(#9335),#9328,.T.);
#9337=CARTESIAN_POINT('',(-8.815E0,1.988865175595E0,-7.21E0));
#9338=DIRECTION('',(0.E0,-9.848077530122E-1,1.736481776669E-1));
#9339=DIRECTION('',(0.E0,1.736481776669E-1,9.848077530122E-1));
#9340=AXIS2_PLACEMENT_3D('',#9337,#9338,#9339);
#9341=PLANE('3717',#9340);
#9342=ORIENTED_EDGE('4502',*,*,#9174,.F.);
#9343=ORIENTED_EDGE('4512',*,*,#9315,.F.);
#9344=ORIENTED_EDGE('4494',*,*,#9331,.F.);
#9345=ORIENTED_EDGE('4508',*,*,#9285,.T.);
#9346=EDGE_LOOP('3717',(#9342,#9343,#9344,#9345));
#9347=FACE_OUTER_BOUND('3717',#9346,.F.);
#9348=ADVANCED_FACE('3717',(#9347),#9341,.T.);
#9349=CARTESIAN_POINT('',(-2.538286742683E1,1.8E0,-6.72E0));
#9350=DIRECTION('',(1.E0,0.E0,0.E0));
#9351=DIRECTION('',(0.E0,-1.E0,0.E0));
#9352=AXIS2_PLACEMENT_3D('',#9349,#9350,#9351);
#9353=CYLINDRICAL_SURFACE('3989',#9352,2.E-1);
#9355=ORIENTED_EDGE('5144',*,*,#9354,.F.);
#9356=ORIENTED_EDGE('5187',*,*,#8832,.F.);
#9357=ORIENTED_EDGE('5184',*,*,#9318,.T.);
#9358=ORIENTED_EDGE('4503',*,*,#9170,.T.);
#9359=EDGE_LOOP('3989',(#9355,#9356,#9357,#9358));
#9360=FACE_OUTER_BOUND('3989',#9359,.F.);
#9361=ADVANCED_FACE('3989',(#9360),#9353,.F.);
#9362=CARTESIAN_POINT('',(-2.005E0,0.E0,0.E0));
#9363=DIRECTION('',(1.E0,0.E0,0.E0));
#9364=DIRECTION('',(0.E0,0.E0,-1.E0));
#9365=AXIS2_PLACEMENT_3D('',#9362,#9363,#9364);
#9366=PLANE('4020',#9365);
#9368=ORIENTED_EDGE('5047',*,*,#9367,.T.);
#9369=ORIENTED_EDGE('5050',*,*,#8834,.F.);
#9370=ORIENTED_EDGE('5144',*,*,#9354,.T.);
#9371=ORIENTED_EDGE('4241',*,*,#9168,.T.);
#9373=ORIENTED_EDGE('4250',*,*,#9372,.F.);
#9375=ORIENTED_EDGE('4249',*,*,#9374,.F.);
#9376=ORIENTED_EDGE('5142',*,*,#6982,.F.);
#9377=EDGE_LOOP('4020',(#9368,#9369,#9370,#9371,#9373,#9375,#9376));
#9378=FACE_OUTER_BOUND('4020',#9377,.F.);
#9379=ADVANCED_FACE('4020',(#9378),#9366,.T.);
#9380=CARTESIAN_POINT('',(2.525E1,0.E0,-6.92E0));
#9381=DIRECTION('',(0.E0,0.E0,-1.E0));
#9382=DIRECTION('',(-1.E0,0.E0,0.E0));
#9383=AXIS2_PLACEMENT_3D('',#9380,#9381,#9382);
#9384=PLANE('4039',#9383);
#9386=ORIENTED_EDGE('5043',*,*,#9385,.T.);
#9387=ORIENTED_EDGE('5268',*,*,#8836,.T.);
#9388=ORIENTED_EDGE('5047',*,*,#9367,.F.);
#9389=ORIENTED_EDGE('5254',*,*,#6980,.F.);
#9390=EDGE_LOOP('4039',(#9386,#9387,#9388,#9389));
#9391=FACE_OUTER_BOUND('4039',#9390,.F.);
#9392=ADVANCED_FACE('4039',(#9391),#9384,.T.);
#9393=CARTESIAN_POINT('',(2.005E0,0.E0,0.E0));
#9394=DIRECTION('',(1.E0,0.E0,0.E0));
#9395=DIRECTION('',(0.E0,0.E0,-1.E0));
#9396=AXIS2_PLACEMENT_3D('',#9393,#9394,#9395);
#9397=PLANE('4019',#9396);
#9398=ORIENTED_EDGE('5043',*,*,#9385,.F.);
#9399=ORIENTED_EDGE('5140',*,*,#6978,.T.);
#9401=ORIENTED_EDGE('4245',*,*,#9400,.T.);
#9403=ORIENTED_EDGE('4246',*,*,#9402,.T.);
#9404=ORIENTED_EDGE('4240',*,*,#9164,.F.);
#9406=ORIENTED_EDGE('5143',*,*,#9405,.F.);
#9407=ORIENTED_EDGE('5046',*,*,#8838,.T.);
#9408=EDGE_LOOP('4019',(#9398,#9399,#9401,#9403,#9404,#9406,#9407));
#9409=FACE_OUTER_BOUND('4019',#9408,.F.);
#9410=ADVANCED_FACE('4019',(#9409),#9397,.F.);
#9411=CARTESIAN_POINT('',(2.005E0,0.E0,-7.314232007146E0));
#9412=DIRECTION('',(0.E0,5.233595624294E-2,-9.986295347546E-1));
#9413=DIRECTION('',(0.E0,9.986295347546E-1,5.233595624294E-2));
#9414=AXIS2_PLACEMENT_3D('',#9411,#9412,#9413);
#9415=PLANE('3660',#9414);
#9416=ORIENTED_EDGE('4236',*,*,#6984,.F.);
#9417=ORIENTED_EDGE('4249',*,*,#9374,.T.);
#9419=ORIENTED_EDGE('4234',*,*,#9418,.F.);
#9420=ORIENTED_EDGE('4245',*,*,#9400,.F.);
#9421=EDGE_LOOP('3660',(#9416,#9417,#9419,#9420));
#9422=FACE_OUTER_BOUND('3660',#9421,.F.);
#9423=ADVANCED_FACE('3660',(#9422),#9415,.F.);
#9424=CARTESIAN_POINT('',(2.005E0,1.988865175595E0,-7.21E0));
#9425=DIRECTION('',(0.E0,9.848077530122E-1,-1.736481776669E-1));
#9426=DIRECTION('',(0.E0,1.736481776669E-1,9.848077530122E-1));
#9427=AXIS2_PLACEMENT_3D('',#9424,#9425,#9426);
#9428=PLANE('3661',#9427);
#9429=ORIENTED_EDGE('4242',*,*,#9166,.T.);
#9430=ORIENTED_EDGE('4246',*,*,#9402,.F.);
#9431=ORIENTED_EDGE('4234',*,*,#9418,.T.);
#9432=ORIENTED_EDGE('4250',*,*,#9372,.T.);
#9433=EDGE_LOOP('3661',(#9429,#9430,#9431,#9432));
#9434=FACE_OUTER_BOUND('3661',#9433,.F.);
#9435=ADVANCED_FACE('3661',(#9434),#9428,.F.);
#9436=CARTESIAN_POINT('',(-2.538286742683E1,1.8E0,-6.72E0));
#9437=DIRECTION('',(1.E0,0.E0,0.E0));
#9438=DIRECTION('',(0.E0,-1.E0,0.E0));
#9439=AXIS2_PLACEMENT_3D('',#9436,#9437,#9438);
#9440=CYLINDRICAL_SURFACE('3990',#9439,2.E-1);
#9441=ORIENTED_EDGE('5143',*,*,#9405,.T.);
#9442=ORIENTED_EDGE('4441',*,*,#9162,.T.);
#9444=ORIENTED_EDGE('5152',*,*,#9443,.F.);
#9445=ORIENTED_EDGE('5155',*,*,#8840,.F.);
#9446=EDGE_LOOP('3990',(#9441,#9442,#9444,#9445));
#9447=FACE_OUTER_BOUND('3990',#9446,.F.);
#9448=ADVANCED_FACE('3990',(#9447),#9440,.F.);
#9449=CARTESIAN_POINT('',(4.805E0,0.E0,0.E0));
#9450=DIRECTION('',(1.E0,0.E0,0.E0));
#9451=DIRECTION('',(0.E0,0.E0,-1.E0));
#9452=AXIS2_PLACEMENT_3D('',#9449,#9450,#9451);
#9453=PLANE('4026',#9452);
#9455=ORIENTED_EDGE('5055',*,*,#9454,.T.);
#9456=ORIENTED_EDGE('5058',*,*,#8842,.F.);
#9457=ORIENTED_EDGE('5152',*,*,#9443,.T.);
#9458=ORIENTED_EDGE('4439',*,*,#9160,.T.);
#9460=ORIENTED_EDGE('4450',*,*,#9459,.F.);
#9462=ORIENTED_EDGE('4449',*,*,#9461,.F.);
#9463=ORIENTED_EDGE('5150',*,*,#7002,.F.);
#9464=EDGE_LOOP('4026',(#9455,#9456,#9457,#9458,#9460,#9462,#9463));
#9465=FACE_OUTER_BOUND('4026',#9464,.F.);
#9466=ADVANCED_FACE('4026',(#9465),#9453,.T.);
#9467=CARTESIAN_POINT('',(2.525E1,0.E0,-6.92E0));
#9468=DIRECTION('',(0.E0,0.E0,-1.E0));
#9469=DIRECTION('',(-1.E0,0.E0,0.E0));
#9470=AXIS2_PLACEMENT_3D('',#9467,#9468,#9469);
#9471=PLANE('4038',#9470);
#9473=ORIENTED_EDGE('5051',*,*,#9472,.T.);
#9474=ORIENTED_EDGE('5267',*,*,#8844,.T.);
#9475=ORIENTED_EDGE('5055',*,*,#9454,.F.);
#9476=ORIENTED_EDGE('5253',*,*,#7000,.F.);
#9477=EDGE_LOOP('4038',(#9473,#9474,#9475,#9476));
#9478=FACE_OUTER_BOUND('4038',#9477,.F.);
#9479=ADVANCED_FACE('4038',(#9478),#9471,.T.);
#9480=CARTESIAN_POINT('',(8.815E0,0.E0,0.E0));
#9481=DIRECTION('',(1.E0,0.E0,0.E0));
#9482=DIRECTION('',(0.E0,0.E0,-1.E0));
#9483=AXIS2_PLACEMENT_3D('',#9480,#9481,#9482);
#9484=PLANE('4025',#9483);
#9485=ORIENTED_EDGE('5051',*,*,#9472,.F.);
#9486=ORIENTED_EDGE('5148',*,*,#6998,.T.);
#9488=ORIENTED_EDGE('4445',*,*,#9487,.T.);
#9490=ORIENTED_EDGE('4446',*,*,#9489,.T.);
#9491=ORIENTED_EDGE('4438',*,*,#9156,.F.);
#9493=ORIENTED_EDGE('5151',*,*,#9492,.F.);
#9494=ORIENTED_EDGE('5054',*,*,#8846,.T.);
#9495=EDGE_LOOP('4025',(#9485,#9486,#9488,#9490,#9491,#9493,#9494));
#9496=FACE_OUTER_BOUND('4025',#9495,.F.);
#9497=ADVANCED_FACE('4025',(#9496),#9484,.F.);
#9498=CARTESIAN_POINT('',(8.815E0,0.E0,-7.314232007146E0));
#9499=DIRECTION('',(0.E0,5.233595624294E-2,-9.986295347546E-1));
#9500=DIRECTION('',(0.E0,9.986295347546E-1,5.233595624294E-2));
#9501=AXIS2_PLACEMENT_3D('',#9498,#9499,#9500);
#9502=PLANE('3698',#9501);
#9503=ORIENTED_EDGE('4434',*,*,#7004,.F.);
#9504=ORIENTED_EDGE('4449',*,*,#9461,.T.);
#9506=ORIENTED_EDGE('4432',*,*,#9505,.F.);
#9507=ORIENTED_EDGE('4445',*,*,#9487,.F.);
#9508=EDGE_LOOP('3698',(#9503,#9504,#9506,#9507));
#9509=FACE_OUTER_BOUND('3698',#9508,.F.);
#9510=ADVANCED_FACE('3698',(#9509),#9502,.F.);
#9511=CARTESIAN_POINT('',(8.815E0,1.988865175595E0,-7.21E0));
#9512=DIRECTION('',(0.E0,9.848077530122E-1,-1.736481776669E-1));
#9513=DIRECTION('',(0.E0,1.736481776669E-1,9.848077530122E-1));
#9514=AXIS2_PLACEMENT_3D('',#9511,#9512,#9513);
#9515=PLANE('3699',#9514);
#9516=ORIENTED_EDGE('4440',*,*,#9158,.T.);
#9517=ORIENTED_EDGE('4446',*,*,#9489,.F.);
#9518=ORIENTED_EDGE('4432',*,*,#9505,.T.);
#9519=ORIENTED_EDGE('4450',*,*,#9459,.T.);
#9520=EDGE_LOOP('3699',(#9516,#9517,#9518,#9519));
#9521=FACE_OUTER_BOUND('3699',#9520,.F.);
#9522=ADVANCED_FACE('3699',(#9521),#9515,.F.);
#9523=CARTESIAN_POINT('',(-2.538286742683E1,1.8E0,-6.72E0));
#9524=DIRECTION('',(1.E0,0.E0,0.E0));
#9525=DIRECTION('',(0.E0,-1.E0,0.E0));
#9526=AXIS2_PLACEMENT_3D('',#9523,#9524,#9525);
#9527=CYLINDRICAL_SURFACE('3991',#9526,2.E-1);
#9528=ORIENTED_EDGE('5151',*,*,#9492,.T.);
#9529=ORIENTED_EDGE('4471',*,*,#9154,.T.);
#9531=ORIENTED_EDGE('5166',*,*,#9530,.F.);
#9532=ORIENTED_EDGE('5173',*,*,#8848,.F.);
#9533=EDGE_LOOP('3991',(#9528,#9529,#9531,#9532));
#9534=FACE_OUTER_BOUND('3991',#9533,.F.);
#9535=ADVANCED_FACE('3991',(#9534),#9527,.F.);
#9536=CARTESIAN_POINT('',(1.1615E1,0.E0,0.E0));
#9537=DIRECTION('',(1.E0,0.E0,0.E0));
#9538=DIRECTION('',(0.E0,0.E0,-1.E0));
#9539=AXIS2_PLACEMENT_3D('',#9536,#9537,#9538);
#9540=PLANE('4028',#9539);
#9542=ORIENTED_EDGE('5063',*,*,#9541,.T.);
#9543=ORIENTED_EDGE('5066',*,*,#8850,.F.);
#9544=ORIENTED_EDGE('5166',*,*,#9530,.T.);
#9545=ORIENTED_EDGE('4466',*,*,#9152,.T.);
#9547=ORIENTED_EDGE('4484',*,*,#9546,.F.);
#9549=ORIENTED_EDGE('4483',*,*,#9548,.F.);
#9550=ORIENTED_EDGE('5160',*,*,#7022,.F.);
#9551=EDGE_LOOP('4028',(#9542,#9543,#9544,#9545,#9547,#9549,#9550));
#9552=FACE_OUTER_BOUND('4028',#9551,.F.);
#9553=ADVANCED_FACE('4028',(#9552),#9540,.T.);
#9554=CARTESIAN_POINT('',(2.525E1,0.E0,-6.92E0));
#9555=DIRECTION('',(0.E0,0.E0,-1.E0));
#9556=DIRECTION('',(-1.E0,0.E0,0.E0));
#9557=AXIS2_PLACEMENT_3D('',#9554,#9555,#9556);
#9558=PLANE('4037',#9557);
#9560=ORIENTED_EDGE('5059',*,*,#9559,.T.);
#9561=ORIENTED_EDGE('5266',*,*,#8852,.T.);
#9562=ORIENTED_EDGE('5063',*,*,#9541,.F.);
#9563=ORIENTED_EDGE('5252',*,*,#7020,.F.);
#9564=EDGE_LOOP('4037',(#9560,#9561,#9562,#9563));
#9565=FACE_OUTER_BOUND('4037',#9564,.F.);
#9566=ADVANCED_FACE('4037',(#9565),#9558,.T.);
#9567=CARTESIAN_POINT('',(1.5625E1,0.E0,0.E0));
#9568=DIRECTION('',(1.E0,0.E0,0.E0));
#9569=DIRECTION('',(0.E0,0.E0,-1.E0));
#9570=AXIS2_PLACEMENT_3D('',#9567,#9568,#9569);
#9571=PLANE('4027',#9570);
#9572=ORIENTED_EDGE('5059',*,*,#9559,.F.);
#9573=ORIENTED_EDGE('5158',*,*,#7018,.T.);
#9575=ORIENTED_EDGE('4479',*,*,#9574,.T.);
#9577=ORIENTED_EDGE('4480',*,*,#9576,.T.);
#9578=ORIENTED_EDGE('4465',*,*,#9148,.F.);
#9580=ORIENTED_EDGE('5165',*,*,#9579,.F.);
#9581=ORIENTED_EDGE('5062',*,*,#8854,.T.);
#9582=EDGE_LOOP('4027',(#9572,#9573,#9575,#9577,#9578,#9580,#9581));
#9583=FACE_OUTER_BOUND('4027',#9582,.F.);
#9584=ADVANCED_FACE('4027',(#9583),#9571,.F.);
#9585=CARTESIAN_POINT('',(1.5625E1,0.E0,-7.314232007146E0));
#9586=DIRECTION('',(0.E0,5.233595624294E-2,-9.986295347546E-1));
#9587=DIRECTION('',(0.E0,9.986295347546E-1,5.233595624294E-2));
#9588=AXIS2_PLACEMENT_3D('',#9585,#9586,#9587);
#9589=PLANE('3704',#9588);
#9590=ORIENTED_EDGE('4456',*,*,#7024,.F.);
#9591=ORIENTED_EDGE('4483',*,*,#9548,.T.);
#9593=ORIENTED_EDGE('4452',*,*,#9592,.F.);
#9594=ORIENTED_EDGE('4479',*,*,#9574,.F.);
#9595=EDGE_LOOP('3704',(#9590,#9591,#9593,#9594));
#9596=FACE_OUTER_BOUND('3704',#9595,.F.);
#9597=ADVANCED_FACE('3704',(#9596),#9589,.F.);
#9598=CARTESIAN_POINT('',(1.5625E1,1.988865175595E0,-7.21E0));
#9599=DIRECTION('',(0.E0,9.848077530122E-1,-1.736481776669E-1));
#9600=DIRECTION('',(0.E0,1.736481776669E-1,9.848077530122E-1));
#9601=AXIS2_PLACEMENT_3D('',#9598,#9599,#9600);
#9602=PLANE('3705',#9601);
#9603=ORIENTED_EDGE('4467',*,*,#9150,.T.);
#9604=ORIENTED_EDGE('4480',*,*,#9576,.F.);
#9605=ORIENTED_EDGE('4452',*,*,#9592,.T.);
#9606=ORIENTED_EDGE('4484',*,*,#9546,.T.);
#9607=EDGE_LOOP('3705',(#9603,#9604,#9605,#9606));
#9608=FACE_OUTER_BOUND('3705',#9607,.F.);
#9609=ADVANCED_FACE('3705',(#9608),#9602,.F.);
#9610=CARTESIAN_POINT('',(-2.538286742683E1,1.8E0,-6.72E0));
#9611=DIRECTION('',(1.E0,0.E0,0.E0));
#9612=DIRECTION('',(0.E0,-1.E0,0.E0));
#9613=AXIS2_PLACEMENT_3D('',#9610,#9611,#9612);
#9614=CYLINDRICAL_SURFACE('3992',#9613,2.E-1);
#9615=ORIENTED_EDGE('5165',*,*,#9579,.T.);
#9616=ORIENTED_EDGE('4472',*,*,#9146,.T.);
#9618=ORIENTED_EDGE('5168',*,*,#9617,.F.);
#9619=ORIENTED_EDGE('5174',*,*,#8856,.F.);
#9620=EDGE_LOOP('3992',(#9615,#9616,#9618,#9619));
#9621=FACE_OUTER_BOUND('3992',#9620,.F.);
#9622=ADVANCED_FACE('3992',(#9621),#9614,.F.);
#9623=CARTESIAN_POINT('',(1.8425E1,0.E0,0.E0));
#9624=DIRECTION('',(1.E0,0.E0,0.E0));
#9625=DIRECTION('',(0.E0,0.E0,-1.E0));
#9626=AXIS2_PLACEMENT_3D('',#9623,#9624,#9625);
#9627=PLANE('4030',#9626);
#9629=ORIENTED_EDGE('5071',*,*,#9628,.T.);
#9630=ORIENTED_EDGE('5074',*,*,#8858,.F.);
#9631=ORIENTED_EDGE('5168',*,*,#9617,.T.);
#9632=ORIENTED_EDGE('4469',*,*,#9144,.T.);
#9634=ORIENTED_EDGE('4492',*,*,#9633,.F.);
#9636=ORIENTED_EDGE('4491',*,*,#9635,.F.);
#9637=ORIENTED_EDGE('5164',*,*,#7042,.F.);
#9638=EDGE_LOOP('4030',(#9629,#9630,#9631,#9632,#9634,#9636,#9637));
#9639=FACE_OUTER_BOUND('4030',#9638,.F.);
#9640=ADVANCED_FACE('4030',(#9639),#9627,.T.);
#9641=CARTESIAN_POINT('',(2.525E1,0.E0,-6.92E0));
#9642=DIRECTION('',(0.E0,0.E0,-1.E0));
#9643=DIRECTION('',(-1.E0,0.E0,0.E0));
#9644=AXIS2_PLACEMENT_3D('',#9641,#9642,#9643);
#9645=PLANE('3974',#9644);
#9647=ORIENTED_EDGE('5067',*,*,#9646,.T.);
#9648=ORIENTED_EDGE('5265',*,*,#8860,.T.);
#9649=ORIENTED_EDGE('5071',*,*,#9628,.F.);
#9650=ORIENTED_EDGE('5251',*,*,#7040,.F.);
#9651=EDGE_LOOP('3974',(#9647,#9648,#9649,#9650));
#9652=FACE_OUTER_BOUND('3974',#9651,.F.);
#9653=ADVANCED_FACE('3974',(#9652),#9645,.T.);
#9654=CARTESIAN_POINT('',(2.2435E1,0.E0,0.E0));
#9655=DIRECTION('',(1.E0,0.E0,0.E0));
#9656=DIRECTION('',(0.E0,0.E0,-1.E0));
#9657=AXIS2_PLACEMENT_3D('',#9654,#9655,#9656);
#9658=PLANE('4029',#9657);
#9659=ORIENTED_EDGE('5067',*,*,#9646,.F.);
#9660=ORIENTED_EDGE('5162',*,*,#7038,.T.);
#9662=ORIENTED_EDGE('4487',*,*,#9661,.T.);
#9664=ORIENTED_EDGE('4488',*,*,#9663,.T.);
#9665=ORIENTED_EDGE('4468',*,*,#9140,.F.);
#9667=ORIENTED_EDGE('5167',*,*,#9666,.F.);
#9668=ORIENTED_EDGE('5070',*,*,#8862,.T.);
#9669=EDGE_LOOP('4029',(#9659,#9660,#9662,#9664,#9665,#9667,#9668));
#9670=FACE_OUTER_BOUND('4029',#9669,.F.);
#9671=ADVANCED_FACE('4029',(#9670),#9658,.F.);
#9672=CARTESIAN_POINT('',(2.2435E1,0.E0,-7.314232007146E0));
#9673=DIRECTION('',(0.E0,5.233595624294E-2,-9.986295347546E-1));
#9674=DIRECTION('',(0.E0,9.986295347546E-1,5.233595624294E-2));
#9675=AXIS2_PLACEMENT_3D('',#9672,#9673,#9674);
#9676=PLANE('3710',#9675);
#9677=ORIENTED_EDGE('4458',*,*,#7044,.F.);
#9678=ORIENTED_EDGE('4491',*,*,#9635,.T.);
#9680=ORIENTED_EDGE('4454',*,*,#9679,.F.);
#9681=ORIENTED_EDGE('4487',*,*,#9661,.F.);
#9682=EDGE_LOOP('3710',(#9677,#9678,#9680,#9681));
#9683=FACE_OUTER_BOUND('3710',#9682,.F.);
#9684=ADVANCED_FACE('3710',(#9683),#9676,.F.);
#9685=CARTESIAN_POINT('',(2.2435E1,1.988865175595E0,-7.21E0));
#9686=DIRECTION('',(0.E0,9.848077530122E-1,-1.736481776669E-1));
#9687=DIRECTION('',(0.E0,1.736481776669E-1,9.848077530122E-1));
#9688=AXIS2_PLACEMENT_3D('',#9685,#9686,#9687);
#9689=PLANE('3711',#9688);
#9690=ORIENTED_EDGE('4470',*,*,#9142,.T.);
#9691=ORIENTED_EDGE('4488',*,*,#9663,.F.);
#9692=ORIENTED_EDGE('4454',*,*,#9679,.T.);
#9693=ORIENTED_EDGE('4492',*,*,#9633,.T.);
#9694=EDGE_LOOP('3711',(#9690,#9691,#9692,#9693));
#9695=FACE_OUTER_BOUND('3711',#9694,.F.);
#9696=ADVANCED_FACE('3711',(#9695),#9689,.F.);
#9697=CARTESIAN_POINT('',(-2.538286742683E1,1.8E0,-6.72E0));
#9698=DIRECTION('',(1.E0,0.E0,0.E0));
#9699=DIRECTION('',(0.E0,-1.E0,0.E0));
#9700=AXIS2_PLACEMENT_3D('',#9697,#9698,#9699);
#9701=CYLINDRICAL_SURFACE('3993',#9700,2.E-1);
#9702=ORIENTED_EDGE('5167',*,*,#9666,.T.);
#9703=ORIENTED_EDGE('4473',*,*,#9138,.T.);
#9705=ORIENTED_EDGE('4066',*,*,#9704,.F.);
#9706=ORIENTED_EDGE('5175',*,*,#8864,.F.);
#9707=EDGE_LOOP('3993',(#9702,#9703,#9705,#9706));
#9708=FACE_OUTER_BOUND('3993',#9707,.F.);
#9709=ADVANCED_FACE('3993',(#9708),#9701,.F.);
#9710=CARTESIAN_POINT('',(2.525E1,1.8E0,-6.42E0));
#9711=DIRECTION('',(0.E0,-1.E0,0.E0));
#9712=DIRECTION('',(-1.859749435136E-1,0.E0,-9.825544872347E-1));
#9713=AXIS2_PLACEMENT_3D('',#9710,#9711,#9712);
#9714=TOROIDAL_SURFACE('3601',#9713,3.E-1,2.E-1);
#9715=ORIENTED_EDGE('4063',*,*,#8866,.F.);
#9716=ORIENTED_EDGE('4066',*,*,#9704,.T.);
#9718=ORIENTED_EDGE('4064',*,*,#9717,.T.);
#9720=ORIENTED_EDGE('4072',*,*,#9719,.F.);
#9721=EDGE_LOOP('3601',(#9715,#9716,#9718,#9720));
#9722=FACE_OUTER_BOUND('3601',#9721,.F.);
#9723=ADVANCED_FACE('3601',(#9722),#9714,.F.);
#9724=CARTESIAN_POINT('',(2.525E1,2.795181631920E0,-6.42E0));
#9725=DIRECTION('',(0.E0,-1.E0,0.E0));
#9726=DIRECTION('',(0.E0,0.E0,-1.E0));
#9727=AXIS2_PLACEMENT_3D('',#9724,#9725,#9726);
#9728=CYLINDRICAL_SURFACE('3588',#9727,5.E-1);
#9729=ORIENTED_EDGE('4064',*,*,#9717,.F.);
#9730=ORIENTED_EDGE('4124',*,*,#9136,.F.);
#9732=ORIENTED_EDGE('4113',*,*,#9731,.T.);
#9734=ORIENTED_EDGE('4123',*,*,#9733,.T.);
#9735=EDGE_LOOP('3588',(#9729,#9730,#9732,#9734));
#9736=FACE_OUTER_BOUND('3588',#9735,.F.);
#9737=ADVANCED_FACE('3588',(#9736),#9728,.F.);
#9738=CARTESIAN_POINT('',(2.525E1,2.55E0,-6.42E0));
#9739=DIRECTION('',(0.E0,1.E0,0.E0));
#9740=DIRECTION('',(0.E0,0.E0,1.E0));
#9741=AXIS2_PLACEMENT_3D('',#9738,#9739,#9740);
#9742=CONICAL_SURFACE('3617',#9741,5.866025403784E-1,3.E1);
#9743=ORIENTED_EDGE('4113',*,*,#9731,.F.);
#9745=ORIENTED_EDGE('4116',*,*,#9744,.T.);
#9746=ORIENTED_EDGE('4114',*,*,#8452,.T.);
#9748=ORIENTED_EDGE('4115',*,*,#9747,.F.);
#9749=EDGE_LOOP('3617',(#9743,#9745,#9746,#9748));
#9750=FACE_OUTER_BOUND('3617',#9749,.F.);
#9751=ADVANCED_FACE('3617',(#9750),#9742,.F.);
#9752=CARTESIAN_POINT('',(2.525E1,2.7E0,-7.093205080757E0));
#9753=DIRECTION('',(0.E0,5.E-1,8.660254037844E-1));
#9754=DIRECTION('',(-1.E0,0.E0,0.E0));
#9755=AXIS2_PLACEMENT_3D('',#9752,#9753,#9754);
#9756=PLANE('3610',#9755);
#9757=ORIENTED_EDGE('4381',*,*,#8430,.F.);
#9758=ORIENTED_EDGE('4385',*,*,#8454,.F.);
#9759=ORIENTED_EDGE('4116',*,*,#9744,.F.);
#9760=ORIENTED_EDGE('4386',*,*,#9134,.T.);
#9761=EDGE_LOOP('3610',(#9757,#9758,#9759,#9760));
#9762=FACE_OUTER_BOUND('3610',#9761,.F.);
#9763=ADVANCED_FACE('3610',(#9762),#9756,.T.);
#9764=CARTESIAN_POINT('',(2.592320508076E1,2.7E0,6.42E0));
#9765=DIRECTION('',(-8.660254037844E-1,5.E-1,0.E0));
#9766=DIRECTION('',(0.E0,0.E0,-1.E0));
#9767=AXIS2_PLACEMENT_3D('',#9764,#9765,#9766);
#9768=PLANE('3616',#9767);
#9769=ORIENTED_EDGE('4110',*,*,#8450,.F.);
#9771=ORIENTED_EDGE('4112',*,*,#9770,.T.);
#9773=ORIENTED_EDGE('4111',*,*,#9772,.T.);
#9774=ORIENTED_EDGE('4115',*,*,#9747,.T.);
#9775=EDGE_LOOP('3616',(#9769,#9771,#9773,#9774));
#9776=FACE_OUTER_BOUND('3616',#9775,.F.);
#9777=ADVANCED_FACE('3616',(#9776),#9768,.T.);
#9778=CARTESIAN_POINT('',(2.525E1,2.55E0,6.42E0));
#9779=DIRECTION('',(0.E0,1.E0,0.E0));
#9780=DIRECTION('',(-1.E0,0.E0,0.E0));
#9781=AXIS2_PLACEMENT_3D('',#9778,#9779,#9780);
#9782=CONICAL_SURFACE('3615',#9781,5.866025403784E-1,3.E1);
#9784=ORIENTED_EDGE('4107',*,*,#9783,.F.);
#9785=ORIENTED_EDGE('4112',*,*,#9770,.F.);
#9786=ORIENTED_EDGE('4108',*,*,#8448,.T.);
#9788=ORIENTED_EDGE('4109',*,*,#9787,.F.);
#9789=EDGE_LOOP('3615',(#9784,#9785,#9786,#9788));
#9790=FACE_OUTER_BOUND('3615',#9789,.F.);
#9791=ADVANCED_FACE('3615',(#9790),#9782,.F.);
#9792=CARTESIAN_POINT('',(2.525E1,2.795181631920E0,6.42E0));
#9793=DIRECTION('',(0.E0,-1.E0,0.E0));
#9794=DIRECTION('',(1.E0,0.E0,0.E0));
#9795=AXIS2_PLACEMENT_3D('',#9792,#9793,#9794);
#9796=CYLINDRICAL_SURFACE('3589',#9795,5.E-1);
#9798=ORIENTED_EDGE('4060',*,*,#9797,.F.);
#9800=ORIENTED_EDGE('4122',*,*,#9799,.F.);
#9801=ORIENTED_EDGE('4107',*,*,#9783,.T.);
#9802=ORIENTED_EDGE('4121',*,*,#8740,.T.);
#9803=EDGE_LOOP('3589',(#9798,#9800,#9801,#9802));
#9804=FACE_OUTER_BOUND('3589',#9803,.F.);
#9805=ADVANCED_FACE('3589',(#9804),#9796,.F.);
#9806=CARTESIAN_POINT('',(2.525E1,1.8E0,6.42E0));
#9807=DIRECTION('',(0.E0,-1.E0,0.E0));
#9808=DIRECTION('',(9.825544872347E-1,0.E0,-1.859749435137E-1));
#9809=AXIS2_PLACEMENT_3D('',#9806,#9807,#9808);
#9810=TOROIDAL_SURFACE('3599',#9809,3.E-1,2.E-1);
#9811=ORIENTED_EDGE('4059',*,*,#8870,.F.);
#9813=ORIENTED_EDGE('4071',*,*,#9812,.T.);
#9814=ORIENTED_EDGE('4060',*,*,#9797,.T.);
#9816=ORIENTED_EDGE('4070',*,*,#9815,.F.);
#9817=EDGE_LOOP('3599',(#9811,#9813,#9814,#9816));
#9818=FACE_OUTER_BOUND('3599',#9817,.F.);
#9819=ADVANCED_FACE('3599',(#9818),#9810,.F.);
#9820=CARTESIAN_POINT('',(2.555E1,1.8E0,-6.552867426828E0));
#9821=DIRECTION('',(0.E0,0.E0,1.E0));
#9822=DIRECTION('',(0.E0,-1.E0,0.E0));
#9823=AXIS2_PLACEMENT_3D('',#9820,#9821,#9822);
#9824=CYLINDRICAL_SURFACE('3600',#9823,2.E-1);
#9825=ORIENTED_EDGE('4061',*,*,#8868,.F.);
#9826=ORIENTED_EDGE('4072',*,*,#9719,.T.);
#9828=ORIENTED_EDGE('4062',*,*,#9827,.T.);
#9829=ORIENTED_EDGE('4071',*,*,#9812,.F.);
#9830=EDGE_LOOP('3600',(#9825,#9826,#9828,#9829));
#9831=FACE_OUTER_BOUND('3600',#9830,.F.);
#9832=ADVANCED_FACE('3600',(#9831),#9824,.F.);
#9833=CARTESIAN_POINT('',(2.575E1,2.7E0,6.92E0));
#9834=DIRECTION('',(1.E0,0.E0,0.E0));
#9835=DIRECTION('',(0.E0,0.E0,-1.E0));
#9836=AXIS2_PLACEMENT_3D('',#9833,#9834,#9835);
#9837=PLANE('3583',#9836);
#9838=ORIENTED_EDGE('4062',*,*,#9827,.F.);
#9839=ORIENTED_EDGE('4123',*,*,#9733,.F.);
#9840=ORIENTED_EDGE('4111',*,*,#9772,.F.);
#9841=ORIENTED_EDGE('4122',*,*,#9799,.T.);
#9842=EDGE_LOOP('3583',(#9838,#9839,#9840,#9841));
#9843=FACE_OUTER_BOUND('3583',#9842,.F.);
#9844=ADVANCED_FACE('3583',(#9843),#9837,.F.);
#9845=CARTESIAN_POINT('',(2.538286742683E1,1.8E0,6.72E0));
#9846=DIRECTION('',(-1.E0,0.E0,0.E0));
#9847=DIRECTION('',(0.E0,-1.E0,0.E0));
#9848=AXIS2_PLACEMENT_3D('',#9845,#9846,#9847);
#9849=CYLINDRICAL_SURFACE('3598',#9848,2.E-1);
#9851=ORIENTED_EDGE('5171',*,*,#9850,.F.);
#9852=ORIENTED_EDGE('5176',*,*,#8872,.F.);
#9853=ORIENTED_EDGE('4070',*,*,#9815,.T.);
#9854=ORIENTED_EDGE('4474',*,*,#8738,.T.);
#9855=EDGE_LOOP('3598',(#9851,#9852,#9853,#9854));
#9856=FACE_OUTER_BOUND('3598',#9855,.F.);
#9857=ADVANCED_FACE('3598',(#9856),#9849,.F.);
#9858=CARTESIAN_POINT('',(2.2435E1,0.E0,0.E0));
#9859=DIRECTION('',(1.E0,0.E0,0.E0));
#9860=DIRECTION('',(0.E0,0.E0,-1.E0));
#9861=AXIS2_PLACEMENT_3D('',#9858,#9859,#9860);
#9862=PLANE('3706',#9861);
#9864=ORIENTED_EDGE('5068',*,*,#9863,.T.);
#9865=ORIENTED_EDGE('5069',*,*,#8874,.T.);
#9866=ORIENTED_EDGE('5171',*,*,#9850,.T.);
#9867=ORIENTED_EDGE('4462',*,*,#8736,.T.);
#9869=ORIENTED_EDGE('4485',*,*,#9868,.T.);
#9871=ORIENTED_EDGE('4486',*,*,#9870,.T.);
#9872=ORIENTED_EDGE('5161',*,*,#7032,.T.);
#9873=EDGE_LOOP('3706',(#9864,#9865,#9866,#9867,#9869,#9871,#9872));
#9874=FACE_OUTER_BOUND('3706',#9873,.F.);
#9875=ADVANCED_FACE('3706',(#9874),#9862,.F.);
#9876=CARTESIAN_POINT('',(-2.525E1,0.E0,6.92E0));
#9877=DIRECTION('',(0.E0,0.E0,1.E0));
#9878=DIRECTION('',(1.E0,0.E0,0.E0));
#9879=AXIS2_PLACEMENT_3D('',#9876,#9877,#9878);
#9880=PLANE('4048',#9879);
#9881=ORIENTED_EDGE('5068',*,*,#9863,.F.);
#9882=ORIENTED_EDGE('5264',*,*,#7030,.F.);
#9884=ORIENTED_EDGE('5072',*,*,#9883,.T.);
#9885=ORIENTED_EDGE('5278',*,*,#8876,.T.);
#9886=EDGE_LOOP('4048',(#9881,#9882,#9884,#9885));
#9887=FACE_OUTER_BOUND('4048',#9886,.F.);
#9888=ADVANCED_FACE('4048',(#9887),#9880,.T.);
#9889=CARTESIAN_POINT('',(1.8425E1,0.E0,0.E0));
#9890=DIRECTION('',(1.E0,0.E0,0.E0));
#9891=DIRECTION('',(0.E0,0.E0,-1.E0));
#9892=AXIS2_PLACEMENT_3D('',#9889,#9890,#9891);
#9893=PLANE('3707',#9892);
#9894=ORIENTED_EDGE('5072',*,*,#9883,.F.);
#9895=ORIENTED_EDGE('5163',*,*,#7028,.F.);
#9897=ORIENTED_EDGE('4490',*,*,#9896,.F.);
#9899=ORIENTED_EDGE('4489',*,*,#9898,.F.);
#9900=ORIENTED_EDGE('4463',*,*,#8732,.F.);
#9902=ORIENTED_EDGE('5172',*,*,#9901,.F.);
#9903=ORIENTED_EDGE('5073',*,*,#8878,.F.);
#9904=EDGE_LOOP('3707',(#9894,#9895,#9897,#9899,#9900,#9902,#9903));
#9905=FACE_OUTER_BOUND('3707',#9904,.F.);
#9906=ADVANCED_FACE('3707',(#9905),#9893,.T.);
#9907=CARTESIAN_POINT('',(2.2435E1,1.988865175595E0,7.21E0));
#9908=DIRECTION('',(0.E0,5.233595624294E-2,9.986295347546E-1));
#9909=DIRECTION('',(0.E0,-9.986295347546E-1,5.233595624294E-2));
#9910=AXIS2_PLACEMENT_3D('',#9907,#9908,#9909);
#9911=PLANE('3709',#9910);
#9912=ORIENTED_EDGE('4457',*,*,#7034,.T.);
#9913=ORIENTED_EDGE('4486',*,*,#9870,.F.);
#9915=ORIENTED_EDGE('4453',*,*,#9914,.T.);
#9916=ORIENTED_EDGE('4490',*,*,#9896,.T.);
#9917=EDGE_LOOP('3709',(#9912,#9913,#9915,#9916));
#9918=FACE_OUTER_BOUND('3709',#9917,.F.);
#9919=ADVANCED_FACE('3709',(#9918),#9911,.F.);
#9920=CARTESIAN_POINT('',(2.2435E1,2.04E0,6.92E0));
#9921=DIRECTION('',(0.E0,9.848077530122E-1,1.736481776669E-1));
#9922=DIRECTION('',(0.E0,-1.736481776669E-1,9.848077530122E-1));
#9923=AXIS2_PLACEMENT_3D('',#9920,#9921,#9922);
#9924=PLANE('3708',#9923);
#9925=ORIENTED_EDGE('4464',*,*,#8734,.F.);
#9926=ORIENTED_EDGE('4489',*,*,#9898,.T.);
#9927=ORIENTED_EDGE('4453',*,*,#9914,.F.);
#9928=ORIENTED_EDGE('4485',*,*,#9868,.F.);
#9929=EDGE_LOOP('3708',(#9925,#9926,#9927,#9928));
#9930=FACE_OUTER_BOUND('3708',#9929,.F.);
#9931=ADVANCED_FACE('3708',(#9930),#9924,.F.);
#9932=CARTESIAN_POINT('',(2.538286742683E1,1.8E0,6.72E0));
#9933=DIRECTION('',(-1.E0,0.E0,0.E0));
#9934=DIRECTION('',(0.E0,-1.E0,0.E0));
#9935=AXIS2_PLACEMENT_3D('',#9932,#9933,#9934);
#9936=CYLINDRICAL_SURFACE('3994',#9935,2.E-1);
#9938=ORIENTED_EDGE('5169',*,*,#9937,.F.);
#9939=ORIENTED_EDGE('5177',*,*,#8880,.F.);
#9940=ORIENTED_EDGE('5172',*,*,#9901,.T.);
#9941=ORIENTED_EDGE('4475',*,*,#8730,.T.);
#9942=EDGE_LOOP('3994',(#9938,#9939,#9940,#9941));
#9943=FACE_OUTER_BOUND('3994',#9942,.F.);
#9944=ADVANCED_FACE('3994',(#9943),#9936,.F.);
#9945=CARTESIAN_POINT('',(1.5625E1,0.E0,0.E0));
#9946=DIRECTION('',(1.E0,0.E0,0.E0));
#9947=DIRECTION('',(0.E0,0.E0,-1.E0));
#9948=AXIS2_PLACEMENT_3D('',#9945,#9946,#9947);
#9949=PLANE('3700',#9948);
#9951=ORIENTED_EDGE('5060',*,*,#9950,.T.);
#9952=ORIENTED_EDGE('5061',*,*,#8882,.T.);
#9953=ORIENTED_EDGE('5169',*,*,#9937,.T.);
#9954=ORIENTED_EDGE('4459',*,*,#8728,.T.);
#9956=ORIENTED_EDGE('4477',*,*,#9955,.T.);
#9958=ORIENTED_EDGE('4478',*,*,#9957,.T.);
#9959=ORIENTED_EDGE('5157',*,*,#7012,.T.);
#9960=EDGE_LOOP('3700',(#9951,#9952,#9953,#9954,#9956,#9958,#9959));
#9961=FACE_OUTER_BOUND('3700',#9960,.F.);
#9962=ADVANCED_FACE('3700',(#9961),#9949,.F.);
#9963=CARTESIAN_POINT('',(-2.525E1,0.E0,6.92E0));
#9964=DIRECTION('',(0.E0,0.E0,1.E0));
#9965=DIRECTION('',(1.E0,0.E0,0.E0));
#9966=AXIS2_PLACEMENT_3D('',#9963,#9964,#9965);
#9967=PLANE('4047',#9966);
#9968=ORIENTED_EDGE('5060',*,*,#9950,.F.);
#9969=ORIENTED_EDGE('5263',*,*,#7010,.F.);
#9971=ORIENTED_EDGE('5064',*,*,#9970,.T.);
#9972=ORIENTED_EDGE('5277',*,*,#8884,.T.);
#9973=EDGE_LOOP('4047',(#9968,#9969,#9971,#9972));
#9974=FACE_OUTER_BOUND('4047',#9973,.F.);
#9975=ADVANCED_FACE('4047',(#9974),#9967,.T.);
#9976=CARTESIAN_POINT('',(1.1615E1,0.E0,0.E0));
#9977=DIRECTION('',(1.E0,0.E0,0.E0));
#9978=DIRECTION('',(0.E0,0.E0,-1.E0));
#9979=AXIS2_PLACEMENT_3D('',#9976,#9977,#9978);
#9980=PLANE('3701',#9979);
#9981=ORIENTED_EDGE('5064',*,*,#9970,.F.);
#9982=ORIENTED_EDGE('5159',*,*,#7008,.F.);
#9984=ORIENTED_EDGE('4482',*,*,#9983,.F.);
#9986=ORIENTED_EDGE('4481',*,*,#9985,.F.);
#9987=ORIENTED_EDGE('4460',*,*,#8724,.F.);
#9989=ORIENTED_EDGE('5170',*,*,#9988,.F.);
#9990=ORIENTED_EDGE('5065',*,*,#8886,.F.);
#9991=EDGE_LOOP('3701',(#9981,#9982,#9984,#9986,#9987,#9989,#9990));
#9992=FACE_OUTER_BOUND('3701',#9991,.F.);
#9993=ADVANCED_FACE('3701',(#9992),#9980,.T.);
#9994=CARTESIAN_POINT('',(1.5625E1,1.988865175595E0,7.21E0));
#9995=DIRECTION('',(0.E0,5.233595624294E-2,9.986295347546E-1));
#9996=DIRECTION('',(0.E0,-9.986295347546E-1,5.233595624294E-2));
#9997=AXIS2_PLACEMENT_3D('',#9994,#9995,#9996);
#9998=PLANE('3703',#9997);
#9999=ORIENTED_EDGE('4455',*,*,#7014,.T.);
#10000=ORIENTED_EDGE('4478',*,*,#9957,.F.);
#10002=ORIENTED_EDGE('4451',*,*,#10001,.T.);
#10003=ORIENTED_EDGE('4482',*,*,#9983,.T.);
#10004=EDGE_LOOP('3703',(#9999,#10000,#10002,#10003));
#10005=FACE_OUTER_BOUND('3703',#10004,.F.);
#10006=ADVANCED_FACE('3703',(#10005),#9998,.F.);
#10007=CARTESIAN_POINT('',(1.5625E1,2.04E0,6.92E0));
#10008=DIRECTION('',(0.E0,9.848077530122E-1,1.736481776669E-1));
#10009=DIRECTION('',(0.E0,-1.736481776669E-1,9.848077530122E-1));
#10010=AXIS2_PLACEMENT_3D('',#10007,#10008,#10009);
#10011=PLANE('3702',#10010);
#10012=ORIENTED_EDGE('4461',*,*,#8726,.F.);
#10013=ORIENTED_EDGE('4481',*,*,#9985,.T.);
#10014=ORIENTED_EDGE('4451',*,*,#10001,.F.);
#10015=ORIENTED_EDGE('4477',*,*,#9955,.F.);
#10016=EDGE_LOOP('3702',(#10012,#10013,#10014,#10015));
#10017=FACE_OUTER_BOUND('3702',#10016,.F.);
#10018=ADVANCED_FACE('3702',(#10017),#10011,.F.);
#10019=CARTESIAN_POINT('',(2.538286742683E1,1.8E0,6.72E0));
#10020=DIRECTION('',(-1.E0,0.E0,0.E0));
#10021=DIRECTION('',(0.E0,-1.E0,0.E0));
#10022=AXIS2_PLACEMENT_3D('',#10019,#10020,#10021);
#10023=CYLINDRICAL_SURFACE('3995',#10022,2.E-1);
#10025=ORIENTED_EDGE('5153',*,*,#10024,.F.);
#10026=ORIENTED_EDGE('5178',*,*,#8888,.F.);
#10027=ORIENTED_EDGE('5170',*,*,#9988,.T.);
#10028=ORIENTED_EDGE('4476',*,*,#8722,.T.);
#10029=EDGE_LOOP('3995',(#10025,#10026,#10027,#10028));
#10030=FACE_OUTER_BOUND('3995',#10029,.F.);
#10031=ADVANCED_FACE('3995',(#10030),#10023,.F.);
#10032=CARTESIAN_POINT('',(8.815E0,0.E0,0.E0));
#10033=DIRECTION('',(1.E0,0.E0,0.E0));
#10034=DIRECTION('',(0.E0,0.E0,-1.E0));
#10035=AXIS2_PLACEMENT_3D('',#10032,#10033,#10034);
#10036=PLANE('3694',#10035);
#10038=ORIENTED_EDGE('5052',*,*,#10037,.T.);
#10039=ORIENTED_EDGE('5053',*,*,#8890,.T.);
#10040=ORIENTED_EDGE('5153',*,*,#10024,.T.);
#10041=ORIENTED_EDGE('4435',*,*,#8720,.T.);
#10043=ORIENTED_EDGE('4443',*,*,#10042,.T.);
#10045=ORIENTED_EDGE('4444',*,*,#10044,.T.);
#10046=ORIENTED_EDGE('5147',*,*,#6992,.T.);
#10047=EDGE_LOOP('3694',(#10038,#10039,#10040,#10041,#10043,#10045,#10046));
#10048=FACE_OUTER_BOUND('3694',#10047,.F.);
#10049=ADVANCED_FACE('3694',(#10048),#10036,.F.);
#10050=CARTESIAN_POINT('',(-2.525E1,0.E0,6.92E0));
#10051=DIRECTION('',(0.E0,0.E0,1.E0));
#10052=DIRECTION('',(1.E0,0.E0,0.E0));
#10053=AXIS2_PLACEMENT_3D('',#10050,#10051,#10052);
#10054=PLANE('4046',#10053);
#10055=ORIENTED_EDGE('5052',*,*,#10037,.F.);
#10056=ORIENTED_EDGE('5262',*,*,#6990,.F.);
#10058=ORIENTED_EDGE('5056',*,*,#10057,.T.);
#10059=ORIENTED_EDGE('5276',*,*,#8892,.T.);
#10060=EDGE_LOOP('4046',(#10055,#10056,#10058,#10059));
#10061=FACE_OUTER_BOUND('4046',#10060,.F.);
#10062=ADVANCED_FACE('4046',(#10061),#10054,.T.);
#10063=CARTESIAN_POINT('',(4.805E0,0.E0,0.E0));
#10064=DIRECTION('',(1.E0,0.E0,0.E0));
#10065=DIRECTION('',(0.E0,0.E0,-1.E0));
#10066=AXIS2_PLACEMENT_3D('',#10063,#10064,#10065);
#10067=PLANE('3695',#10066);
#10068=ORIENTED_EDGE('5056',*,*,#10057,.F.);
#10069=ORIENTED_EDGE('5149',*,*,#6988,.F.);
#10071=ORIENTED_EDGE('4448',*,*,#10070,.F.);
#10073=ORIENTED_EDGE('4447',*,*,#10072,.F.);
#10074=ORIENTED_EDGE('4436',*,*,#8716,.F.);
#10076=ORIENTED_EDGE('5154',*,*,#10075,.F.);
#10077=ORIENTED_EDGE('5057',*,*,#8894,.F.);
#10078=EDGE_LOOP('3695',(#10068,#10069,#10071,#10073,#10074,#10076,#10077));
#10079=FACE_OUTER_BOUND('3695',#10078,.F.);
#10080=ADVANCED_FACE('3695',(#10079),#10067,.T.);
#10081=CARTESIAN_POINT('',(8.815E0,1.988865175595E0,7.21E0));
#10082=DIRECTION('',(0.E0,5.233595624294E-2,9.986295347546E-1));
#10083=DIRECTION('',(0.E0,-9.986295347546E-1,5.233595624294E-2));
#10084=AXIS2_PLACEMENT_3D('',#10081,#10082,#10083);
#10085=PLANE('3697',#10084);
#10086=ORIENTED_EDGE('4433',*,*,#6994,.T.);
#10087=ORIENTED_EDGE('4444',*,*,#10044,.F.);
#10089=ORIENTED_EDGE('4431',*,*,#10088,.T.);
#10090=ORIENTED_EDGE('4448',*,*,#10070,.T.);
#10091=EDGE_LOOP('3697',(#10086,#10087,#10089,#10090));
#10092=FACE_OUTER_BOUND('3697',#10091,.F.);
#10093=ADVANCED_FACE('3697',(#10092),#10085,.F.);
#10094=CARTESIAN_POINT('',(8.815E0,2.04E0,6.92E0));
#10095=DIRECTION('',(0.E0,9.848077530122E-1,1.736481776669E-1));
#10096=DIRECTION('',(0.E0,-1.736481776669E-1,9.848077530122E-1));
#10097=AXIS2_PLACEMENT_3D('',#10094,#10095,#10096);
#10098=PLANE('3696',#10097);
#10099=ORIENTED_EDGE('4437',*,*,#8718,.F.);
#10100=ORIENTED_EDGE('4447',*,*,#10072,.T.);
#10101=ORIENTED_EDGE('4431',*,*,#10088,.F.);
#10102=ORIENTED_EDGE('4443',*,*,#10042,.F.);
#10103=EDGE_LOOP('3696',(#10099,#10100,#10101,#10102));
#10104=FACE_OUTER_BOUND('3696',#10103,.F.);
#10105=ADVANCED_FACE('3696',(#10104),#10098,.F.);
#10106=CARTESIAN_POINT('',(2.538286742683E1,1.8E0,6.72E0));
#10107=DIRECTION('',(-1.E0,0.E0,0.E0));
#10108=DIRECTION('',(0.E0,-1.E0,0.E0));
#10109=AXIS2_PLACEMENT_3D('',#10106,#10107,#10108);
#10110=CYLINDRICAL_SURFACE('3996',#10109,2.E-1);
#10112=ORIENTED_EDGE('5145',*,*,#10111,.F.);
#10113=ORIENTED_EDGE('5156',*,*,#8896,.F.);
#10114=ORIENTED_EDGE('5154',*,*,#10075,.T.);
#10115=ORIENTED_EDGE('4442',*,*,#8714,.T.);
#10116=EDGE_LOOP('3996',(#10112,#10113,#10114,#10115));
#10117=FACE_OUTER_BOUND('3996',#10116,.F.);
#10118=ADVANCED_FACE('3996',(#10117),#10110,.F.);
#10119=CARTESIAN_POINT('',(2.005E0,0.E0,0.E0));
#10120=DIRECTION('',(1.E0,0.E0,0.E0));
#10121=DIRECTION('',(0.E0,0.E0,-1.E0));
#10122=AXIS2_PLACEMENT_3D('',#10119,#10120,#10121);
#10123=PLANE('3656',#10122);
#10125=ORIENTED_EDGE('5044',*,*,#10124,.T.);
#10126=ORIENTED_EDGE('5045',*,*,#8898,.T.);
#10127=ORIENTED_EDGE('5145',*,*,#10111,.T.);
#10128=ORIENTED_EDGE('4237',*,*,#8712,.T.);
#10130=ORIENTED_EDGE('4243',*,*,#10129,.T.);
#10132=ORIENTED_EDGE('4244',*,*,#10131,.T.);
#10133=ORIENTED_EDGE('5139',*,*,#6972,.T.);
#10134=EDGE_LOOP('3656',(#10125,#10126,#10127,#10128,#10130,#10132,#10133));
#10135=FACE_OUTER_BOUND('3656',#10134,.F.);
#10136=ADVANCED_FACE('3656',(#10135),#10123,.F.);
#10137=CARTESIAN_POINT('',(-2.525E1,0.E0,6.92E0));
#10138=DIRECTION('',(0.E0,0.E0,1.E0));
#10139=DIRECTION('',(1.E0,0.E0,0.E0));
#10140=AXIS2_PLACEMENT_3D('',#10137,#10138,#10139);
#10141=PLANE('4045',#10140);
#10142=ORIENTED_EDGE('5044',*,*,#10124,.F.);
#10143=ORIENTED_EDGE('5261',*,*,#6970,.F.);
#10145=ORIENTED_EDGE('5048',*,*,#10144,.T.);
#10146=ORIENTED_EDGE('5275',*,*,#8900,.T.);
#10147=EDGE_LOOP('4045',(#10142,#10143,#10145,#10146));
#10148=FACE_OUTER_BOUND('4045',#10147,.F.);
#10149=ADVANCED_FACE('4045',(#10148),#10141,.T.);
#10150=CARTESIAN_POINT('',(-2.005E0,0.E0,0.E0));
#10151=DIRECTION('',(1.E0,0.E0,0.E0));
#10152=DIRECTION('',(0.E0,0.E0,-1.E0));
#10153=AXIS2_PLACEMENT_3D('',#10150,#10151,#10152);
#10154=PLANE('3657',#10153);
#10155=ORIENTED_EDGE('5048',*,*,#10144,.F.);
#10156=ORIENTED_EDGE('5141',*,*,#6968,.F.);
#10158=ORIENTED_EDGE('4248',*,*,#10157,.F.);
#10160=ORIENTED_EDGE('4247',*,*,#10159,.F.);
#10161=ORIENTED_EDGE('4238',*,*,#8708,.F.);
#10163=ORIENTED_EDGE('5146',*,*,#10162,.F.);
#10164=ORIENTED_EDGE('5049',*,*,#8902,.F.);
#10165=EDGE_LOOP('3657',(#10155,#10156,#10158,#10160,#10161,#10163,#10164));
#10166=FACE_OUTER_BOUND('3657',#10165,.F.);
#10167=ADVANCED_FACE('3657',(#10166),#10154,.T.);
#10168=CARTESIAN_POINT('',(2.005E0,1.988865175595E0,7.21E0));
#10169=DIRECTION('',(0.E0,5.233595624294E-2,9.986295347546E-1));
#10170=DIRECTION('',(0.E0,-9.986295347546E-1,5.233595624294E-2));
#10171=AXIS2_PLACEMENT_3D('',#10168,#10169,#10170);
#10172=PLANE('3659',#10171);
#10173=ORIENTED_EDGE('4235',*,*,#6974,.T.);
#10174=ORIENTED_EDGE('4244',*,*,#10131,.F.);
#10176=ORIENTED_EDGE('4233',*,*,#10175,.T.);
#10177=ORIENTED_EDGE('4248',*,*,#10157,.T.);
#10178=EDGE_LOOP('3659',(#10173,#10174,#10176,#10177));
#10179=FACE_OUTER_BOUND('3659',#10178,.F.);
#10180=ADVANCED_FACE('3659',(#10179),#10172,.F.);
#10181=CARTESIAN_POINT('',(2.005E0,2.04E0,6.92E0));
#10182=DIRECTION('',(0.E0,9.848077530122E-1,1.736481776669E-1));
#10183=DIRECTION('',(0.E0,-1.736481776669E-1,9.848077530122E-1));
#10184=AXIS2_PLACEMENT_3D('',#10181,#10182,#10183);
#10185=PLANE('3658',#10184);
#10186=ORIENTED_EDGE('4239',*,*,#8710,.F.);
#10187=ORIENTED_EDGE('4247',*,*,#10159,.T.);
#10188=ORIENTED_EDGE('4233',*,*,#10175,.F.);
#10189=ORIENTED_EDGE('4243',*,*,#10129,.F.);
#10190=EDGE_LOOP('3658',(#10186,#10187,#10188,#10189));
#10191=FACE_OUTER_BOUND('3658',#10190,.F.);
#10192=ADVANCED_FACE('3658',(#10191),#10185,.F.);
#10193=CARTESIAN_POINT('',(2.538286742683E1,1.8E0,6.72E0));
#10194=DIRECTION('',(-1.E0,0.E0,0.E0));
#10195=DIRECTION('',(0.E0,-1.E0,0.E0));
#10196=AXIS2_PLACEMENT_3D('',#10193,#10194,#10195);
#10197=CYLINDRICAL_SURFACE('3997',#10196,2.E-1);
#10198=ORIENTED_EDGE('5146',*,*,#10162,.T.);
#10199=ORIENTED_EDGE('4504',*,*,#8706,.T.);
#10201=ORIENTED_EDGE('5186',*,*,#10200,.F.);
#10202=ORIENTED_EDGE('5188',*,*,#8904,.F.);
#10203=EDGE_LOOP('3997',(#10198,#10199,#10201,#10202));
#10204=FACE_OUTER_BOUND('3997',#10203,.F.);
#10205=ADVANCED_FACE('3997',(#10204),#10197,.F.);
#10206=CARTESIAN_POINT('',(-4.805E0,0.E0,0.E0));
#10207=DIRECTION('',(1.E0,0.E0,0.E0));
#10208=DIRECTION('',(0.E0,0.E0,-1.E0));
#10209=AXIS2_PLACEMENT_3D('',#10206,#10207,#10208);
#10210=PLANE('3713',#10209);
#10212=ORIENTED_EDGE('5080',*,*,#10211,.T.);
#10213=ORIENTED_EDGE('5081',*,*,#8906,.T.);
#10214=ORIENTED_EDGE('5186',*,*,#10200,.T.);
#10215=ORIENTED_EDGE('4498',*,*,#8704,.T.);
#10217=ORIENTED_EDGE('4509',*,*,#10216,.T.);
#10219=ORIENTED_EDGE('4510',*,*,#10218,.T.);
#10220=ORIENTED_EDGE('5181',*,*,#7052,.T.);
#10221=EDGE_LOOP('3713',(#10212,#10213,#10214,#10215,#10217,#10219,#10220));
#10222=FACE_OUTER_BOUND('3713',#10221,.F.);
#10223=ADVANCED_FACE('3713',(#10222),#10210,.F.);
#10224=CARTESIAN_POINT('',(-2.525E1,0.E0,6.92E0));
#10225=DIRECTION('',(0.E0,0.E0,1.E0));
#10226=DIRECTION('',(1.E0,0.E0,0.E0));
#10227=AXIS2_PLACEMENT_3D('',#10224,#10225,#10226);
#10228=PLANE('4044',#10227);
#10230=ORIENTED_EDGE('5076',*,*,#10229,.T.);
#10231=ORIENTED_EDGE('5274',*,*,#8908,.T.);
#10232=ORIENTED_EDGE('5080',*,*,#10211,.F.);
#10233=ORIENTED_EDGE('5260',*,*,#7050,.F.);
#10234=EDGE_LOOP('4044',(#10230,#10231,#10232,#10233));
#10235=FACE_OUTER_BOUND('4044',#10234,.F.);
#10236=ADVANCED_FACE('4044',(#10235),#10228,.T.);
#10237=CARTESIAN_POINT('',(-8.815E0,0.E0,0.E0));
#10238=DIRECTION('',(1.E0,0.E0,0.E0));
#10239=DIRECTION('',(0.E0,0.E0,-1.E0));
#10240=AXIS2_PLACEMENT_3D('',#10237,#10238,#10239);
#10241=PLANE('3712',#10240);
#10242=ORIENTED_EDGE('5076',*,*,#10229,.F.);
#10243=ORIENTED_EDGE('5179',*,*,#7048,.F.);
#10245=ORIENTED_EDGE('4506',*,*,#10244,.F.);
#10247=ORIENTED_EDGE('4505',*,*,#10246,.F.);
#10248=ORIENTED_EDGE('4497',*,*,#8700,.F.);
#10250=ORIENTED_EDGE('5185',*,*,#10249,.F.);
#10251=ORIENTED_EDGE('5077',*,*,#8910,.F.);
#10252=EDGE_LOOP('3712',(#10242,#10243,#10245,#10247,#10248,#10250,#10251));
#10253=FACE_OUTER_BOUND('3712',#10252,.F.);
#10254=ADVANCED_FACE('3712',(#10253),#10241,.T.);
#10255=CARTESIAN_POINT('',(-8.815E0,1.988865175595E0,7.21E0));
#10256=DIRECTION('',(0.E0,-5.233595624294E-2,-9.986295347546E-1));
#10257=DIRECTION('',(0.E0,-9.986295347546E-1,5.233595624294E-2));
#10258=AXIS2_PLACEMENT_3D('',#10255,#10256,#10257);
#10259=PLANE('3715',#10258);
#10260=ORIENTED_EDGE('4495',*,*,#7054,.F.);
#10261=ORIENTED_EDGE('4510',*,*,#10218,.F.);
#10263=ORIENTED_EDGE('4493',*,*,#10262,.F.);
#10264=ORIENTED_EDGE('4506',*,*,#10244,.T.);
#10265=EDGE_LOOP('3715',(#10260,#10261,#10263,#10264));
#10266=FACE_OUTER_BOUND('3715',#10265,.F.);
#10267=ADVANCED_FACE('3715',(#10266),#10259,.T.);
#10268=CARTESIAN_POINT('',(-8.815E0,2.04E0,6.92E0));
#10269=DIRECTION('',(0.E0,-9.848077530122E-1,-1.736481776669E-1));
#10270=DIRECTION('',(0.E0,-1.736481776669E-1,9.848077530122E-1));
#10271=AXIS2_PLACEMENT_3D('',#10268,#10269,#10270);
#10272=PLANE('3714',#10271);
#10273=ORIENTED_EDGE('4499',*,*,#8702,.T.);
#10274=ORIENTED_EDGE('4505',*,*,#10246,.T.);
#10275=ORIENTED_EDGE('4493',*,*,#10262,.T.);
#10276=ORIENTED_EDGE('4509',*,*,#10216,.F.);
#10277=EDGE_LOOP('3714',(#10273,#10274,#10275,#10276));
#10278=FACE_OUTER_BOUND('3714',#10277,.F.);
#10279=ADVANCED_FACE('3714',(#10278),#10272,.T.);
#10280=CARTESIAN_POINT('',(2.538286742683E1,1.8E0,6.72E0));
#10281=DIRECTION('',(-1.E0,0.E0,0.E0));
#10282=DIRECTION('',(0.E0,-1.E0,0.E0));
#10283=AXIS2_PLACEMENT_3D('',#10280,#10281,#10282);
#10284=CYLINDRICAL_SURFACE('3998',#10283,2.E-1);
#10285=ORIENTED_EDGE('5185',*,*,#10249,.T.);
#10286=ORIENTED_EDGE('4536',*,*,#8698,.T.);
#10288=ORIENTED_EDGE('5202',*,*,#10287,.F.);
#10289=ORIENTED_EDGE('5208',*,*,#8912,.F.);
#10290=EDGE_LOOP('3998',(#10285,#10286,#10288,#10289));
#10291=FACE_OUTER_BOUND('3998',#10290,.F.);
#10292=ADVANCED_FACE('3998',(#10291),#10284,.F.);
#10293=CARTESIAN_POINT('',(-1.1615E1,0.E0,0.E0));
#10294=DIRECTION('',(1.E0,0.E0,0.E0));
#10295=DIRECTION('',(0.E0,0.E0,-1.E0));
#10296=AXIS2_PLACEMENT_3D('',#10293,#10294,#10295);
#10297=PLANE('3719',#10296);
#10298=ORIENTED_EDGE('5088',*,*,#8797,.T.);
#10299=ORIENTED_EDGE('5089',*,*,#8914,.T.);
#10300=ORIENTED_EDGE('5202',*,*,#10287,.T.);
#10301=ORIENTED_EDGE('4522',*,*,#8696,.T.);
#10303=ORIENTED_EDGE('4543',*,*,#10302,.T.);
#10305=ORIENTED_EDGE('4544',*,*,#10304,.T.);
#10306=ORIENTED_EDGE('5191',*,*,#7072,.T.);
#10307=EDGE_LOOP('3719',(#10298,#10299,#10300,#10301,#10303,#10305,#10306));
#10308=FACE_OUTER_BOUND('3719',#10307,.F.);
#10309=ADVANCED_FACE('3719',(#10308),#10297,.F.);
#10310=CARTESIAN_POINT('',(-1.5625E1,2.04E0,6.92E0));
#10311=DIRECTION('',(0.E0,-9.848077530122E-1,-1.736481776669E-1));
#10312=DIRECTION('',(0.E0,-1.736481776669E-1,9.848077530122E-1));
#10313=AXIS2_PLACEMENT_3D('',#10310,#10311,#10312);
#10314=PLANE('3720',#10313);
#10315=ORIENTED_EDGE('4523',*,*,#8694,.T.);
#10316=ORIENTED_EDGE('4539',*,*,#8779,.T.);
#10318=ORIENTED_EDGE('4513',*,*,#10317,.T.);
#10319=ORIENTED_EDGE('4543',*,*,#10302,.F.);
#10320=EDGE_LOOP('3720',(#10315,#10316,#10318,#10319));
#10321=FACE_OUTER_BOUND('3720',#10320,.F.);
#10322=ADVANCED_FACE('3720',(#10321),#10314,.T.);
#10323=CARTESIAN_POINT('',(-1.5625E1,1.988865175595E0,7.21E0));
#10324=DIRECTION('',(0.E0,-5.233595624294E-2,-9.986295347546E-1));
#10325=DIRECTION('',(0.E0,-9.986295347546E-1,5.233595624294E-2));
#10326=AXIS2_PLACEMENT_3D('',#10323,#10324,#10325);
#10327=PLANE('3721',#10326);
#10328=ORIENTED_EDGE('4517',*,*,#7074,.F.);
#10329=ORIENTED_EDGE('4544',*,*,#10304,.F.);
#10330=ORIENTED_EDGE('4513',*,*,#10317,.F.);
#10331=ORIENTED_EDGE('4540',*,*,#8777,.T.);
#10332=EDGE_LOOP('3721',(#10328,#10329,#10330,#10331));
#10333=FACE_OUTER_BOUND('3721',#10332,.F.);
#10334=ADVANCED_FACE('3721',(#10333),#10327,.T.);
#10335=CARTESIAN_POINT('',(-2.525E1,2.7E0,7.093205080757E0));
#10336=DIRECTION('',(0.E0,5.E-1,-8.660254037844E-1));
#10337=DIRECTION('',(1.E0,0.E0,0.E0));
#10338=AXIS2_PLACEMENT_3D('',#10335,#10336,#10337);
#10339=PLANE('4012',#10338);
#10340=ORIENTED_EDGE('4383',*,*,#8521,.T.);
#10341=ORIENTED_EDGE('4388',*,*,#8742,.T.);
#10342=ORIENTED_EDGE('4109',*,*,#9787,.T.);
#10343=ORIENTED_EDGE('4387',*,*,#8446,.F.);
#10344=EDGE_LOOP('4012',(#10340,#10341,#10342,#10343));
#10345=FACE_OUTER_BOUND('4012',#10344,.F.);
#10346=ADVANCED_FACE('4012',(#10345),#10339,.T.);
#10347=CARTESIAN_POINT('',(-2.538286742683E1,1.8E0,-6.72E0));
#10348=DIRECTION('',(1.E0,0.E0,0.E0));
#10349=DIRECTION('',(0.E0,-1.E0,0.E0));
#10350=AXIS2_PLACEMENT_3D('',#10347,#10348,#10349);
#10351=CYLINDRICAL_SURFACE('3987',#10350,2.E-1);
#10352=ORIENTED_EDGE('5197',*,*,#9195,.F.);
#10353=ORIENTED_EDGE('5206',*,*,#8816,.F.);
#10354=ORIENTED_EDGE('5200',*,*,#9077,.T.);
#10355=ORIENTED_EDGE('4534',*,*,#9116,.T.);
#10356=EDGE_LOOP('3987',(#10352,#10353,#10354,#10355));
#10357=FACE_OUTER_BOUND('3987',#10356,.F.);
#10358=ADVANCED_FACE('3987',(#10357),#10351,.F.);
#10359=CARTESIAN_POINT('',(-2.525E1,2.795181631920E0,-6.42E0));
#10360=DIRECTION('',(0.E0,-1.E0,0.E0));
#10361=DIRECTION('',(-1.E0,0.E0,0.E0));
#10362=AXIS2_PLACEMENT_3D('',#10359,#10360,#10361);
#10363=CYLINDRICAL_SURFACE('3586',#10362,5.E-1);
#10365=ORIENTED_EDGE('4054',*,*,#10364,.F.);
#10367=ORIENTED_EDGE('4118',*,*,#10366,.F.);
#10369=ORIENTED_EDGE('4097',*,*,#10368,.T.);
#10370=ORIENTED_EDGE('4117',*,*,#9122,.T.);
#10371=EDGE_LOOP('3586',(#10365,#10367,#10369,#10370));
#10372=FACE_OUTER_BOUND('3586',#10371,.F.);
#10373=ADVANCED_FACE('3586',(#10372),#10363,.F.);
#10374=CARTESIAN_POINT('',(-2.525E1,1.8E0,-6.42E0));
#10375=DIRECTION('',(0.E0,-1.E0,0.E0));
#10376=DIRECTION('',(-9.825544872347E-1,0.E0,1.859749435137E-1));
#10377=AXIS2_PLACEMENT_3D('',#10374,#10375,#10376);
#10378=TOROIDAL_SURFACE('3595',#10377,3.E-1,2.E-1);
#10379=ORIENTED_EDGE('4053',*,*,#8932,.F.);
#10381=ORIENTED_EDGE('4067',*,*,#10380,.T.);
#10382=ORIENTED_EDGE('4054',*,*,#10364,.T.);
#10383=ORIENTED_EDGE('4065',*,*,#9025,.F.);
#10384=EDGE_LOOP('3595',(#10379,#10381,#10382,#10383));
#10385=FACE_OUTER_BOUND('3595',#10384,.F.);
#10386=ADVANCED_FACE('3595',(#10385),#10378,.F.);
#10387=CARTESIAN_POINT('',(-2.555E1,1.8E0,6.552867426828E0));
#10388=DIRECTION('',(0.E0,0.E0,-1.E0));
#10389=DIRECTION('',(0.E0,-1.E0,0.E0));
#10390=AXIS2_PLACEMENT_3D('',#10387,#10388,#10389);
#10391=CYLINDRICAL_SURFACE('3596',#10390,2.E-1);
#10392=ORIENTED_EDGE('4055',*,*,#8930,.F.);
#10394=ORIENTED_EDGE('4068',*,*,#10393,.T.);
#10396=ORIENTED_EDGE('4056',*,*,#10395,.T.);
#10397=ORIENTED_EDGE('4067',*,*,#10380,.F.);
#10398=EDGE_LOOP('3596',(#10392,#10394,#10396,#10397));
#10399=FACE_OUTER_BOUND('3596',#10398,.F.);
#10400=ADVANCED_FACE('3596',(#10399),#10391,.F.);
#10401=CARTESIAN_POINT('',(-2.525E1,1.8E0,6.42E0));
#10402=DIRECTION('',(0.E0,-1.E0,0.E0));
#10403=DIRECTION('',(1.859749435136E-1,0.E0,9.825544872347E-1));
#10404=AXIS2_PLACEMENT_3D('',#10401,#10402,#10403);
#10405=TOROIDAL_SURFACE('3597',#10404,3.E-1,2.E-1);
#10406=ORIENTED_EDGE('4057',*,*,#8928,.F.);
#10408=ORIENTED_EDGE('4069',*,*,#10407,.T.);
#10410=ORIENTED_EDGE('4058',*,*,#10409,.T.);
#10411=ORIENTED_EDGE('4068',*,*,#10393,.F.);
#10412=EDGE_LOOP('3597',(#10406,#10408,#10410,#10411));
#10413=FACE_OUTER_BOUND('3597',#10412,.F.);
#10414=ADVANCED_FACE('3597',(#10413),#10405,.F.);
#10415=CARTESIAN_POINT('',(2.538286742683E1,1.8E0,6.72E0));
#10416=DIRECTION('',(-1.E0,0.E0,0.E0));
#10417=DIRECTION('',(0.E0,-1.E0,0.E0));
#10418=AXIS2_PLACEMENT_3D('',#10415,#10416,#10417);
#10419=CYLINDRICAL_SURFACE('4000',#10418,2.E-1);
#10421=ORIENTED_EDGE('5203',*,*,#10420,.T.);
#10422=ORIENTED_EDGE('4538',*,*,#8756,.T.);
#10423=ORIENTED_EDGE('4069',*,*,#10407,.F.);
#10424=ORIENTED_EDGE('5210',*,*,#8926,.F.);
#10425=EDGE_LOOP('4000',(#10421,#10422,#10423,#10424));
#10426=FACE_OUTER_BOUND('4000',#10425,.F.);
#10427=ADVANCED_FACE('4000',(#10426),#10419,.F.);
#10428=CARTESIAN_POINT('',(-2.2435E1,0.E0,0.E0));
#10429=DIRECTION('',(1.E0,0.E0,0.E0));
#10430=DIRECTION('',(0.E0,0.E0,-1.E0));
#10431=AXIS2_PLACEMENT_3D('',#10428,#10429,#10430);
#10432=PLANE('3724',#10431);
#10434=ORIENTED_EDGE('5092',*,*,#10433,.F.);
#10435=ORIENTED_EDGE('5193',*,*,#7088,.F.);
#10437=ORIENTED_EDGE('4548',*,*,#10436,.F.);
#10439=ORIENTED_EDGE('4547',*,*,#10438,.F.);
#10440=ORIENTED_EDGE('4524',*,*,#8758,.F.);
#10441=ORIENTED_EDGE('5203',*,*,#10420,.F.);
#10442=ORIENTED_EDGE('5093',*,*,#8924,.F.);
#10443=EDGE_LOOP('3724',(#10434,#10435,#10437,#10439,#10440,#10441,#10442));
#10444=FACE_OUTER_BOUND('3724',#10443,.F.);
#10445=ADVANCED_FACE('3724',(#10444),#10432,.T.);
#10446=CARTESIAN_POINT('',(-2.525E1,0.E0,6.92E0));
#10447=DIRECTION('',(0.E0,0.E0,1.E0));
#10448=DIRECTION('',(1.E0,0.E0,0.E0));
#10449=AXIS2_PLACEMENT_3D('',#10446,#10447,#10448);
#10450=PLANE('3975',#10449);
#10451=ORIENTED_EDGE('5092',*,*,#10433,.T.);
#10452=ORIENTED_EDGE('5272',*,*,#8922,.T.);
#10454=ORIENTED_EDGE('5096',*,*,#10453,.F.);
#10455=ORIENTED_EDGE('5258',*,*,#7090,.F.);
#10456=EDGE_LOOP('3975',(#10451,#10452,#10454,#10455));
#10457=FACE_OUTER_BOUND('3975',#10456,.F.);
#10458=ADVANCED_FACE('3975',(#10457),#10450,.T.);
#10459=CARTESIAN_POINT('',(-1.8425E1,0.E0,0.E0));
#10460=DIRECTION('',(1.E0,0.E0,0.E0));
#10461=DIRECTION('',(0.E0,0.E0,-1.E0));
#10462=AXIS2_PLACEMENT_3D('',#10459,#10460,#10461);
#10463=PLANE('3725',#10462);
#10464=ORIENTED_EDGE('5096',*,*,#10453,.T.);
#10465=ORIENTED_EDGE('5097',*,*,#8920,.T.);
#10467=ORIENTED_EDGE('5204',*,*,#10466,.T.);
#10468=ORIENTED_EDGE('4525',*,*,#8762,.T.);
#10470=ORIENTED_EDGE('4551',*,*,#10469,.T.);
#10472=ORIENTED_EDGE('4552',*,*,#10471,.T.);
#10473=ORIENTED_EDGE('5195',*,*,#7092,.T.);
#10474=EDGE_LOOP('3725',(#10464,#10465,#10467,#10468,#10470,#10472,#10473));
#10475=FACE_OUTER_BOUND('3725',#10474,.F.);
#10476=ADVANCED_FACE('3725',(#10475),#10463,.F.);
#10477=CARTESIAN_POINT('',(2.538286742683E1,1.8E0,6.72E0));
#10478=DIRECTION('',(-1.E0,0.E0,0.E0));
#10479=DIRECTION('',(0.E0,-1.E0,0.E0));
#10480=AXIS2_PLACEMENT_3D('',#10477,#10478,#10479);
#10481=CYLINDRICAL_SURFACE('3999',#10480,2.E-1);
#10482=ORIENTED_EDGE('5201',*,*,#8782,.T.);
#10483=ORIENTED_EDGE('4537',*,*,#8764,.T.);
#10484=ORIENTED_EDGE('5204',*,*,#10466,.F.);
#10485=ORIENTED_EDGE('5209',*,*,#8918,.F.);
#10486=EDGE_LOOP('3999',(#10482,#10483,#10484,#10485));
#10487=FACE_OUTER_BOUND('3999',#10486,.F.);
#10488=ADVANCED_FACE('3999',(#10487),#10481,.F.);
#10489=CARTESIAN_POINT('',(-2.2435E1,2.04E0,6.92E0));
#10490=DIRECTION('',(0.E0,-9.848077530122E-1,-1.736481776669E-1));
#10491=DIRECTION('',(0.E0,-1.736481776669E-1,9.848077530122E-1));
#10492=AXIS2_PLACEMENT_3D('',#10489,#10490,#10491);
#10493=PLANE('3726',#10492);
#10494=ORIENTED_EDGE('4526',*,*,#8760,.T.);
#10495=ORIENTED_EDGE('4547',*,*,#10438,.T.);
#10497=ORIENTED_EDGE('4515',*,*,#10496,.T.);
#10498=ORIENTED_EDGE('4551',*,*,#10469,.F.);
#10499=EDGE_LOOP('3726',(#10494,#10495,#10497,#10498));
#10500=FACE_OUTER_BOUND('3726',#10499,.F.);
#10501=ADVANCED_FACE('3726',(#10500),#10493,.T.);
#10502=CARTESIAN_POINT('',(-2.2435E1,1.988865175595E0,7.21E0));
#10503=DIRECTION('',(0.E0,-5.233595624294E-2,-9.986295347546E-1));
#10504=DIRECTION('',(0.E0,-9.986295347546E-1,5.233595624294E-2));
#10505=AXIS2_PLACEMENT_3D('',#10502,#10503,#10504);
#10506=PLANE('3727',#10505);
#10507=ORIENTED_EDGE('4519',*,*,#7094,.F.);
#10508=ORIENTED_EDGE('4552',*,*,#10471,.F.);
#10509=ORIENTED_EDGE('4515',*,*,#10496,.F.);
#10510=ORIENTED_EDGE('4548',*,*,#10436,.T.);
#10511=EDGE_LOOP('3727',(#10507,#10508,#10509,#10510));
#10512=FACE_OUTER_BOUND('3727',#10511,.F.);
#10513=ADVANCED_FACE('3727',(#10512),#10506,.T.);
#10514=CARTESIAN_POINT('',(-2.525E1,2.795181631920E0,6.42E0));
#10515=DIRECTION('',(0.E0,-1.E0,0.E0));
#10516=DIRECTION('',(0.E0,0.E0,1.E0));
#10517=AXIS2_PLACEMENT_3D('',#10514,#10515,#10516);
#10518=CYLINDRICAL_SURFACE('3587',#10517,5.E-1);
#10519=ORIENTED_EDGE('4058',*,*,#10409,.F.);
#10520=ORIENTED_EDGE('4120',*,*,#8754,.F.);
#10522=ORIENTED_EDGE('4103',*,*,#10521,.T.);
#10524=ORIENTED_EDGE('4119',*,*,#10523,.T.);
#10525=EDGE_LOOP('3587',(#10519,#10520,#10522,#10524));
#10526=FACE_OUTER_BOUND('3587',#10525,.F.);
#10527=ADVANCED_FACE('3587',(#10526),#10518,.F.);
#10528=CARTESIAN_POINT('',(-2.525E1,2.55E0,6.42E0));
#10529=DIRECTION('',(0.E0,1.E0,0.E0));
#10530=DIRECTION('',(0.E0,0.E0,-1.E0));
#10531=AXIS2_PLACEMENT_3D('',#10528,#10529,#10530);
#10532=CONICAL_SURFACE('3613',#10531,5.866025403784E-1,3.E1);
#10533=ORIENTED_EDGE('4103',*,*,#10521,.F.);
#10535=ORIENTED_EDGE('4106',*,*,#10534,.F.);
#10536=ORIENTED_EDGE('4104',*,*,#7942,.T.);
#10538=ORIENTED_EDGE('4105',*,*,#10537,.F.);
#10539=EDGE_LOOP('3613',(#10533,#10535,#10536,#10538));
#10540=FACE_OUTER_BOUND('3613',#10539,.F.);
#10541=ADVANCED_FACE('3613',(#10540),#10532,.F.);
#10542=CARTESIAN_POINT('',(-2.525E1,2.7E0,7.093205080757E0));
#10543=DIRECTION('',(0.E0,5.E-1,-8.660254037844E-1));
#10544=DIRECTION('',(1.E0,0.E0,0.E0));
#10545=AXIS2_PLACEMENT_3D('',#10542,#10543,#10544);
#10546=PLANE('3614',#10545);
#10547=ORIENTED_EDGE('4401',*,*,#7908,.F.);
#10548=ORIENTED_EDGE('4407',*,*,#7944,.F.);
#10549=ORIENTED_EDGE('4106',*,*,#10534,.T.);
#10550=ORIENTED_EDGE('4409',*,*,#8752,.T.);
#10551=EDGE_LOOP('3614',(#10547,#10548,#10549,#10550));
#10552=FACE_OUTER_BOUND('3614',#10551,.F.);
#10553=ADVANCED_FACE('3614',(#10552),#10546,.T.);
#10554=CARTESIAN_POINT('',(-2.592320508076E1,2.7E0,-6.42E0));
#10555=DIRECTION('',(8.660254037844E-1,5.E-1,0.E0));
#10556=DIRECTION('',(0.E0,0.E0,1.E0));
#10557=AXIS2_PLACEMENT_3D('',#10554,#10555,#10556);
#10558=PLANE('3612',#10557);
#10559=ORIENTED_EDGE('4100',*,*,#7940,.F.);
#10561=ORIENTED_EDGE('4102',*,*,#10560,.T.);
#10563=ORIENTED_EDGE('4101',*,*,#10562,.T.);
#10564=ORIENTED_EDGE('4105',*,*,#10537,.T.);
#10565=EDGE_LOOP('3612',(#10559,#10561,#10563,#10564));
#10566=FACE_OUTER_BOUND('3612',#10565,.F.);
#10567=ADVANCED_FACE('3612',(#10566),#10558,.T.);
#10568=CARTESIAN_POINT('',(-2.525E1,2.55E0,-6.42E0));
#10569=DIRECTION('',(0.E0,1.E0,0.E0));
#10570=DIRECTION('',(1.E0,0.E0,0.E0));
#10571=AXIS2_PLACEMENT_3D('',#10568,#10569,#10570);
#10572=CONICAL_SURFACE('3611',#10571,5.866025403784E-1,3.E1);
#10573=ORIENTED_EDGE('4097',*,*,#10368,.F.);
#10574=ORIENTED_EDGE('4102',*,*,#10560,.F.);
#10575=ORIENTED_EDGE('4098',*,*,#7938,.T.);
#10577=ORIENTED_EDGE('4099',*,*,#10576,.F.);
#10578=EDGE_LOOP('3611',(#10573,#10574,#10575,#10577));
#10579=FACE_OUTER_BOUND('3611',#10578,.F.);
#10580=ADVANCED_FACE('3611',(#10579),#10572,.F.);
#10581=CARTESIAN_POINT('',(2.525E1,2.7E0,-7.093205080757E0));
#10582=DIRECTION('',(0.E0,5.E-1,8.660254037844E-1));
#10583=DIRECTION('',(-1.E0,0.E0,0.E0));
#10584=AXIS2_PLACEMENT_3D('',#10581,#10582,#10583);
#10585=PLANE('4010',#10584);
#10586=ORIENTED_EDGE('4399',*,*,#8075,.T.);
#10587=ORIENTED_EDGE('4406',*,*,#9124,.T.);
#10588=ORIENTED_EDGE('4099',*,*,#10576,.T.);
#10589=ORIENTED_EDGE('4404',*,*,#7936,.F.);
#10590=EDGE_LOOP('4010',(#10586,#10587,#10588,#10589));
#10591=FACE_OUTER_BOUND('4010',#10590,.F.);
#10592=ADVANCED_FACE('4010',(#10591),#10585,.T.);
#10593=CARTESIAN_POINT('',(-2.575E1,2.7E0,-6.92E0));
#10594=DIRECTION('',(-1.E0,0.E0,0.E0));
#10595=DIRECTION('',(0.E0,0.E0,1.E0));
#10596=AXIS2_PLACEMENT_3D('',#10593,#10594,#10595);
#10597=PLANE('3585',#10596);
#10598=ORIENTED_EDGE('4056',*,*,#10395,.F.);
#10599=ORIENTED_EDGE('4119',*,*,#10523,.F.);
#10600=ORIENTED_EDGE('4101',*,*,#10562,.F.);
#10601=ORIENTED_EDGE('4118',*,*,#10366,.T.);
#10602=EDGE_LOOP('3585',(#10598,#10599,#10600,#10601));
#10603=FACE_OUTER_BOUND('3585',#10602,.F.);
#10604=ADVANCED_FACE('3585',(#10603),#10597,.F.);
#10605=CARTESIAN_POINT('',(2.525E1,2.7E0,-7.093205080757E0));
#10606=DIRECTION('',(0.E0,5.E-1,8.660254037844E-1));
#10607=DIRECTION('',(-1.E0,0.E0,0.E0));
#10608=AXIS2_PLACEMENT_3D('',#10605,#10606,#10607);
#10609=PLANE('4009',#10608);
#10610=ORIENTED_EDGE('4400',*,*,#8187,.F.);
#10611=ORIENTED_EDGE('4403',*,*,#8209,.F.);
#10612=ORIENTED_EDGE('4382',*,*,#8318,.T.);
#10613=ORIENTED_EDGE('4405',*,*,#9129,.T.);
#10614=EDGE_LOOP('4009',(#10610,#10611,#10612,#10613));
#10615=FACE_OUTER_BOUND('4009',#10614,.F.);
#10616=ADVANCED_FACE('4009',(#10615),#10609,.T.);
#10617=CARTESIAN_POINT('',(2.4765E1,1.382184141886E0,-5.635E0));
#10618=DIRECTION('',(0.E0,0.E0,-1.E0));
#10619=DIRECTION('',(0.E0,1.E0,0.E0));
#10620=AXIS2_PLACEMENT_3D('',#10617,#10618,#10619);
#10621=PLANE('3914',#10620);
#10622=ORIENTED_EDGE('5125',*,*,#8936,.T.);
#10624=ORIENTED_EDGE('5240',*,*,#10623,.T.);
#10626=ORIENTED_EDGE('4995',*,*,#10625,.T.);
#10628=ORIENTED_EDGE('5008',*,*,#10627,.T.);
#10630=ORIENTED_EDGE('5011',*,*,#10629,.F.);
#10632=ORIENTED_EDGE('5009',*,*,#10631,.F.);
#10634=ORIENTED_EDGE('5242',*,*,#10633,.F.);
#10635=EDGE_LOOP('3914',(#10622,#10624,#10626,#10628,#10630,#10632,#10634));
#10636=FACE_OUTER_BOUND('3914',#10635,.F.);
#10637=ADVANCED_FACE('3914',(#10636),#10621,.T.);
#10638=CARTESIAN_POINT('',(2.466837365646E1,1.548592070943E0,-5.585E0));
#10639=DIRECTION('',(9.988483864850E-1,4.797812852134E-2,0.E0));
#10640=DIRECTION('',(-4.797812852134E-2,9.988483864850E-1,0.E0));
#10641=AXIS2_PLACEMENT_3D('',#10638,#10639,#10640);
#10642=PLANE('3947',#10641);
#10643=ORIENTED_EDGE('5129',*,*,#8942,.T.);
#10645=ORIENTED_EDGE('5239',*,*,#10644,.T.);
#10647=ORIENTED_EDGE('4984',*,*,#10646,.T.);
#10648=ORIENTED_EDGE('5240',*,*,#10623,.F.);
#10649=EDGE_LOOP('3947',(#10643,#10645,#10647,#10648));
#10650=FACE_OUTER_BOUND('3947',#10649,.F.);
#10651=ADVANCED_FACE('3947',(#10650),#10642,.T.);
#10652=CARTESIAN_POINT('',(2.4765E1,1.382184141886E0,-5.535E0));
#10653=DIRECTION('',(0.E0,0.E0,-1.E0));
#10654=DIRECTION('',(0.E0,1.E0,0.E0));
#10655=AXIS2_PLACEMENT_3D('',#10652,#10653,#10654);
#10656=PLANE('3919',#10655);
#10657=ORIENTED_EDGE('5126',*,*,#8940,.F.);
#10659=ORIENTED_EDGE('5241',*,*,#10658,.T.);
#10661=ORIENTED_EDGE('5007',*,*,#10660,.T.);
#10663=ORIENTED_EDGE('5010',*,*,#10662,.F.);
#10665=ORIENTED_EDGE('5006',*,*,#10664,.F.);
#10667=ORIENTED_EDGE('4988',*,*,#10666,.F.);
#10668=ORIENTED_EDGE('5239',*,*,#10644,.F.);
#10669=EDGE_LOOP('3919',(#10657,#10659,#10661,#10663,#10665,#10667,#10668));
#10670=FACE_OUTER_BOUND('3919',#10669,.F.);
#10671=ADVANCED_FACE('3919',(#10670),#10656,.F.);
#10672=CARTESIAN_POINT('',(2.423642492866E1,1.503592070943E0,-5.585E0));
#10673=DIRECTION('',(9.847835588179E-1,1.737853339090E-1,0.E0));
#10674=DIRECTION('',(-1.737853339090E-1,9.847835588179E-1,0.E0));
#10675=AXIS2_PLACEMENT_3D('',#10672,#10673,#10674);
#10676=PLANE('3948',#10675);
#10677=ORIENTED_EDGE('5130',*,*,#8938,.F.);
#10678=ORIENTED_EDGE('5242',*,*,#10633,.T.);
#10680=ORIENTED_EDGE('4999',*,*,#10679,.F.);
#10681=ORIENTED_EDGE('5241',*,*,#10658,.F.);
#10682=EDGE_LOOP('3948',(#10677,#10678,#10680,#10681));
#10683=FACE_OUTER_BOUND('3948',#10682,.F.);
#10684=ADVANCED_FACE('3948',(#10683),#10676,.F.);
#10685=CARTESIAN_POINT('',(2.43E1,1.625E0,-5.585E0));
#10686=DIRECTION('',(0.E0,-1.E0,0.E0));
#10687=DIRECTION('',(1.E0,0.E0,0.E0));
#10688=AXIS2_PLACEMENT_3D('',#10685,#10686,#10687);
#10689=PLANE('3954',#10688);
#10691=ORIENTED_EDGE('5005',*,*,#10690,.F.);
#10692=ORIENTED_EDGE('5007',*,*,#10660,.F.);
#10693=ORIENTED_EDGE('4999',*,*,#10679,.T.);
#10694=ORIENTED_EDGE('5009',*,*,#10631,.T.);
#10695=EDGE_LOOP('3954',(#10691,#10692,#10693,#10694));
#10696=FACE_OUTER_BOUND('3954',#10695,.F.);
#10697=ADVANCED_FACE('3954',(#10696),#10689,.F.);
#10698=CARTESIAN_POINT('',(2.4315E1,1.695E0,-5.530474061236E0));
#10699=DIRECTION('',(0.E0,0.E0,-1.E0));
#10700=DIRECTION('',(1.E0,0.E0,0.E0));
#10701=AXIS2_PLACEMENT_3D('',#10698,#10699,#10700);
#10702=CYLINDRICAL_SURFACE('3955',#10701,7.E-2);
#10704=ORIENTED_EDGE('5004',*,*,#10703,.F.);
#10705=ORIENTED_EDGE('5010',*,*,#10662,.T.);
#10706=ORIENTED_EDGE('5005',*,*,#10690,.T.);
#10707=ORIENTED_EDGE('5011',*,*,#10629,.T.);
#10708=EDGE_LOOP('3955',(#10704,#10705,#10706,#10707));
#10709=FACE_OUTER_BOUND('3955',#10708,.F.);
#10710=ADVANCED_FACE('3955',(#10709),#10702,.F.);
#10711=CARTESIAN_POINT('',(2.4385E1,1.67E0,-5.585E0));
#10712=DIRECTION('',(-1.E0,0.E0,0.E0));
#10713=DIRECTION('',(0.E0,-1.E0,0.E0));
#10714=AXIS2_PLACEMENT_3D('',#10711,#10712,#10713);
#10715=PLANE('3953',#10714);
#10716=ORIENTED_EDGE('5004',*,*,#10703,.T.);
#10717=ORIENTED_EDGE('5008',*,*,#10627,.F.);
#10719=ORIENTED_EDGE('5003',*,*,#10718,.F.);
#10720=ORIENTED_EDGE('5006',*,*,#10664,.T.);
#10721=EDGE_LOOP('3953',(#10716,#10717,#10719,#10720));
#10722=FACE_OUTER_BOUND('3953',#10721,.F.);
#10723=ADVANCED_FACE('3953',(#10722),#10715,.T.);
#10724=CARTESIAN_POINT('',(2.4385E1,1.751806670091E0,-5.587266446236E0));
#10725=DIRECTION('',(-1.E0,0.E0,0.E0));
#10726=DIRECTION('',(0.E0,-9.698948674844E-1,2.435240152993E-1));
#10727=AXIS2_PLACEMENT_3D('',#10724,#10725,#10726);
#10728=PLANE('3952',#10727);
#10730=ORIENTED_EDGE('4985',*,*,#10729,.T.);
#10731=ORIENTED_EDGE('5003',*,*,#10718,.T.);
#10733=ORIENTED_EDGE('4992',*,*,#10732,.F.);
#10735=ORIENTED_EDGE('5002',*,*,#10734,.F.);
#10736=EDGE_LOOP('3952',(#10730,#10731,#10733,#10735));
#10737=FACE_OUTER_BOUND('3952',#10736,.F.);
#10738=ADVANCED_FACE('3952',(#10737),#10728,.T.);
#10739=CARTESIAN_POINT('',(2.4765E1,1.715E0,-5.885E0));
#10740=DIRECTION('',(1.E0,0.E0,0.E0));
#10741=DIRECTION('',(0.E0,0.E0,-1.E0));
#10742=AXIS2_PLACEMENT_3D('',#10739,#10740,#10741);
#10743=CYLINDRICAL_SURFACE('3920',#10742,3.5E-1);
#10744=ORIENTED_EDGE('4985',*,*,#10729,.F.);
#10746=ORIENTED_EDGE('4989',*,*,#10745,.F.);
#10748=ORIENTED_EDGE('4975',*,*,#10747,.T.);
#10749=ORIENTED_EDGE('4988',*,*,#10666,.T.);
#10750=EDGE_LOOP('3920',(#10744,#10746,#10748,#10749));
#10751=FACE_OUTER_BOUND('3920',#10750,.F.);
#10752=ADVANCED_FACE('3920',(#10751),#10743,.T.);
#10753=CARTESIAN_POINT('',(2.4765E1,1.800233405355E0,-5.545536796380E0));
#10754=DIRECTION('',(0.E0,-2.435240152993E-1,-9.698948674844E-1));
#10755=DIRECTION('',(0.E0,9.698948674844E-1,-2.435240152993E-1));
#10756=AXIS2_PLACEMENT_3D('',#10753,#10754,#10755);
#10757=PLANE('3921',#10756);
#10759=ORIENTED_EDGE('4986',*,*,#10758,.T.);
#10761=ORIENTED_EDGE('4990',*,*,#10760,.F.);
#10763=ORIENTED_EDGE('4976',*,*,#10762,.F.);
#10764=ORIENTED_EDGE('4989',*,*,#10745,.T.);
#10765=EDGE_LOOP('3921',(#10759,#10761,#10763,#10764));
#10766=FACE_OUTER_BOUND('3921',#10765,.F.);
#10767=ADVANCED_FACE('3921',(#10766),#10757,.F.);
#10768=CARTESIAN_POINT('',(2.4385E1,1.967176200765E0,-5.639005256626E0));
#10769=DIRECTION('',(1.E0,0.E0,0.E0));
#10770=DIRECTION('',(0.E0,9.698948674844E-1,-2.435240152993E-1));
#10771=AXIS2_PLACEMENT_3D('',#10768,#10769,#10770);
#10772=PLANE('3951',#10771);
#10773=ORIENTED_EDGE('4986',*,*,#10758,.F.);
#10774=ORIENTED_EDGE('5002',*,*,#10734,.T.);
#10776=ORIENTED_EDGE('4993',*,*,#10775,.T.);
#10778=ORIENTED_EDGE('5001',*,*,#10777,.F.);
#10779=EDGE_LOOP('3951',(#10773,#10774,#10776,#10778));
#10780=FACE_OUTER_BOUND('3951',#10779,.F.);
#10781=ADVANCED_FACE('3951',(#10780),#10772,.F.);
#10782=CARTESIAN_POINT('',(2.4765E1,1.775881003825E0,-5.642526283129E0));
#10783=DIRECTION('',(0.E0,-2.435240152993E-1,-9.698948674844E-1));
#10784=DIRECTION('',(0.E0,9.698948674844E-1,-2.435240152993E-1));
#10785=AXIS2_PLACEMENT_3D('',#10782,#10783,#10784);
#10786=PLANE('3916',#10785);
#10787=ORIENTED_EDGE('4993',*,*,#10775,.F.);
#10789=ORIENTED_EDGE('4996',*,*,#10788,.F.);
#10791=ORIENTED_EDGE('4979',*,*,#10790,.T.);
#10793=ORIENTED_EDGE('4997',*,*,#10792,.T.);
#10794=EDGE_LOOP('3916',(#10787,#10789,#10791,#10793));
#10795=FACE_OUTER_BOUND('3916',#10794,.F.);
#10796=ADVANCED_FACE('3916',(#10795),#10786,.T.);
#10797=CARTESIAN_POINT('',(2.4765E1,1.715E0,-5.885E0));
#10798=DIRECTION('',(1.E0,0.E0,0.E0));
#10799=DIRECTION('',(0.E0,0.E0,-1.E0));
#10800=AXIS2_PLACEMENT_3D('',#10797,#10798,#10799);
#10801=CYLINDRICAL_SURFACE('3915',#10800,2.5E-1);
#10802=ORIENTED_EDGE('4992',*,*,#10732,.T.);
#10803=ORIENTED_EDGE('4995',*,*,#10625,.F.);
#10805=ORIENTED_EDGE('4978',*,*,#10804,.F.);
#10806=ORIENTED_EDGE('4996',*,*,#10788,.T.);
#10807=EDGE_LOOP('3915',(#10802,#10803,#10805,#10806));
#10808=FACE_OUTER_BOUND('3915',#10807,.F.);
#10809=ADVANCED_FACE('3915',(#10808),#10801,.F.);
#10810=CARTESIAN_POINT('',(2.465618319317E1,1.802876965662E0,
-5.544145681320E0));
#10811=CARTESIAN_POINT('',(2.465618319317E1,1.794222413375E0,
-5.577714677486E0));
#10812=CARTESIAN_POINT('',(2.465618319317E1,1.785567861087E0,
-5.611283673652E0));
#10813=CARTESIAN_POINT('',(2.465618319317E1,1.776913308800E0,
-5.644852669818E0));
#10814=CARTESIAN_POINT('',(2.465621759803E1,1.802158713632E0,
-5.543960502672E0));
#10815=CARTESIAN_POINT('',(2.465621759803E1,1.793574898309E0,
-5.577547736135E0));
#10816=CARTESIAN_POINT('',(2.465621759803E1,1.784991082985E0,
-5.611134969597E0));
#10817=CARTESIAN_POINT('',(2.465621759803E1,1.776407267662E0,
-5.644722203060E0));
#10818=CARTESIAN_POINT('',(2.465669847584E1,1.792116174987E0,
-5.541405203578E0));
#10819=CARTESIAN_POINT('',(2.465669847584E1,1.784521397862E0,
-5.575244095362E0));
#10820=CARTESIAN_POINT('',(2.465669847584E1,1.776926620737E0,
-5.609082987145E0));
#10821=CARTESIAN_POINT('',(2.465669847584E1,1.769331843612E0,
-5.642921878929E0));
#10822=CARTESIAN_POINT('',(2.465763201992E1,1.772534577732E0,
-5.537333759037E0));
#10823=CARTESIAN_POINT('',(2.465763201992E1,1.766868291834E0,
-5.571573626542E0));
#10824=CARTESIAN_POINT('',(2.465763201992E1,1.761202005936E0,
-5.605813494046E0));
#10825=CARTESIAN_POINT('',(2.465763201992E1,1.755535720038E0,
-5.640053361550E0));
#10826=CARTESIAN_POINT('',(2.465900254120E1,1.743864501338E0,
-5.533789380649E0));
#10827=CARTESIAN_POINT('',(2.465900254120E1,1.741021784430E0,
-5.568378315829E0));
#10828=CARTESIAN_POINT('',(2.465900254120E1,1.738179067523E0,
-5.602967251008E0));
#10829=CARTESIAN_POINT('',(2.465900254120E1,1.735336350615E0,
-5.637556186187E0));
#10830=CARTESIAN_POINT('',(2.465995531344E1,1.723879848758E0,
-5.532969527461E0));
#10831=CARTESIAN_POINT('',(2.465995531344E1,1.723005317932E0,
-5.567639205782E0));
#10832=CARTESIAN_POINT('',(2.465995531344E1,1.722130787106E0,
-5.602308884103E0));
#10833=CARTESIAN_POINT('',(2.465995531344E1,1.721256256280E0,
-5.636978562424E0));
#10834=CARTESIAN_POINT('',(2.466045153135E1,1.713516525864E0,
-5.533002301993E0));
#10835=CARTESIAN_POINT('',(2.466045153135E1,1.713662625634E0,
-5.567668752518E0));
#10836=CARTESIAN_POINT('',(2.466045153135E1,1.713808725404E0,
-5.602335203043E0));
#10837=CARTESIAN_POINT('',(2.466045153135E1,1.713954825174E0,
-5.637001653568E0));
#10838=CARTESIAN_POINT('',(2.466048705875E1,1.712774802562E0,
-5.533006994170E0));
#10839=CARTESIAN_POINT('',(2.466048705875E1,1.712993950861E0,
-5.567672982587E0));
#10840=CARTESIAN_POINT('',(2.466048705875E1,1.713213099160E0,
-5.602338971004E0));
#10841=CARTESIAN_POINT('',(2.466048705875E1,1.713432247460E0,
-5.637004959420E0));
#10842=B_SPLINE_SURFACE_WITH_KNOTS('3946',3,3,((#10810,#10811,#10812,#10813),(
#10814,#10815,#10816,#10817),(#10818,#10819,#10820,#10821),(#10822,#10823,
#10824,#10825),(#10826,#10827,#10828,#10829),(#10830,#10831,#10832,#10833),(
#10834,#10835,#10836,#10837),(#10838,#10839,#10840,#10841)),.UNSPECIFIED.,.F.,
.F.,.F.,(4,1,1,1,1,4),(4,4),(-2.569933621676E-2,0.E0,3.333333333333E-1,
6.666666666667E-1,1.E0,1.025696991720E0),(-2.000043789099E-2,1.020000008586E0),
.UNSPECIFIED.);
#10843=ORIENTED_EDGE('4975',*,*,#10747,.F.);
#10845=ORIENTED_EDGE('4983',*,*,#10844,.T.);
#10846=ORIENTED_EDGE('4978',*,*,#10804,.T.);
#10847=ORIENTED_EDGE('4984',*,*,#10646,.F.);
#10848=EDGE_LOOP('3946',(#10843,#10845,#10846,#10847));
#10849=FACE_OUTER_BOUND('3946',#10848,.F.);
#10850=ADVANCED_FACE('3946',(#10849),#10842,.T.);
#10851=CARTESIAN_POINT('',(2.464768275404E1,1.967176200765E0,
-5.639005256626E0));
#10852=DIRECTION('',(9.989165707625E-1,4.513591707484E-2,-1.133285691963E-2));
#10853=DIRECTION('',(-4.653691713197E-2,9.688440550276E-1,-2.432601742611E-1));
#10854=AXIS2_PLACEMENT_3D('',#10851,#10852,#10853);
#10855=PLANE('3945',#10854);
#10856=ORIENTED_EDGE('4976',*,*,#10762,.T.);
#10858=ORIENTED_EDGE('4982',*,*,#10857,.T.);
#10859=ORIENTED_EDGE('4979',*,*,#10790,.F.);
#10860=ORIENTED_EDGE('4983',*,*,#10844,.F.);
#10861=EDGE_LOOP('3945',(#10856,#10858,#10859,#10860));
#10862=FACE_OUTER_BOUND('3945',#10861,.F.);
#10863=ADVANCED_FACE('3945',(#10862),#10855,.T.);
#10864=CARTESIAN_POINT('',(2.463920642993E1,2.156375848466E0,
-5.632871040121E0));
#10865=CARTESIAN_POINT('',(2.463920642993E1,2.147328681903E0,
-5.666336580353E0));
#10866=CARTESIAN_POINT('',(2.463920642993E1,2.138281515339E0,
-5.699802120585E0));
#10867=CARTESIAN_POINT('',(2.463920642993E1,2.129234348776E0,
-5.733267660817E0));
#10868=CARTESIAN_POINT('',(2.463916398280E1,2.157234665120E0,
-5.633103273805E0));
#10869=CARTESIAN_POINT('',(2.463916398280E1,2.148388664330E0,
-5.666623211525E0));
#10870=CARTESIAN_POINT('',(2.463916398280E1,2.139542663540E0,
-5.700143149245E0));
#10871=CARTESIAN_POINT('',(2.463916398280E1,2.130696662750E0,
-5.733663086964E0));
#10872=CARTESIAN_POINT('',(2.463869687223E1,2.166706168412E0,
-5.635572644003E0));
#10873=CARTESIAN_POINT('',(2.463869687223E1,2.160078734620E0,
-5.669670997109E0));
#10874=CARTESIAN_POINT('',(2.463869687223E1,2.153451300827E0,
-5.703769350214E0));
#10875=CARTESIAN_POINT('',(2.463869687223E1,2.146823867034E0,
-5.737867703319E0));
#10876=CARTESIAN_POINT('',(2.463780175748E1,2.185240866787E0,
-5.638484283188E0));
#10877=CARTESIAN_POINT('',(2.463780175748E1,2.182954926509E0,
-5.673264646995E0));
#10878=CARTESIAN_POINT('',(2.463780175748E1,2.180668986231E0,
-5.708045010802E0));
#10879=CARTESIAN_POINT('',(2.463780175748E1,2.178383045953E0,
-5.742825374608E0));
#10880=CARTESIAN_POINT('',(2.463649430592E1,2.212037637213E0,
-5.637826069184E0));
#10881=CARTESIAN_POINT('',(2.463649430592E1,2.216028465117E0,
-5.672452255579E0));
#10882=CARTESIAN_POINT('',(2.463649430592E1,2.220019293021E0,
-5.707078441974E0));
#10883=CARTESIAN_POINT('',(2.463649430592E1,2.224010120925E0,
-5.741704628368E0));
#10884=CARTESIAN_POINT('',(2.463521814737E1,2.238279768517E0,
-5.632371478410E0));
#10885=CARTESIAN_POINT('',(2.463521814737E1,2.248417448157E0,
-5.665720003307E0));
#10886=CARTESIAN_POINT('',(2.463521814737E1,2.258555127797E0,
-5.699068528205E0));
#10887=CARTESIAN_POINT('',(2.463521814737E1,2.268692807436E0,
-5.732417053102E0));
#10888=CARTESIAN_POINT('',(2.463400654845E1,2.263114371144E0,
-5.622299346495E0));
#10889=CARTESIAN_POINT('',(2.463400654845E1,2.279069208640E0,
-5.653288615553E0));
#10890=CARTESIAN_POINT('',(2.463400654845E1,2.295024046135E0,
-5.684277884610E0));
#10891=CARTESIAN_POINT('',(2.463400654845E1,2.310978883630E0,
-5.715267153667E0));
#10892=CARTESIAN_POINT('',(2.463326017079E1,2.278571818592E0,
-5.612486838342E0));
#10893=CARTESIAN_POINT('',(2.463326017079E1,2.298147346670E0,
-5.641177664790E0));
#10894=CARTESIAN_POINT('',(2.463326017079E1,2.317722874747E0,
-5.669868491237E0));
#10895=CARTESIAN_POINT('',(2.463326017079E1,2.337298402825E0,
-5.698559317684E0));
#10896=CARTESIAN_POINT('',(2.463289645059E1,2.285948025464E0,
-5.606758877114E0));
#10897=CARTESIAN_POINT('',(2.463289645059E1,2.307251326697E0,
-5.634108008864E0));
#10898=CARTESIAN_POINT('',(2.463289645059E1,2.328554627930E0,
-5.661457140614E0));
#10899=CARTESIAN_POINT('',(2.463289645059E1,2.349857929163E0,
-5.688806272364E0));
#10900=CARTESIAN_POINT('',(2.463287916165E1,2.286298247056E0,
-5.606484364186E0));
#10901=CARTESIAN_POINT('',(2.463287916165E1,2.307683582792E0,
-5.633769195127E0));
#10902=CARTESIAN_POINT('',(2.463287916165E1,2.329068918528E0,
-5.661054026068E0));
#10903=CARTESIAN_POINT('',(2.463287916165E1,2.350454254265E0,
-5.688338857009E0));
#10904=B_SPLINE_SURFACE_WITH_KNOTS('3944',3,3,((#10864,#10865,#10866,#10867),(
#10868,#10869,#10870,#10871),(#10872,#10873,#10874,#10875),(#10876,#10877,
#10878,#10879),(#10880,#10881,#10882,#10883),(#10884,#10885,#10886,#10887),(
#10888,#10889,#10890,#10891),(#10892,#10893,#10894,#10895),(#10896,#10897,
#10898,#10899),(#10900,#10901,#10902,#10903)),.UNSPECIFIED.,.F.,.F.,.F.,(4,1,1,
1,1,1,1,4),(4,4),(-1.999674124015E-2,0.E0,2.E-1,4.E-1,6.E-1,8.E-1,1.E0,
1.010006501834E0),(-2.000059785699E-2,1.020006799593E0),.UNSPECIFIED.);
#10906=ORIENTED_EDGE('4977',*,*,#10905,.T.);
#10908=ORIENTED_EDGE('4981',*,*,#10907,.T.);
#10910=ORIENTED_EDGE('4980',*,*,#10909,.F.);
#10911=ORIENTED_EDGE('4982',*,*,#10857,.F.);
#10912=EDGE_LOOP('3944',(#10906,#10908,#10910,#10911));
#10913=FACE_OUTER_BOUND('3944',#10912,.F.);
#10914=ADVANCED_FACE('3944',(#10913),#10904,.F.);
#10915=CARTESIAN_POINT('',(2.4765E1,2.195E0,-5.49E0));
#10916=DIRECTION('',(1.E0,0.E0,0.E0));
#10917=DIRECTION('',(0.E0,0.E0,-1.E0));
#10918=AXIS2_PLACEMENT_3D('',#10915,#10916,#10917);
#10919=CYLINDRICAL_SURFACE('3922',#10918,1.5E-1);
#10921=ORIENTED_EDGE('4987',*,*,#10920,.T.);
#10923=ORIENTED_EDGE('4991',*,*,#10922,.F.);
#10924=ORIENTED_EDGE('4977',*,*,#10905,.F.);
#10925=ORIENTED_EDGE('4990',*,*,#10760,.T.);
#10926=EDGE_LOOP('3922',(#10921,#10923,#10924,#10925));
#10927=FACE_OUTER_BOUND('3922',#10926,.F.);
#10928=ADVANCED_FACE('3922',(#10927),#10919,.F.);
#10929=CARTESIAN_POINT('',(2.4385E1,2.235689466546E0,-5.685817178287E0));
#10930=DIRECTION('',(1.E0,0.E0,0.E0));
#10931=DIRECTION('',(0.E0,9.698948674844E-1,-2.435240152993E-1));
#10932=AXIS2_PLACEMENT_3D('',#10929,#10930,#10931);
#10933=PLANE('3950',#10932);
#10934=ORIENTED_EDGE('4987',*,*,#10920,.F.);
#10935=ORIENTED_EDGE('5001',*,*,#10777,.T.);
#10937=ORIENTED_EDGE('4994',*,*,#10936,.T.);
#10939=ORIENTED_EDGE('5000',*,*,#10938,.F.);
#10940=EDGE_LOOP('3950',(#10934,#10935,#10937,#10939));
#10941=FACE_OUTER_BOUND('3950',#10940,.F.);
#10942=ADVANCED_FACE('3950',(#10941),#10933,.F.);
#10943=CARTESIAN_POINT('',(2.4765E1,2.195E0,-5.49E0));
#10944=DIRECTION('',(1.E0,0.E0,0.E0));
#10945=DIRECTION('',(0.E0,0.E0,-1.E0));
#10946=AXIS2_PLACEMENT_3D('',#10943,#10944,#10945);
#10947=CYLINDRICAL_SURFACE('3917',#10946,2.5E-1);
#10948=ORIENTED_EDGE('4994',*,*,#10936,.F.);
#10949=ORIENTED_EDGE('4997',*,*,#10792,.F.);
#10950=ORIENTED_EDGE('4980',*,*,#10909,.T.);
#10952=ORIENTED_EDGE('4998',*,*,#10951,.T.);
#10953=EDGE_LOOP('3917',(#10948,#10949,#10950,#10952));
#10954=FACE_OUTER_BOUND('3917',#10953,.F.);
#10955=ADVANCED_FACE('3917',(#10954),#10947,.T.);
#10956=CARTESIAN_POINT('',(2.4765E1,2.347439024390E0,-5.688147278162E0));
#10957=DIRECTION('',(0.E0,6.097560975610E-1,-7.925891126474E-1));
#10958=DIRECTION('',(0.E0,7.925891126474E-1,6.097560975610E-1));
#10959=AXIS2_PLACEMENT_3D('',#10956,#10957,#10958);
#10960=PLANE('3918',#10959);
#10962=ORIENTED_EDGE('5020',*,*,#10961,.F.);
#10964=ORIENTED_EDGE('5025',*,*,#10963,.F.);
#10966=ORIENTED_EDGE('5024',*,*,#10965,.F.);
#10968=ORIENTED_EDGE('5023',*,*,#10967,.F.);
#10970=ORIENTED_EDGE('5022',*,*,#10969,.F.);
#10972=ORIENTED_EDGE('5021',*,*,#10971,.F.);
#10974=ORIENTED_EDGE('5027',*,*,#10973,.F.);
#10975=ORIENTED_EDGE('4998',*,*,#10951,.F.);
#10977=ORIENTED_EDGE('5026',*,*,#10976,.T.);
#10978=EDGE_LOOP('3918',(#10962,#10964,#10966,#10968,#10970,#10972,#10974,
#10975,#10977));
#10979=FACE_OUTER_BOUND('3918',#10978,.F.);
#10980=ADVANCED_FACE('3918',(#10979),#10960,.T.);
#10981=CARTESIAN_POINT('',(2.454735440034E1,2.431846154845E0,
-5.560126641929E0));
#10982=DIRECTION('',(1.110223024625E-14,6.097560975610E-1,-7.925891126474E-1));
#10983=DIRECTION('',(9.246757232844E-1,3.017827221537E-1,2.321680326356E-1));
#10984=AXIS2_PLACEMENT_3D('',#10981,#10982,#10983);
#10985=CYLINDRICAL_SURFACE('3956',#10984,8.E-2);
#10987=ORIENTED_EDGE('5012',*,*,#10986,.F.);
#10989=ORIENTED_EDGE('5030',*,*,#10988,.T.);
#10990=ORIENTED_EDGE('5020',*,*,#10961,.T.);
#10992=ORIENTED_EDGE('5028',*,*,#10991,.F.);
#10993=EDGE_LOOP('3956',(#10987,#10989,#10990,#10992));
#10994=FACE_OUTER_BOUND('3956',#10993,.F.);
#10995=ADVANCED_FACE('3956',(#10994),#10985,.T.);
#10996=CARTESIAN_POINT('',(2.4765E1,2.286463414634E0,-5.608888366897E0));
#10997=DIRECTION('',(0.E0,6.097560975610E-1,-7.925891126474E-1));
#10998=DIRECTION('',(0.E0,7.925891126474E-1,6.097560975610E-1));
#10999=AXIS2_PLACEMENT_3D('',#10996,#10997,#10998);
#11000=PLANE('3923',#10999);
#11001=ORIENTED_EDGE('5012',*,*,#10986,.T.);
#11003=ORIENTED_EDGE('5018',*,*,#11002,.F.);
#11004=ORIENTED_EDGE('4991',*,*,#10922,.T.);
#11006=ORIENTED_EDGE('5019',*,*,#11005,.T.);
#11008=ORIENTED_EDGE('5013',*,*,#11007,.T.);
#11010=ORIENTED_EDGE('5014',*,*,#11009,.T.);
#11012=ORIENTED_EDGE('5015',*,*,#11011,.T.);
#11014=ORIENTED_EDGE('5016',*,*,#11013,.T.);
#11016=ORIENTED_EDGE('5017',*,*,#11015,.T.);
#11017=EDGE_LOOP('3923',(#11001,#11003,#11004,#11006,#11008,#11010,#11012,
#11014,#11016));
#11018=FACE_OUTER_BOUND('3923',#11017,.F.);
#11019=ADVANCED_FACE('3923',(#11018),#11000,.F.);
#11020=CARTESIAN_POINT('',(2.462674538383E1,2.445731707317E0,
-5.549444183449E0));
#11021=DIRECTION('',(9.992760944775E-1,3.015264633361E-2,2.319708871360E-2));
#11022=DIRECTION('',(-3.804322549030E-2,7.920153530117E-1,6.093146917546E-1));
#11023=AXIS2_PLACEMENT_3D('',#11020,#11021,#11022);
#11024=PLANE('3943',#11023);
#11025=ORIENTED_EDGE('5028',*,*,#10991,.T.);
#11026=ORIENTED_EDGE('5026',*,*,#10976,.F.);
#11027=ORIENTED_EDGE('4981',*,*,#10907,.F.);
#11028=ORIENTED_EDGE('5018',*,*,#11002,.T.);
#11029=EDGE_LOOP('3943',(#11025,#11026,#11027,#11028));
#11030=FACE_OUTER_BOUND('3943',#11029,.F.);
#11031=ADVANCED_FACE('3943',(#11030),#11024,.T.);
#11032=CARTESIAN_POINT('',(2.4385E1,2.445731707317E0,-5.549444183449E0));
#11033=DIRECTION('',(1.E0,0.E0,0.E0));
#11034=DIRECTION('',(0.E0,7.925891126474E-1,6.097560975610E-1));
#11035=AXIS2_PLACEMENT_3D('',#11032,#11033,#11034);
#11036=PLANE('3949',#11035);
#11038=ORIENTED_EDGE('5029',*,*,#11037,.F.);
#11039=ORIENTED_EDGE('5019',*,*,#11005,.F.);
#11040=ORIENTED_EDGE('5000',*,*,#10938,.T.);
#11041=ORIENTED_EDGE('5027',*,*,#10973,.T.);
#11042=EDGE_LOOP('3949',(#11038,#11039,#11040,#11041));
#11043=FACE_OUTER_BOUND('3949',#11042,.F.);
#11044=ADVANCED_FACE('3949',(#11043),#11036,.F.);
#11045=CARTESIAN_POINT('',(2.4465E1,2.431846154845E0,-5.560126641929E0));
#11046=DIRECTION('',(0.E0,6.097560975610E-1,-7.925891126474E-1));
#11047=DIRECTION('',(-1.E0,0.E0,0.E0));
#11048=AXIS2_PLACEMENT_3D('',#11045,#11046,#11047);
#11049=CYLINDRICAL_SURFACE('3957',#11048,8.E-2);
#11050=ORIENTED_EDGE('5013',*,*,#11007,.F.);
#11051=ORIENTED_EDGE('5029',*,*,#11037,.T.);
#11052=ORIENTED_EDGE('5021',*,*,#10971,.T.);
#11054=ORIENTED_EDGE('5031',*,*,#11053,.F.);
#11055=EDGE_LOOP('3957',(#11050,#11051,#11052,#11054));
#11056=FACE_OUTER_BOUND('3957',#11055,.F.);
#11057=ADVANCED_FACE('3957',(#11056),#11049,.T.);
#11058=CARTESIAN_POINT('',(2.441161454222E1,2.495618228250E0,
-5.511065394440E0));
#11059=DIRECTION('',(9.246757232844E-1,-3.017827221537E-1,-2.321680326356E-1));
#11060=DIRECTION('',(3.807555735224E-1,7.328879110046E-1,5.638266605393E-1));
#11061=AXIS2_PLACEMENT_3D('',#11058,#11059,#11060);
#11062=PLANE('3958',#11061);
#11063=ORIENTED_EDGE('5014',*,*,#11009,.F.);
#11064=ORIENTED_EDGE('5031',*,*,#11053,.T.);
#11065=ORIENTED_EDGE('5022',*,*,#10969,.T.);
#11067=ORIENTED_EDGE('5032',*,*,#11066,.F.);
#11068=EDGE_LOOP('3958',(#11063,#11064,#11065,#11067));
#11069=FACE_OUTER_BOUND('3958',#11068,.F.);
#11070=ADVANCED_FACE('3958',(#11069),#11062,.F.);
#11071=CARTESIAN_POINT('',(2.450617720017E1,2.511105066110E0,
-5.499151032173E0));
#11072=DIRECTION('',(0.E0,6.097560975610E-1,-7.925891126474E-1));
#11073=DIRECTION('',(-9.246757232844E-1,3.017827221537E-1,2.321680326356E-1));
#11074=AXIS2_PLACEMENT_3D('',#11071,#11072,#11073);
#11075=CYLINDRICAL_SURFACE('3959',#11074,8.E-2);
#11076=ORIENTED_EDGE('5015',*,*,#11011,.F.);
#11077=ORIENTED_EDGE('5032',*,*,#11066,.T.);
#11078=ORIENTED_EDGE('5023',*,*,#10967,.T.);
#11080=ORIENTED_EDGE('5033',*,*,#11079,.F.);
#11081=EDGE_LOOP('3959',(#11076,#11077,#11078,#11080));
#11082=FACE_OUTER_BOUND('3959',#11081,.F.);
#11083=ADVANCED_FACE('3959',(#11082),#11075,.T.);
#11084=CARTESIAN_POINT('',(2.450617720017E1,2.511105066110E0,
-5.499151032173E0));
#11085=DIRECTION('',(0.E0,6.097560975610E-1,-7.925891126474E-1));
#11086=DIRECTION('',(4.371503159462E-14,7.925891126474E-1,6.097560975610E-1));
#11087=AXIS2_PLACEMENT_3D('',#11084,#11085,#11086);
#11088=CYLINDRICAL_SURFACE('3960',#11087,8.E-2);
#11089=ORIENTED_EDGE('5016',*,*,#11013,.F.);
#11090=ORIENTED_EDGE('5033',*,*,#11079,.T.);
#11091=ORIENTED_EDGE('5024',*,*,#10965,.T.);
#11093=ORIENTED_EDGE('5034',*,*,#11092,.F.);
#11094=EDGE_LOOP('3960',(#11089,#11090,#11091,#11093));
#11095=FACE_OUTER_BOUND('3960',#11094,.F.);
#11096=ADVANCED_FACE('3960',(#11095),#11088,.T.);
#11097=CARTESIAN_POINT('',(2.460073985812E1,2.495618228250E0,
-5.511065394440E0));
#11098=DIRECTION('',(-9.246757232844E-1,-3.017827221537E-1,-2.321680326356E-1));
#11099=DIRECTION('',(3.807555735224E-1,-7.328879110046E-1,-5.638266605393E-1));
#11100=AXIS2_PLACEMENT_3D('',#11097,#11098,#11099);
#11101=PLANE('3961',#11100);
#11102=ORIENTED_EDGE('5017',*,*,#11015,.F.);
#11103=ORIENTED_EDGE('5034',*,*,#11092,.T.);
#11104=ORIENTED_EDGE('5025',*,*,#10963,.T.);
#11105=ORIENTED_EDGE('5030',*,*,#10988,.F.);
#11106=EDGE_LOOP('3961',(#11102,#11103,#11104,#11105));
#11107=FACE_OUTER_BOUND('3961',#11106,.F.);
#11108=ADVANCED_FACE('3961',(#11107),#11101,.F.);
#11109=CARTESIAN_POINT('',(2.4765E1,1.382184141886E0,-5.795E0));
#11110=DIRECTION('',(0.E0,0.E0,1.E0));
#11111=DIRECTION('',(0.E0,1.E0,0.E0));
#11112=AXIS2_PLACEMENT_3D('',#11109,#11110,#11111);
#11113=PLANE('3904',#11112);
#11114=ORIENTED_EDGE('5123',*,*,#8946,.T.);
#11116=ORIENTED_EDGE('5235',*,*,#11115,.T.);
#11118=ORIENTED_EDGE('4928',*,*,#11117,.T.);
#11120=ORIENTED_EDGE('4947',*,*,#11119,.T.);
#11122=ORIENTED_EDGE('4950',*,*,#11121,.F.);
#11124=ORIENTED_EDGE('4946',*,*,#11123,.F.);
#11126=ORIENTED_EDGE('5237',*,*,#11125,.F.);
#11127=EDGE_LOOP('3904',(#11114,#11116,#11118,#11120,#11122,#11124,#11126));
#11128=FACE_OUTER_BOUND('3904',#11127,.F.);
#11129=ADVANCED_FACE('3904',(#11128),#11113,.T.);
#11130=CARTESIAN_POINT('',(2.486162634354E1,1.548592070943E0,-5.845E0));
#11131=DIRECTION('',(9.988483864850E-1,-4.797812852134E-2,0.E0));
#11132=DIRECTION('',(4.797812852134E-2,9.988483864850E-1,0.E0));
#11133=AXIS2_PLACEMENT_3D('',#11130,#11131,#11132);
#11134=PLANE('3928',#11133);
#11135=ORIENTED_EDGE('5127',*,*,#8952,.F.);
#11137=ORIENTED_EDGE('5236',*,*,#11136,.T.);
#11139=ORIENTED_EDGE('4924',*,*,#11138,.F.);
#11140=ORIENTED_EDGE('5235',*,*,#11115,.F.);
#11141=EDGE_LOOP('3928',(#11135,#11137,#11139,#11140));
#11142=FACE_OUTER_BOUND('3928',#11141,.F.);
#11143=ADVANCED_FACE('3928',(#11142),#11134,.F.);
#11144=CARTESIAN_POINT('',(2.4765E1,1.382184141886E0,-5.895E0));
#11145=DIRECTION('',(0.E0,0.E0,1.E0));
#11146=DIRECTION('',(0.E0,1.E0,0.E0));
#11147=AXIS2_PLACEMENT_3D('',#11144,#11145,#11146);
#11148=PLANE('3905',#11147);
#11149=ORIENTED_EDGE('5124',*,*,#8950,.F.);
#11151=ORIENTED_EDGE('5238',*,*,#11150,.T.);
#11153=ORIENTED_EDGE('4948',*,*,#11152,.T.);
#11155=ORIENTED_EDGE('4951',*,*,#11154,.F.);
#11157=ORIENTED_EDGE('4949',*,*,#11156,.F.);
#11159=ORIENTED_EDGE('4935',*,*,#11158,.F.);
#11160=ORIENTED_EDGE('5236',*,*,#11136,.F.);
#11161=EDGE_LOOP('3905',(#11149,#11151,#11153,#11155,#11157,#11159,#11160));
#11162=FACE_OUTER_BOUND('3905',#11161,.F.);
#11163=ADVANCED_FACE('3905',(#11162),#11148,.F.);
#11164=CARTESIAN_POINT('',(2.529357507134E1,1.503592070943E0,-5.845E0));
#11165=DIRECTION('',(9.847835588179E-1,-1.737853339090E-1,0.E0));
#11166=DIRECTION('',(1.737853339090E-1,9.847835588179E-1,0.E0));
#11167=AXIS2_PLACEMENT_3D('',#11164,#11165,#11166);
#11168=PLANE('3929',#11167);
#11169=ORIENTED_EDGE('5128',*,*,#8948,.T.);
#11170=ORIENTED_EDGE('5237',*,*,#11125,.T.);
#11172=ORIENTED_EDGE('4939',*,*,#11171,.T.);
#11173=ORIENTED_EDGE('5238',*,*,#11150,.F.);
#11174=EDGE_LOOP('3929',(#11169,#11170,#11172,#11173));
#11175=FACE_OUTER_BOUND('3929',#11174,.F.);
#11176=ADVANCED_FACE('3929',(#11175),#11168,.T.);
#11177=CARTESIAN_POINT('',(2.523E1,1.625E0,-5.845E0));
#11178=DIRECTION('',(0.E0,1.E0,0.E0));
#11179=DIRECTION('',(-1.E0,0.E0,0.E0));
#11180=AXIS2_PLACEMENT_3D('',#11177,#11178,#11179);
#11181=PLANE('3934',#11180);
#11183=ORIENTED_EDGE('4944',*,*,#11182,.T.);
#11184=ORIENTED_EDGE('4948',*,*,#11152,.F.);
#11185=ORIENTED_EDGE('4939',*,*,#11171,.F.);
#11186=ORIENTED_EDGE('4946',*,*,#11123,.T.);
#11187=EDGE_LOOP('3934',(#11183,#11184,#11185,#11186));
#11188=FACE_OUTER_BOUND('3934',#11187,.F.);
#11189=ADVANCED_FACE('3934',(#11188),#11181,.T.);
#11190=CARTESIAN_POINT('',(2.5215E1,1.695E0,-5.790474061236E0));
#11191=DIRECTION('',(0.E0,0.E0,-1.E0));
#11192=DIRECTION('',(0.E0,-1.E0,0.E0));
#11193=AXIS2_PLACEMENT_3D('',#11190,#11191,#11192);
#11194=CYLINDRICAL_SURFACE('3936',#11193,7.E-2);
#11195=ORIENTED_EDGE('4944',*,*,#11182,.F.);
#11196=ORIENTED_EDGE('4950',*,*,#11121,.T.);
#11198=ORIENTED_EDGE('4945',*,*,#11197,.T.);
#11199=ORIENTED_EDGE('4951',*,*,#11154,.T.);
#11200=EDGE_LOOP('3936',(#11195,#11196,#11198,#11199));
#11201=FACE_OUTER_BOUND('3936',#11200,.F.);
#11202=ADVANCED_FACE('3936',(#11201),#11194,.F.);
#11203=CARTESIAN_POINT('',(2.5145E1,1.67E0,-5.845E0));
#11204=DIRECTION('',(-1.E0,0.E0,0.E0));
#11205=DIRECTION('',(0.E0,-1.E0,0.E0));
#11206=AXIS2_PLACEMENT_3D('',#11203,#11204,#11205);
#11207=PLANE('3935',#11206);
#11208=ORIENTED_EDGE('4945',*,*,#11197,.F.);
#11209=ORIENTED_EDGE('4947',*,*,#11119,.F.);
#11211=ORIENTED_EDGE('4943',*,*,#11210,.T.);
#11212=ORIENTED_EDGE('4949',*,*,#11156,.T.);
#11213=EDGE_LOOP('3935',(#11208,#11209,#11211,#11212));
#11214=FACE_OUTER_BOUND('3935',#11213,.F.);
#11215=ADVANCED_FACE('3935',(#11214),#11207,.F.);
#11216=CARTESIAN_POINT('',(2.5145E1,1.751806670091E0,-5.842733553764E0));
#11217=DIRECTION('',(-1.E0,0.E0,0.E0));
#11218=DIRECTION('',(0.E0,-9.698948674844E-1,-2.435240152993E-1));
#11219=AXIS2_PLACEMENT_3D('',#11216,#11217,#11218);
#11220=PLANE('3933',#11219);
#11222=ORIENTED_EDGE('4925',*,*,#11221,.F.);
#11224=ORIENTED_EDGE('4942',*,*,#11223,.T.);
#11226=ORIENTED_EDGE('4932',*,*,#11225,.T.);
#11227=ORIENTED_EDGE('4943',*,*,#11210,.F.);
#11228=EDGE_LOOP('3933',(#11222,#11224,#11226,#11227));
#11229=FACE_OUTER_BOUND('3933',#11228,.F.);
#11230=ADVANCED_FACE('3933',(#11229),#11220,.F.);
#11231=CARTESIAN_POINT('',(2.4765E1,1.715E0,-5.545E0));
#11232=DIRECTION('',(-1.E0,0.E0,0.E0));
#11233=DIRECTION('',(0.E0,0.E0,1.E0));
#11234=AXIS2_PLACEMENT_3D('',#11231,#11232,#11233);
#11235=CYLINDRICAL_SURFACE('3906',#11234,2.5E-1);
#11236=ORIENTED_EDGE('4925',*,*,#11221,.T.);
#11237=ORIENTED_EDGE('4928',*,*,#11117,.F.);
#11239=ORIENTED_EDGE('4915',*,*,#11238,.F.);
#11241=ORIENTED_EDGE('4929',*,*,#11240,.T.);
#11242=EDGE_LOOP('3906',(#11236,#11237,#11239,#11241));
#11243=FACE_OUTER_BOUND('3906',#11242,.F.);
#11244=ADVANCED_FACE('3906',(#11243),#11235,.F.);
#11245=CARTESIAN_POINT('',(2.487261765027E1,1.776914893262E0,
-5.785146921673E0));
#11246=CARTESIAN_POINT('',(2.487261765027E1,1.785569667033E0,
-5.818715860736E0));
#11247=CARTESIAN_POINT('',(2.487261765027E1,1.794224440805E0,
-5.852284799799E0));
#11248=CARTESIAN_POINT('',(2.487261765027E1,1.802879214576E0,
-5.885853738861E0));
#11249=CARTESIAN_POINT('',(2.487259304975E1,1.776408324833E0,
-5.785277527944E0));
#11250=CARTESIAN_POINT('',(2.487259304975E1,1.784992287933E0,
-5.818864723805E0));
#11251=CARTESIAN_POINT('',(2.487259304975E1,1.793576251033E0,
-5.852451919666E0));
#11252=CARTESIAN_POINT('',(2.487259304975E1,1.802160214134E0,
-5.886039115527E0));
#11253=CARTESIAN_POINT('',(2.487224954011E1,1.769332378076E0,
-5.787078009945E0));
#11254=CARTESIAN_POINT('',(2.487224954011E1,1.776927229911E0,
-5.820916886195E0));
#11255=CARTESIAN_POINT('',(2.487224954011E1,1.784522081746E0,
-5.854755762444E0));
#11256=CARTESIAN_POINT('',(2.487224954011E1,1.792116933581E0,
-5.888594638694E0));
#11257=CARTESIAN_POINT('',(2.487158269707E1,1.755535720038E0,
-5.789946638450E0));
#11258=CARTESIAN_POINT('',(2.487158269707E1,1.761202005936E0,
-5.824186505954E0));
#11259=CARTESIAN_POINT('',(2.487158269707E1,1.766868291834E0,
-5.858426373459E0));
#11260=CARTESIAN_POINT('',(2.487158269707E1,1.772534577733E0,
-5.892666240964E0));
#11261=CARTESIAN_POINT('',(2.487060375330E1,1.735336350615E0,
-5.792443813813E0));
#11262=CARTESIAN_POINT('',(2.487060375330E1,1.738179067523E0,
-5.827032748992E0));
#11263=CARTESIAN_POINT('',(2.487060375330E1,1.741021784430E0,
-5.861621684172E0));
#11264=CARTESIAN_POINT('',(2.487060375330E1,1.743864501338E0,
-5.896210619352E0));
#11265=CARTESIAN_POINT('',(2.486992317465E1,1.721255696614E0,
-5.793021460536E0));
#11266=CARTESIAN_POINT('',(2.486992317465E1,1.722130149208E0,
-5.827691142067E0));
#11267=CARTESIAN_POINT('',(2.486992317465E1,1.723004601801E0,
-5.862360823597E0));
#11268=CARTESIAN_POINT('',(2.486992317465E1,1.723879054394E0,
-5.897030505128E0));
#11269=CARTESIAN_POINT('',(2.486956870600E1,1.713953705829E0,
-5.792998342890E0));
#11270=CARTESIAN_POINT('',(2.486956870600E1,1.713807449591E0,
-5.827664792920E0));
#11271=CARTESIAN_POINT('',(2.486956870600E1,1.713661193353E0,
-5.862331242951E0));
#11272=CARTESIAN_POINT('',(2.486956870600E1,1.713514937116E0,
-5.896997692981E0));
#11273=CARTESIAN_POINT('',(2.486954330209E1,1.713430568474E0,
-5.792995029953E0));
#11274=CARTESIAN_POINT('',(2.486954330209E1,1.713211185477E0,
-5.827661016884E0));
#11275=CARTESIAN_POINT('',(2.486954330209E1,1.712991802481E0,
-5.862327003816E0));
#11276=CARTESIAN_POINT('',(2.486954330209E1,1.712772419484E0,
-5.896992990747E0));
#11277=B_SPLINE_SURFACE_WITH_KNOTS('3927',3,3,((#11245,#11246,#11247,#11248),(
#11249,#11250,#11251,#11252),(#11253,#11254,#11255,#11256),(#11257,#11258,
#11259,#11260),(#11261,#11262,#11263,#11264),(#11265,#11266,#11267,#11268),(
#11269,#11270,#11271,#11272),(#11273,#11274,#11275,#11276)),.UNSPECIFIED.,.F.,
.F.,.F.,(4,1,1,1,1,4),(4,4),(-2.572615857416E-2,0.E0,3.333333333333E-1,
6.666666666667E-1,1.E0,1.025724512279E0),(-2.000000858630E-2,1.020000437901E0),
.UNSPECIFIED.);
#11278=ORIENTED_EDGE('4915',*,*,#11238,.T.);
#11279=ORIENTED_EDGE('4924',*,*,#11138,.T.);
#11281=ORIENTED_EDGE('4918',*,*,#11280,.F.);
#11283=ORIENTED_EDGE('4923',*,*,#11282,.F.);
#11284=EDGE_LOOP('3927',(#11278,#11279,#11281,#11283));
#11285=FACE_OUTER_BOUND('3927',#11284,.F.);
#11286=ADVANCED_FACE('3927',(#11285),#11277,.F.);
#11287=CARTESIAN_POINT('',(2.4765E1,1.715E0,-5.545E0));
#11288=DIRECTION('',(-1.E0,0.E0,0.E0));
#11289=DIRECTION('',(0.E0,0.E0,1.E0));
#11290=AXIS2_PLACEMENT_3D('',#11287,#11288,#11289);
#11291=CYLINDRICAL_SURFACE('3910',#11290,3.5E-1);
#11292=ORIENTED_EDGE('4932',*,*,#11225,.F.);
#11294=ORIENTED_EDGE('4936',*,*,#11293,.F.);
#11295=ORIENTED_EDGE('4918',*,*,#11280,.T.);
#11296=ORIENTED_EDGE('4935',*,*,#11158,.T.);
#11297=EDGE_LOOP('3910',(#11292,#11294,#11295,#11296));
#11298=FACE_OUTER_BOUND('3910',#11297,.F.);
#11299=ADVANCED_FACE('3910',(#11298),#11291,.T.);
#11300=CARTESIAN_POINT('',(2.4765E1,1.800233405355E0,-5.884463203620E0));
#11301=DIRECTION('',(0.E0,-2.435240152993E-1,9.698948674844E-1));
#11302=DIRECTION('',(0.E0,9.698948674844E-1,2.435240152993E-1));
#11303=AXIS2_PLACEMENT_3D('',#11300,#11301,#11302);
#11304=PLANE('3911',#11303);
#11306=ORIENTED_EDGE('4933',*,*,#11305,.T.);
#11308=ORIENTED_EDGE('4937',*,*,#11307,.F.);
#11310=ORIENTED_EDGE('4919',*,*,#11309,.F.);
#11311=ORIENTED_EDGE('4936',*,*,#11293,.T.);
#11312=EDGE_LOOP('3911',(#11306,#11308,#11310,#11311));
#11313=FACE_OUTER_BOUND('3911',#11312,.F.);
#11314=ADVANCED_FACE('3911',(#11313),#11304,.F.);
#11315=CARTESIAN_POINT('',(2.5145E1,1.967176200765E0,-5.790994743374E0));
#11316=DIRECTION('',(1.E0,0.E0,0.E0));
#11317=DIRECTION('',(0.E0,9.698948674844E-1,2.435240152993E-1));
#11318=AXIS2_PLACEMENT_3D('',#11315,#11316,#11317);
#11319=PLANE('3932',#11318);
#11321=ORIENTED_EDGE('4926',*,*,#11320,.T.);
#11323=ORIENTED_EDGE('4941',*,*,#11322,.T.);
#11324=ORIENTED_EDGE('4933',*,*,#11305,.F.);
#11325=ORIENTED_EDGE('4942',*,*,#11223,.F.);
#11326=EDGE_LOOP('3932',(#11321,#11323,#11324,#11325));
#11327=FACE_OUTER_BOUND('3932',#11326,.F.);
#11328=ADVANCED_FACE('3932',(#11327),#11319,.T.);
#11329=CARTESIAN_POINT('',(2.4765E1,1.775881003825E0,-5.787473716871E0));
#11330=DIRECTION('',(0.E0,-2.435240152993E-1,9.698948674844E-1));
#11331=DIRECTION('',(0.E0,9.698948674844E-1,2.435240152993E-1));
#11332=AXIS2_PLACEMENT_3D('',#11329,#11330,#11331);
#11333=PLANE('3907',#11332);
#11334=ORIENTED_EDGE('4926',*,*,#11320,.F.);
#11335=ORIENTED_EDGE('4929',*,*,#11240,.F.);
#11337=ORIENTED_EDGE('4916',*,*,#11336,.T.);
#11339=ORIENTED_EDGE('4930',*,*,#11338,.T.);
#11340=EDGE_LOOP('3907',(#11334,#11335,#11337,#11339));
#11341=FACE_OUTER_BOUND('3907',#11340,.F.);
#11342=ADVANCED_FACE('3907',(#11341),#11333,.T.);
#11343=CARTESIAN_POINT('',(2.488114751624E1,1.967176200765E0,
-5.790994743374E0));
#11344=DIRECTION('',(9.989165707625E-1,-4.513591707484E-2,-1.133285691963E-2));
#11345=DIRECTION('',(4.653691713197E-2,9.688440550276E-1,2.432601742611E-1));
#11346=AXIS2_PLACEMENT_3D('',#11343,#11344,#11345);
#11347=PLANE('3926',#11346);
#11348=ORIENTED_EDGE('4916',*,*,#11336,.F.);
#11349=ORIENTED_EDGE('4923',*,*,#11282,.T.);
#11350=ORIENTED_EDGE('4919',*,*,#11309,.T.);
#11352=ORIENTED_EDGE('4922',*,*,#11351,.F.);
#11353=EDGE_LOOP('3926',(#11348,#11349,#11350,#11352));
#11354=FACE_OUTER_BOUND('3926',#11353,.F.);
#11355=ADVANCED_FACE('3926',(#11354),#11347,.F.);
#11356=CARTESIAN_POINT('',(2.488953894874E1,2.129234911728E0,
-5.696732187054E0));
#11357=CARTESIAN_POINT('',(2.488953894874E1,2.138282000779E0,
-5.730197747957E0));
#11358=CARTESIAN_POINT('',(2.488953894874E1,2.147329089829E0,
-5.763663308860E0));
#11359=CARTESIAN_POINT('',(2.488953894874E1,2.156376178880E0,
-5.797128869763E0));
#11360=CARTESIAN_POINT('',(2.488960968489E1,2.130697038978E0,
-5.696336815046E0));
#11361=CARTESIAN_POINT('',(2.488960968489E1,2.139542987943E0,
-5.729856765989E0));
#11362=CARTESIAN_POINT('',(2.488960968489E1,2.148388936909E0,
-5.763376716932E0));
#11363=CARTESIAN_POINT('',(2.488960968489E1,2.157234885875E0,
-5.796896667875E0));
#11364=CARTESIAN_POINT('',(2.489038819345E1,2.146824059862E0,
-5.692132266486E0));
#11365=CARTESIAN_POINT('',(2.489038819345E1,2.153451467078E0,
-5.726230623483E0));
#11366=CARTESIAN_POINT('',(2.489038819345E1,2.160078874293E0,
-5.760328980481E0));
#11367=CARTESIAN_POINT('',(2.489038819345E1,2.166706281508E0,
-5.794427337478E0));
#11368=CARTESIAN_POINT('',(2.489188004225E1,2.178383045960E0,
-5.687174625487E0));
#11369=CARTESIAN_POINT('',(2.489188004225E1,2.180668986219E0,
-5.721954989014E0));
#11370=CARTESIAN_POINT('',(2.489188004225E1,2.182954926479E0,
-5.756735352541E0));
#11371=CARTESIAN_POINT('',(2.489188004225E1,2.185240866738E0,
-5.791515716067E0));
#11372=CARTESIAN_POINT('',(2.489405912820E1,2.224010120914E0,
-5.688295371727E0));
#11373=CARTESIAN_POINT('',(2.489405912820E1,2.220019293042E0,
-5.722921557843E0));
#11374=CARTESIAN_POINT('',(2.489405912820E1,2.216028465170E0,
-5.757547743959E0));
#11375=CARTESIAN_POINT('',(2.489405912820E1,2.212037637298E0,
-5.792173930075E0));
#11376=CARTESIAN_POINT('',(2.489618605911E1,2.268692807409E0,
-5.697582946989E0));
#11377=CARTESIAN_POINT('',(2.489618605911E1,2.258555127850E0,
-5.730931471619E0));
#11378=CARTESIAN_POINT('',(2.489618605911E1,2.248417448292E0,
-5.764279996248E0));
#11379=CARTESIAN_POINT('',(2.489618605911E1,2.238279768734E0,
-5.797628520877E0));
#11380=CARTESIAN_POINT('',(2.489820539065E1,2.310978883586E0,
-5.714732846418E0));
#11381=CARTESIAN_POINT('',(2.489820539065E1,2.295024046219E0,
-5.745722115226E0));
#11382=CARTESIAN_POINT('',(2.489820539065E1,2.279069208853E0,
-5.776711384034E0));
#11383=CARTESIAN_POINT('',(2.489820539065E1,2.263114371486E0,
-5.807700652841E0));
#11384=CARTESIAN_POINT('',(2.489944935340E1,2.337298402771E0,
-5.731440682395E0));
#11385=CARTESIAN_POINT('',(2.489944935340E1,2.317722874851E0,
-5.760131508611E0));
#11386=CARTESIAN_POINT('',(2.489944935340E1,2.298147346931E0,
-5.788822334827E0));
#11387=CARTESIAN_POINT('',(2.489944935340E1,2.278571819011E0,
-5.817513161044E0));
#11388=CARTESIAN_POINT('',(2.490005555373E1,2.349857929104E0,
-5.741193727711E0));
#11389=CARTESIAN_POINT('',(2.490005555373E1,2.328554628043E0,
-5.768542859241E0));
#11390=CARTESIAN_POINT('',(2.490005555373E1,2.307251326981E0,
-5.795891990771E0));
#11391=CARTESIAN_POINT('',(2.490005555373E1,2.285948025920E0,
-5.823241122300E0));
#11392=CARTESIAN_POINT('',(2.490008436863E1,2.350454254206E0,
-5.741661143066E0));
#11393=CARTESIAN_POINT('',(2.490008436863E1,2.329068918642E0,
-5.768945973787E0));
#11394=CARTESIAN_POINT('',(2.490008436863E1,2.307683583078E0,
-5.796230804509E0));
#11395=CARTESIAN_POINT('',(2.490008436863E1,2.286298247514E0,
-5.823515635230E0));
#11396=B_SPLINE_SURFACE_WITH_KNOTS('3925',3,3,((#11356,#11357,#11358,#11359),(
#11360,#11361,#11362,#11363),(#11364,#11365,#11366,#11367),(#11368,#11369,
#11370,#11371),(#11372,#11373,#11374,#11375),(#11376,#11377,#11378,#11379),(
#11380,#11381,#11382,#11383),(#11384,#11385,#11386,#11387),(#11388,#11389,
#11390,#11391),(#11392,#11393,#11394,#11395)),.UNSPECIFIED.,.F.,.F.,.F.,(4,1,1,
1,1,1,1,4),(4,4),(-1.999417528078E-2,0.E0,2.E-1,4.E-1,6.E-1,8.E-1,1.E0,
1.010006501834E0),(-2.000679864078E-2,1.020000590439E0),.UNSPECIFIED.);
#11398=ORIENTED_EDGE('4917',*,*,#11397,.F.);
#11399=ORIENTED_EDGE('4922',*,*,#11351,.T.);
#11401=ORIENTED_EDGE('4920',*,*,#11400,.T.);
#11403=ORIENTED_EDGE('4921',*,*,#11402,.F.);
#11404=EDGE_LOOP('3925',(#11398,#11399,#11401,#11403));
#11405=FACE_OUTER_BOUND('3925',#11404,.F.);
#11406=ADVANCED_FACE('3925',(#11405),#11396,.T.);
#11407=CARTESIAN_POINT('',(2.4765E1,2.195E0,-5.94E0));
#11408=DIRECTION('',(-1.E0,0.E0,0.E0));
#11409=DIRECTION('',(0.E0,0.E0,1.E0));
#11410=AXIS2_PLACEMENT_3D('',#11407,#11408,#11409);
#11411=CYLINDRICAL_SURFACE('3908',#11410,2.5E-1);
#11413=ORIENTED_EDGE('4927',*,*,#11412,.F.);
#11414=ORIENTED_EDGE('4930',*,*,#11338,.F.);
#11415=ORIENTED_EDGE('4917',*,*,#11397,.T.);
#11417=ORIENTED_EDGE('4931',*,*,#11416,.T.);
#11418=EDGE_LOOP('3908',(#11413,#11414,#11415,#11417));
#11419=FACE_OUTER_BOUND('3908',#11418,.F.);
#11420=ADVANCED_FACE('3908',(#11419),#11411,.T.);
#11421=CARTESIAN_POINT('',(2.5145E1,2.235689466546E0,-5.744182821713E0));
#11422=DIRECTION('',(1.E0,0.E0,0.E0));
#11423=DIRECTION('',(0.E0,9.698948674844E-1,2.435240152993E-1));
#11424=AXIS2_PLACEMENT_3D('',#11421,#11422,#11423);
#11425=PLANE('3931',#11424);
#11426=ORIENTED_EDGE('4927',*,*,#11412,.T.);
#11428=ORIENTED_EDGE('4940',*,*,#11427,.T.);
#11430=ORIENTED_EDGE('4934',*,*,#11429,.F.);
#11431=ORIENTED_EDGE('4941',*,*,#11322,.F.);
#11432=EDGE_LOOP('3931',(#11426,#11428,#11430,#11431));
#11433=FACE_OUTER_BOUND('3931',#11432,.F.);
#11434=ADVANCED_FACE('3931',(#11433),#11425,.T.);
#11435=CARTESIAN_POINT('',(2.5145E1,2.445731707317E0,-5.880555816551E0));
#11436=DIRECTION('',(1.E0,0.E0,0.E0));
#11437=DIRECTION('',(0.E0,7.925891126474E-1,-6.097560975610E-1));
#11438=AXIS2_PLACEMENT_3D('',#11435,#11436,#11437);
#11439=PLANE('3930',#11438);
#11441=ORIENTED_EDGE('4969',*,*,#11440,.T.);
#11443=ORIENTED_EDGE('4967',*,*,#11442,.F.);
#11444=ORIENTED_EDGE('4940',*,*,#11427,.F.);
#11446=ORIENTED_EDGE('4959',*,*,#11445,.T.);
#11447=EDGE_LOOP('3930',(#11441,#11443,#11444,#11446));
#11448=FACE_OUTER_BOUND('3930',#11447,.F.);
#11449=ADVANCED_FACE('3930',(#11448),#11439,.T.);
#11450=CARTESIAN_POINT('',(2.5065E1,2.431846154845E0,-5.869873358071E0));
#11451=DIRECTION('',(0.E0,6.097560975610E-1,7.925891126474E-1));
#11452=DIRECTION('',(1.E0,1.647381220470E-14,-1.057253092584E-14));
#11453=AXIS2_PLACEMENT_3D('',#11450,#11451,#11452);
#11454=CYLINDRICAL_SURFACE('3942',#11453,8.E-2);
#11456=ORIENTED_EDGE('4953',*,*,#11455,.T.);
#11458=ORIENTED_EDGE('4974',*,*,#11457,.T.);
#11460=ORIENTED_EDGE('4961',*,*,#11459,.F.);
#11461=ORIENTED_EDGE('4969',*,*,#11440,.F.);
#11462=EDGE_LOOP('3942',(#11456,#11458,#11460,#11461));
#11463=FACE_OUTER_BOUND('3942',#11462,.F.);
#11464=ADVANCED_FACE('3942',(#11463),#11454,.T.);
#11465=CARTESIAN_POINT('',(2.4765E1,2.347439024390E0,-5.741852721838E0));
#11466=DIRECTION('',(0.E0,6.097560975610E-1,7.925891126474E-1));
#11467=DIRECTION('',(0.E0,7.925891126474E-1,-6.097560975610E-1));
#11468=AXIS2_PLACEMENT_3D('',#11465,#11466,#11467);
#11469=PLANE('3909',#11468);
#11471=ORIENTED_EDGE('4952',*,*,#11470,.F.);
#11473=ORIENTED_EDGE('4957',*,*,#11472,.F.);
#11475=ORIENTED_EDGE('4956',*,*,#11474,.F.);
#11477=ORIENTED_EDGE('4955',*,*,#11476,.F.);
#11479=ORIENTED_EDGE('4954',*,*,#11478,.F.);
#11480=ORIENTED_EDGE('4953',*,*,#11455,.F.);
#11481=ORIENTED_EDGE('4959',*,*,#11445,.F.);
#11482=ORIENTED_EDGE('4931',*,*,#11416,.F.);
#11484=ORIENTED_EDGE('4958',*,*,#11483,.T.);
#11485=EDGE_LOOP('3909',(#11471,#11473,#11475,#11477,#11479,#11480,#11481,
#11482,#11484));
#11486=FACE_OUTER_BOUND('3909',#11485,.F.);
#11487=ADVANCED_FACE('3909',(#11486),#11469,.T.);
#11488=CARTESIAN_POINT('',(2.498545860138E1,2.429433943139E0,
-5.868017590974E0));
#11489=DIRECTION('',(1.387778780781E-14,6.097560975610E-1,7.925891126474E-1));
#11490=DIRECTION('',(-9.328388682923E-1,2.855649690657E-1,-2.196913613360E-1));
#11491=AXIS2_PLACEMENT_3D('',#11488,#11489,#11490);
#11492=CYLINDRICAL_SURFACE('3937',#11491,8.E-2);
#11493=ORIENTED_EDGE('4952',*,*,#11470,.T.);
#11495=ORIENTED_EDGE('4968',*,*,#11494,.T.);
#11497=ORIENTED_EDGE('4960',*,*,#11496,.F.);
#11499=ORIENTED_EDGE('4970',*,*,#11498,.F.);
#11500=EDGE_LOOP('3937',(#11493,#11495,#11497,#11499));
#11501=FACE_OUTER_BOUND('3937',#11500,.F.);
#11502=ADVANCED_FACE('3937',(#11501),#11492,.T.);
#11503=CARTESIAN_POINT('',(2.490618348474E1,2.445731707317E0,
-5.880555816551E0));
#11504=DIRECTION('',(9.992760944775E-1,-3.015264633361E-2,2.319708871360E-2));
#11505=DIRECTION('',(3.804322549030E-2,7.920153530117E-1,-6.093146917546E-1));
#11506=AXIS2_PLACEMENT_3D('',#11503,#11504,#11505);
#11507=PLANE('3924',#11506);
#11508=ORIENTED_EDGE('4968',*,*,#11494,.F.);
#11509=ORIENTED_EDGE('4958',*,*,#11483,.F.);
#11510=ORIENTED_EDGE('4921',*,*,#11402,.T.);
#11512=ORIENTED_EDGE('4966',*,*,#11511,.T.);
#11513=EDGE_LOOP('3924',(#11508,#11509,#11510,#11512));
#11514=FACE_OUTER_BOUND('3924',#11513,.F.);
#11515=ADVANCED_FACE('3924',(#11514),#11507,.F.);
#11516=CARTESIAN_POINT('',(2.4765E1,2.286463414634E0,-5.821111633103E0));
#11517=DIRECTION('',(0.E0,6.097560975610E-1,7.925891126474E-1));
#11518=DIRECTION('',(0.E0,7.925891126474E-1,-6.097560975610E-1));
#11519=AXIS2_PLACEMENT_3D('',#11516,#11517,#11518);
#11520=PLANE('3913',#11519);
#11521=ORIENTED_EDGE('4960',*,*,#11496,.T.);
#11522=ORIENTED_EDGE('4966',*,*,#11511,.F.);
#11524=ORIENTED_EDGE('4938',*,*,#11523,.T.);
#11525=ORIENTED_EDGE('4967',*,*,#11442,.T.);
#11526=ORIENTED_EDGE('4961',*,*,#11459,.T.);
#11528=ORIENTED_EDGE('4962',*,*,#11527,.T.);
#11530=ORIENTED_EDGE('4963',*,*,#11529,.T.);
#11532=ORIENTED_EDGE('4964',*,*,#11531,.T.);
#11534=ORIENTED_EDGE('4965',*,*,#11533,.T.);
#11535=EDGE_LOOP('3913',(#11521,#11522,#11524,#11525,#11526,#11528,#11530,
#11532,#11534));
#11536=FACE_OUTER_BOUND('3913',#11535,.F.);
#11537=ADVANCED_FACE('3913',(#11536),#11520,.F.);
#11538=CARTESIAN_POINT('',(2.4765E1,2.195E0,-5.94E0));
#11539=DIRECTION('',(-1.E0,0.E0,0.E0));
#11540=DIRECTION('',(0.E0,0.E0,1.E0));
#11541=AXIS2_PLACEMENT_3D('',#11538,#11539,#11540);
#11542=CYLINDRICAL_SURFACE('3912',#11541,1.5E-1);
#11543=ORIENTED_EDGE('4934',*,*,#11429,.T.);
#11544=ORIENTED_EDGE('4938',*,*,#11523,.F.);
#11545=ORIENTED_EDGE('4920',*,*,#11400,.F.);
#11546=ORIENTED_EDGE('4937',*,*,#11307,.T.);
#11547=EDGE_LOOP('3912',(#11543,#11544,#11545,#11546));
#11548=FACE_OUTER_BOUND('3912',#11547,.F.);
#11549=ADVANCED_FACE('3912',(#11548),#11542,.F.);
#11550=CARTESIAN_POINT('',(2.511947268420E1,2.494893587534E0,
-5.918377123646E0));
#11551=DIRECTION('',(9.292994262121E-1,2.927247131986E-1,-2.251995087132E-1));
#11552=DIRECTION('',(-3.693271942897E-1,7.365526076052E-1,-5.666459915927E-1));
#11553=AXIS2_PLACEMENT_3D('',#11550,#11551,#11552);
#11554=PLANE('3941',#11553);
#11555=ORIENTED_EDGE('4954',*,*,#11478,.T.);
#11557=ORIENTED_EDGE('4973',*,*,#11556,.T.);
#11558=ORIENTED_EDGE('4962',*,*,#11527,.F.);
#11559=ORIENTED_EDGE('4974',*,*,#11457,.F.);
#11560=EDGE_LOOP('3941',(#11555,#11557,#11558,#11559));
#11561=FACE_OUTER_BOUND('3941',#11560,.F.);
#11562=ADVANCED_FACE('3941',(#11561),#11554,.T.);
#11563=CARTESIAN_POINT('',(2.502525746020E1,2.511105066110E0,
-5.930848967827E0));
#11564=DIRECTION('',(-1.110223024625E-14,6.097560975610E-1,7.925891126474E-1));
#11565=DIRECTION('',(9.292994262121E-1,2.927247131986E-1,-2.251995087132E-1));
#11566=AXIS2_PLACEMENT_3D('',#11563,#11564,#11565);
#11567=CYLINDRICAL_SURFACE('3940',#11566,8.E-2);
#11568=ORIENTED_EDGE('4955',*,*,#11476,.T.);
#11570=ORIENTED_EDGE('4972',*,*,#11569,.T.);
#11571=ORIENTED_EDGE('4963',*,*,#11529,.F.);
#11572=ORIENTED_EDGE('4973',*,*,#11556,.F.);
#11573=EDGE_LOOP('3940',(#11568,#11570,#11571,#11572));
#11574=FACE_OUTER_BOUND('3940',#11573,.F.);
#11575=ADVANCED_FACE('3940',(#11574),#11567,.T.);
#11576=CARTESIAN_POINT('',(2.502525746020E1,2.511105066110E0,
-5.930848967827E0));
#11577=DIRECTION('',(0.E0,6.097560975610E-1,7.925891126474E-1));
#11578=DIRECTION('',(-4.611045295588E-8,7.925891126474E-1,-6.097560975610E-1));
#11579=AXIS2_PLACEMENT_3D('',#11576,#11577,#11578);
#11580=CYLINDRICAL_SURFACE('3939',#11579,8.E-2);
#11581=ORIENTED_EDGE('4956',*,*,#11474,.T.);
#11583=ORIENTED_EDGE('4971',*,*,#11582,.T.);
#11584=ORIENTED_EDGE('4964',*,*,#11531,.F.);
#11585=ORIENTED_EDGE('4972',*,*,#11569,.F.);
#11586=EDGE_LOOP('3939',(#11581,#11583,#11584,#11585));
#11587=FACE_OUTER_BOUND('3939',#11586,.F.);
#11588=ADVANCED_FACE('3939',(#11587),#11580,.T.);
#11589=CARTESIAN_POINT('',(2.493073092133E1,2.493114702150E0,
-5.917008588308E0));
#11590=DIRECTION('',(-9.328388682923E-1,2.855649690657E-1,-2.196913613360E-1));
#11591=DIRECTION('',(-3.602938325911E-1,-7.393579308628E-1,5.688041879831E-1));
#11592=AXIS2_PLACEMENT_3D('',#11589,#11590,#11591);
#11593=PLANE('3938',#11592);
#11594=ORIENTED_EDGE('4957',*,*,#11472,.T.);
#11595=ORIENTED_EDGE('4970',*,*,#11498,.T.);
#11596=ORIENTED_EDGE('4965',*,*,#11533,.F.);
#11597=ORIENTED_EDGE('4971',*,*,#11582,.F.);
#11598=EDGE_LOOP('3938',(#11594,#11595,#11596,#11597));
#11599=FACE_OUTER_BOUND('3938',#11598,.F.);
#11600=ADVANCED_FACE('3938',(#11599),#11593,.T.);
#11601=CARTESIAN_POINT('',(2.4765E1,1.382184141886E0,5.795E0));
#11602=DIRECTION('',(0.E0,0.E0,-1.E0));
#11603=DIRECTION('',(0.E0,1.E0,0.E0));
#11604=AXIS2_PLACEMENT_3D('',#11601,#11602,#11603);
#11605=PLANE('3856',#11604);
#11606=ORIENTED_EDGE('5117',*,*,#8956,.T.);
#11608=ORIENTED_EDGE('5232',*,*,#11607,.T.);
#11610=ORIENTED_EDGE('4875',*,*,#11609,.T.);
#11612=ORIENTED_EDGE('4888',*,*,#11611,.T.);
#11614=ORIENTED_EDGE('4891',*,*,#11613,.F.);
#11616=ORIENTED_EDGE('4889',*,*,#11615,.F.);
#11618=ORIENTED_EDGE('5234',*,*,#11617,.F.);
#11619=EDGE_LOOP('3856',(#11606,#11608,#11610,#11612,#11614,#11616,#11618));
#11620=FACE_OUTER_BOUND('3856',#11619,.F.);
#11621=ADVANCED_FACE('3856',(#11620),#11605,.T.);
#11622=CARTESIAN_POINT('',(2.466837365646E1,1.548592070943E0,5.845E0));
#11623=DIRECTION('',(9.988483864850E-1,4.797812852134E-2,0.E0));
#11624=DIRECTION('',(-4.797812852134E-2,9.988483864850E-1,0.E0));
#11625=AXIS2_PLACEMENT_3D('',#11622,#11623,#11624);
#11626=PLANE('3889',#11625);
#11627=ORIENTED_EDGE('5121',*,*,#8962,.T.);
#11629=ORIENTED_EDGE('5231',*,*,#11628,.T.);
#11631=ORIENTED_EDGE('4864',*,*,#11630,.T.);
#11632=ORIENTED_EDGE('5232',*,*,#11607,.F.);
#11633=EDGE_LOOP('3889',(#11627,#11629,#11631,#11632));
#11634=FACE_OUTER_BOUND('3889',#11633,.F.);
#11635=ADVANCED_FACE('3889',(#11634),#11626,.T.);
#11636=CARTESIAN_POINT('',(2.4765E1,1.382184141886E0,5.895E0));
#11637=DIRECTION('',(0.E0,0.E0,-1.E0));
#11638=DIRECTION('',(0.E0,1.E0,0.E0));
#11639=AXIS2_PLACEMENT_3D('',#11636,#11637,#11638);
#11640=PLANE('3861',#11639);
#11641=ORIENTED_EDGE('5118',*,*,#8960,.F.);
#11643=ORIENTED_EDGE('5233',*,*,#11642,.T.);
#11645=ORIENTED_EDGE('4887',*,*,#11644,.T.);
#11647=ORIENTED_EDGE('4890',*,*,#11646,.F.);
#11649=ORIENTED_EDGE('4886',*,*,#11648,.F.);
#11651=ORIENTED_EDGE('4868',*,*,#11650,.F.);
#11652=ORIENTED_EDGE('5231',*,*,#11628,.F.);
#11653=EDGE_LOOP('3861',(#11641,#11643,#11645,#11647,#11649,#11651,#11652));
#11654=FACE_OUTER_BOUND('3861',#11653,.F.);
#11655=ADVANCED_FACE('3861',(#11654),#11640,.F.);
#11656=CARTESIAN_POINT('',(2.423642492866E1,1.503592070943E0,5.845E0));
#11657=DIRECTION('',(9.847835588179E-1,1.737853339090E-1,0.E0));
#11658=DIRECTION('',(-1.737853339090E-1,9.847835588179E-1,0.E0));
#11659=AXIS2_PLACEMENT_3D('',#11656,#11657,#11658);
#11660=PLANE('3890',#11659);
#11661=ORIENTED_EDGE('5122',*,*,#8958,.F.);
#11662=ORIENTED_EDGE('5234',*,*,#11617,.T.);
#11664=ORIENTED_EDGE('4879',*,*,#11663,.F.);
#11665=ORIENTED_EDGE('5233',*,*,#11642,.F.);
#11666=EDGE_LOOP('3890',(#11661,#11662,#11664,#11665));
#11667=FACE_OUTER_BOUND('3890',#11666,.F.);
#11668=ADVANCED_FACE('3890',(#11667),#11660,.F.);
#11669=CARTESIAN_POINT('',(2.43E1,1.625E0,5.845E0));
#11670=DIRECTION('',(0.E0,-1.E0,0.E0));
#11671=DIRECTION('',(1.E0,0.E0,0.E0));
#11672=AXIS2_PLACEMENT_3D('',#11669,#11670,#11671);
#11673=PLANE('3896',#11672);
#11675=ORIENTED_EDGE('4885',*,*,#11674,.F.);
#11676=ORIENTED_EDGE('4887',*,*,#11644,.F.);
#11677=ORIENTED_EDGE('4879',*,*,#11663,.T.);
#11678=ORIENTED_EDGE('4889',*,*,#11615,.T.);
#11679=EDGE_LOOP('3896',(#11675,#11676,#11677,#11678));
#11680=FACE_OUTER_BOUND('3896',#11679,.F.);
#11681=ADVANCED_FACE('3896',(#11680),#11673,.F.);
#11682=CARTESIAN_POINT('',(2.4315E1,1.695E0,5.899525938764E0));
#11683=DIRECTION('',(0.E0,0.E0,-1.E0));
#11684=DIRECTION('',(1.E0,0.E0,0.E0));
#11685=AXIS2_PLACEMENT_3D('',#11682,#11683,#11684);
#11686=CYLINDRICAL_SURFACE('3897',#11685,7.E-2);
#11688=ORIENTED_EDGE('4884',*,*,#11687,.F.);
#11689=ORIENTED_EDGE('4890',*,*,#11646,.T.);
#11690=ORIENTED_EDGE('4885',*,*,#11674,.T.);
#11691=ORIENTED_EDGE('4891',*,*,#11613,.T.);
#11692=EDGE_LOOP('3897',(#11688,#11689,#11690,#11691));
#11693=FACE_OUTER_BOUND('3897',#11692,.F.);
#11694=ADVANCED_FACE('3897',(#11693),#11686,.F.);
#11695=CARTESIAN_POINT('',(2.4385E1,1.67E0,5.845E0));
#11696=DIRECTION('',(-1.E0,0.E0,0.E0));
#11697=DIRECTION('',(0.E0,-1.E0,0.E0));
#11698=AXIS2_PLACEMENT_3D('',#11695,#11696,#11697);
#11699=PLANE('3895',#11698);
#11700=ORIENTED_EDGE('4884',*,*,#11687,.T.);
#11701=ORIENTED_EDGE('4888',*,*,#11611,.F.);
#11703=ORIENTED_EDGE('4883',*,*,#11702,.F.);
#11704=ORIENTED_EDGE('4886',*,*,#11648,.T.);
#11705=EDGE_LOOP('3895',(#11700,#11701,#11703,#11704));
#11706=FACE_OUTER_BOUND('3895',#11705,.F.);
#11707=ADVANCED_FACE('3895',(#11706),#11699,.T.);
#11708=CARTESIAN_POINT('',(2.4385E1,1.751806670091E0,5.842733553764E0));
#11709=DIRECTION('',(-1.E0,0.E0,0.E0));
#11710=DIRECTION('',(0.E0,-9.698948674844E-1,2.435240152993E-1));
#11711=AXIS2_PLACEMENT_3D('',#11708,#11709,#11710);
#11712=PLANE('3894',#11711);
#11714=ORIENTED_EDGE('4865',*,*,#11713,.T.);
#11715=ORIENTED_EDGE('4883',*,*,#11702,.T.);
#11717=ORIENTED_EDGE('4872',*,*,#11716,.F.);
#11719=ORIENTED_EDGE('4882',*,*,#11718,.F.);
#11720=EDGE_LOOP('3894',(#11714,#11715,#11717,#11719));
#11721=FACE_OUTER_BOUND('3894',#11720,.F.);
#11722=ADVANCED_FACE('3894',(#11721),#11712,.T.);
#11723=CARTESIAN_POINT('',(2.4765E1,1.715E0,5.545E0));
#11724=DIRECTION('',(1.E0,0.E0,0.E0));
#11725=DIRECTION('',(0.E0,0.E0,-1.E0));
#11726=AXIS2_PLACEMENT_3D('',#11723,#11724,#11725);
#11727=CYLINDRICAL_SURFACE('3862',#11726,3.5E-1);
#11728=ORIENTED_EDGE('4865',*,*,#11713,.F.);
#11730=ORIENTED_EDGE('4869',*,*,#11729,.F.);
#11732=ORIENTED_EDGE('4855',*,*,#11731,.T.);
#11733=ORIENTED_EDGE('4868',*,*,#11650,.T.);
#11734=EDGE_LOOP('3862',(#11728,#11730,#11732,#11733));
#11735=FACE_OUTER_BOUND('3862',#11734,.F.);
#11736=ADVANCED_FACE('3862',(#11735),#11727,.T.);
#11737=CARTESIAN_POINT('',(2.4765E1,1.800233405355E0,5.884463203620E0));
#11738=DIRECTION('',(0.E0,-2.435240152993E-1,-9.698948674844E-1));
#11739=DIRECTION('',(0.E0,9.698948674844E-1,-2.435240152993E-1));
#11740=AXIS2_PLACEMENT_3D('',#11737,#11738,#11739);
#11741=PLANE('3863',#11740);
#11743=ORIENTED_EDGE('4866',*,*,#11742,.T.);
#11745=ORIENTED_EDGE('4870',*,*,#11744,.F.);
#11747=ORIENTED_EDGE('4856',*,*,#11746,.F.);
#11748=ORIENTED_EDGE('4869',*,*,#11729,.T.);
#11749=EDGE_LOOP('3863',(#11743,#11745,#11747,#11748));
#11750=FACE_OUTER_BOUND('3863',#11749,.F.);
#11751=ADVANCED_FACE('3863',(#11750),#11741,.F.);
#11752=CARTESIAN_POINT('',(2.4385E1,1.967176200765E0,5.790994743374E0));
#11753=DIRECTION('',(1.E0,0.E0,0.E0));
#11754=DIRECTION('',(0.E0,9.698948674844E-1,-2.435240152993E-1));
#11755=AXIS2_PLACEMENT_3D('',#11752,#11753,#11754);
#11756=PLANE('3893',#11755);
#11757=ORIENTED_EDGE('4866',*,*,#11742,.F.);
#11758=ORIENTED_EDGE('4882',*,*,#11718,.T.);
#11760=ORIENTED_EDGE('4873',*,*,#11759,.T.);
#11762=ORIENTED_EDGE('4881',*,*,#11761,.F.);
#11763=EDGE_LOOP('3893',(#11757,#11758,#11760,#11762));
#11764=FACE_OUTER_BOUND('3893',#11763,.F.);
#11765=ADVANCED_FACE('3893',(#11764),#11756,.F.);
#11766=CARTESIAN_POINT('',(2.4765E1,1.775881003825E0,5.787473716871E0));
#11767=DIRECTION('',(0.E0,-2.435240152993E-1,-9.698948674844E-1));
#11768=DIRECTION('',(0.E0,9.698948674844E-1,-2.435240152993E-1));
#11769=AXIS2_PLACEMENT_3D('',#11766,#11767,#11768);
#11770=PLANE('3858',#11769);
#11771=ORIENTED_EDGE('4873',*,*,#11759,.F.);
#11773=ORIENTED_EDGE('4876',*,*,#11772,.F.);
#11775=ORIENTED_EDGE('4859',*,*,#11774,.T.);
#11777=ORIENTED_EDGE('4877',*,*,#11776,.T.);
#11778=EDGE_LOOP('3858',(#11771,#11773,#11775,#11777));
#11779=FACE_OUTER_BOUND('3858',#11778,.F.);
#11780=ADVANCED_FACE('3858',(#11779),#11770,.T.);
#11781=CARTESIAN_POINT('',(2.4765E1,1.715E0,5.545E0));
#11782=DIRECTION('',(1.E0,0.E0,0.E0));
#11783=DIRECTION('',(0.E0,0.E0,-1.E0));
#11784=AXIS2_PLACEMENT_3D('',#11781,#11782,#11783);
#11785=CYLINDRICAL_SURFACE('3857',#11784,2.5E-1);
#11786=ORIENTED_EDGE('4872',*,*,#11716,.T.);
#11787=ORIENTED_EDGE('4875',*,*,#11609,.F.);
#11789=ORIENTED_EDGE('4858',*,*,#11788,.F.);
#11790=ORIENTED_EDGE('4876',*,*,#11772,.T.);
#11791=EDGE_LOOP('3857',(#11786,#11787,#11789,#11790));
#11792=FACE_OUTER_BOUND('3857',#11791,.F.);
#11793=ADVANCED_FACE('3857',(#11792),#11785,.F.);
#11794=CARTESIAN_POINT('',(2.465618319317E1,1.802876965662E0,5.885854318680E0));
#11795=CARTESIAN_POINT('',(2.465618319317E1,1.794222413375E0,5.852285322514E0));
#11796=CARTESIAN_POINT('',(2.465618319317E1,1.785567861087E0,5.818716326348E0));
#11797=CARTESIAN_POINT('',(2.465618319317E1,1.776913308800E0,5.785147330182E0));
#11798=CARTESIAN_POINT('',(2.465621759803E1,1.802158713632E0,5.886039497328E0));
#11799=CARTESIAN_POINT('',(2.465621759803E1,1.793574898309E0,5.852452263865E0));
#11800=CARTESIAN_POINT('',(2.465621759803E1,1.784991082985E0,5.818865030402E0));
#11801=CARTESIAN_POINT('',(2.465621759803E1,1.776407267662E0,5.785277796940E0));
#11802=CARTESIAN_POINT('',(2.465669847584E1,1.792116174987E0,5.888594796422E0));
#11803=CARTESIAN_POINT('',(2.465669847584E1,1.784521397862E0,5.854755904638E0));
#11804=CARTESIAN_POINT('',(2.465669847584E1,1.776926620737E0,5.820917012855E0));
#11805=CARTESIAN_POINT('',(2.465669847584E1,1.769331843612E0,5.787078121071E0));
#11806=CARTESIAN_POINT('',(2.465763201992E1,1.772534577732E0,5.892666240963E0));
#11807=CARTESIAN_POINT('',(2.465763201992E1,1.766868291834E0,5.858426373458E0));
#11808=CARTESIAN_POINT('',(2.465763201992E1,1.761202005936E0,5.824186505954E0));
#11809=CARTESIAN_POINT('',(2.465763201992E1,1.755535720038E0,5.789946638450E0));
#11810=CARTESIAN_POINT('',(2.465900254120E1,1.743864501338E0,5.896210619351E0));
#11811=CARTESIAN_POINT('',(2.465900254120E1,1.741021784430E0,5.861621684171E0));
#11812=CARTESIAN_POINT('',(2.465900254120E1,1.738179067523E0,5.827032748992E0));
#11813=CARTESIAN_POINT('',(2.465900254120E1,1.735336350615E0,5.792443813813E0));
#11814=CARTESIAN_POINT('',(2.465995531344E1,1.723879848758E0,5.897030472539E0));
#11815=CARTESIAN_POINT('',(2.465995531344E1,1.723005317932E0,5.862360794218E0));
#11816=CARTESIAN_POINT('',(2.465995531344E1,1.722130787106E0,5.827691115897E0));
#11817=CARTESIAN_POINT('',(2.465995531344E1,1.721256256280E0,5.793021437576E0));
#11818=CARTESIAN_POINT('',(2.466045153135E1,1.713516525864E0,5.896997698007E0));
#11819=CARTESIAN_POINT('',(2.466045153135E1,1.713662625634E0,5.862331247482E0));
#11820=CARTESIAN_POINT('',(2.466045153135E1,1.713808725404E0,5.827664796957E0));
#11821=CARTESIAN_POINT('',(2.466045153135E1,1.713954825174E0,5.792998346432E0));
#11822=CARTESIAN_POINT('',(2.466048705875E1,1.712774802562E0,5.896993005830E0));
#11823=CARTESIAN_POINT('',(2.466048705875E1,1.712993950861E0,5.862327017413E0));
#11824=CARTESIAN_POINT('',(2.466048705875E1,1.713213099160E0,5.827661028996E0));
#11825=CARTESIAN_POINT('',(2.466048705875E1,1.713432247460E0,5.792995040580E0));
#11826=B_SPLINE_SURFACE_WITH_KNOTS('3888',3,3,((#11794,#11795,#11796,#11797),(
#11798,#11799,#11800,#11801),(#11802,#11803,#11804,#11805),(#11806,#11807,
#11808,#11809),(#11810,#11811,#11812,#11813),(#11814,#11815,#11816,#11817),(
#11818,#11819,#11820,#11821),(#11822,#11823,#11824,#11825)),.UNSPECIFIED.,.F.,
.F.,.F.,(4,1,1,1,1,4),(4,4),(-2.569933621676E-2,0.E0,3.333333333333E-1,
6.666666666667E-1,1.E0,1.025696991720E0),(-2.000043789099E-2,1.020000008586E0),
.UNSPECIFIED.);
#11827=ORIENTED_EDGE('4855',*,*,#11731,.F.);
#11829=ORIENTED_EDGE('4863',*,*,#11828,.T.);
#11830=ORIENTED_EDGE('4858',*,*,#11788,.T.);
#11831=ORIENTED_EDGE('4864',*,*,#11630,.F.);
#11832=EDGE_LOOP('3888',(#11827,#11829,#11830,#11831));
#11833=FACE_OUTER_BOUND('3888',#11832,.F.);
#11834=ADVANCED_FACE('3888',(#11833),#11826,.T.);
#11835=CARTESIAN_POINT('',(2.464768275404E1,1.967176200765E0,5.790994743374E0));
#11836=DIRECTION('',(9.989165707625E-1,4.513591707484E-2,-1.133285691963E-2));
#11837=DIRECTION('',(-4.653691713197E-2,9.688440550276E-1,-2.432601742611E-1));
#11838=AXIS2_PLACEMENT_3D('',#11835,#11836,#11837);
#11839=PLANE('3887',#11838);
#11840=ORIENTED_EDGE('4856',*,*,#11746,.T.);
#11842=ORIENTED_EDGE('4862',*,*,#11841,.T.);
#11843=ORIENTED_EDGE('4859',*,*,#11774,.F.);
#11844=ORIENTED_EDGE('4863',*,*,#11828,.F.);
#11845=EDGE_LOOP('3887',(#11840,#11842,#11843,#11844));
#11846=FACE_OUTER_BOUND('3887',#11845,.F.);
#11847=ADVANCED_FACE('3887',(#11846),#11839,.T.);
#11848=CARTESIAN_POINT('',(2.463920642993E1,2.156375848466E0,5.797128959879E0));
#11849=CARTESIAN_POINT('',(2.463920642993E1,2.147328681903E0,5.763663419647E0));
#11850=CARTESIAN_POINT('',(2.463920642993E1,2.138281515339E0,5.730197879415E0));
#11851=CARTESIAN_POINT('',(2.463920642993E1,2.129234348776E0,5.696732339183E0));
#11852=CARTESIAN_POINT('',(2.463916398280E1,2.157234665120E0,5.796896726195E0));
#11853=CARTESIAN_POINT('',(2.463916398280E1,2.148388664330E0,5.763376788475E0));
#11854=CARTESIAN_POINT('',(2.463916398280E1,2.139542663540E0,5.729856850755E0));
#11855=CARTESIAN_POINT('',(2.463916398280E1,2.130696662750E0,5.696336913036E0));
#11856=CARTESIAN_POINT('',(2.463869687223E1,2.166706168412E0,5.794427355997E0));
#11857=CARTESIAN_POINT('',(2.463869687223E1,2.160078734620E0,5.760329002891E0));
#11858=CARTESIAN_POINT('',(2.463869687223E1,2.153451300827E0,5.726230649786E0));
#11859=CARTESIAN_POINT('',(2.463869687223E1,2.146823867034E0,5.692132296681E0));
#11860=CARTESIAN_POINT('',(2.463780175748E1,2.185240866787E0,5.791515716812E0));
#11861=CARTESIAN_POINT('',(2.463780175748E1,2.182954926509E0,5.756735353005E0));
#11862=CARTESIAN_POINT('',(2.463780175748E1,2.180668986231E0,5.721954989198E0));
#11863=CARTESIAN_POINT('',(2.463780175748E1,2.178383045953E0,5.687174625392E0));
#11864=CARTESIAN_POINT('',(2.463649430592E1,2.212037637213E0,5.792173930816E0));
#11865=CARTESIAN_POINT('',(2.463649430592E1,2.216028465117E0,5.757547744421E0));
#11866=CARTESIAN_POINT('',(2.463649430592E1,2.220019293021E0,5.722921558026E0));
#11867=CARTESIAN_POINT('',(2.463649430592E1,2.224010120925E0,5.688295371632E0));
#11868=CARTESIAN_POINT('',(2.463521814737E1,2.238279768517E0,5.797628521590E0));
#11869=CARTESIAN_POINT('',(2.463521814737E1,2.248417448157E0,5.764279996693E0));
#11870=CARTESIAN_POINT('',(2.463521814737E1,2.258555127797E0,5.730931471795E0));
#11871=CARTESIAN_POINT('',(2.463521814737E1,2.268692807436E0,5.697582946898E0));
#11872=CARTESIAN_POINT('',(2.463400654845E1,2.263114371144E0,5.807700653505E0));
#11873=CARTESIAN_POINT('',(2.463400654845E1,2.279069208640E0,5.776711384447E0));
#11874=CARTESIAN_POINT('',(2.463400654845E1,2.295024046135E0,5.745722115390E0));
#11875=CARTESIAN_POINT('',(2.463400654845E1,2.310978883630E0,5.714732846333E0));
#11876=CARTESIAN_POINT('',(2.463326017079E1,2.278571818592E0,5.817513161658E0));
#11877=CARTESIAN_POINT('',(2.463326017079E1,2.298147346670E0,5.788822335210E0));
#11878=CARTESIAN_POINT('',(2.463326017079E1,2.317722874747E0,5.760131508763E0));
#11879=CARTESIAN_POINT('',(2.463326017079E1,2.337298402825E0,5.731440682316E0));
#11880=CARTESIAN_POINT('',(2.463289645059E1,2.285948025464E0,5.823241122886E0));
#11881=CARTESIAN_POINT('',(2.463289645059E1,2.307251326697E0,5.795891991136E0));
#11882=CARTESIAN_POINT('',(2.463289645059E1,2.328554627930E0,5.768542859386E0));
#11883=CARTESIAN_POINT('',(2.463289645059E1,2.349857929163E0,5.741193727636E0));
#11884=CARTESIAN_POINT('',(2.463287916165E1,2.286298247056E0,5.823515635814E0));
#11885=CARTESIAN_POINT('',(2.463287916165E1,2.307683582792E0,5.796230804873E0));
#11886=CARTESIAN_POINT('',(2.463287916165E1,2.329068918528E0,5.768945973932E0));
#11887=CARTESIAN_POINT('',(2.463287916165E1,2.350454254265E0,5.741661142991E0));
#11888=B_SPLINE_SURFACE_WITH_KNOTS('3886',3,3,((#11848,#11849,#11850,#11851),(
#11852,#11853,#11854,#11855),(#11856,#11857,#11858,#11859),(#11860,#11861,
#11862,#11863),(#11864,#11865,#11866,#11867),(#11868,#11869,#11870,#11871),(
#11872,#11873,#11874,#11875),(#11876,#11877,#11878,#11879),(#11880,#11881,
#11882,#11883),(#11884,#11885,#11886,#11887)),.UNSPECIFIED.,.F.,.F.,.F.,(4,1,1,
1,1,1,1,4),(4,4),(-1.999674124015E-2,0.E0,2.E-1,4.E-1,6.E-1,8.E-1,1.E0,
1.010006501834E0),(-2.000059785699E-2,1.020006799593E0),.UNSPECIFIED.);
#11890=ORIENTED_EDGE('4857',*,*,#11889,.T.);
#11892=ORIENTED_EDGE('4861',*,*,#11891,.T.);
#11894=ORIENTED_EDGE('4860',*,*,#11893,.F.);
#11895=ORIENTED_EDGE('4862',*,*,#11841,.F.);
#11896=EDGE_LOOP('3886',(#11890,#11892,#11894,#11895));
#11897=FACE_OUTER_BOUND('3886',#11896,.F.);
#11898=ADVANCED_FACE('3886',(#11897),#11888,.F.);
#11899=CARTESIAN_POINT('',(2.4765E1,2.195E0,5.94E0));
#11900=DIRECTION('',(1.E0,0.E0,0.E0));
#11901=DIRECTION('',(0.E0,0.E0,-1.E0));
#11902=AXIS2_PLACEMENT_3D('',#11899,#11900,#11901);
#11903=CYLINDRICAL_SURFACE('3864',#11902,1.5E-1);
#11905=ORIENTED_EDGE('4867',*,*,#11904,.T.);
#11907=ORIENTED_EDGE('4871',*,*,#11906,.F.);
#11908=ORIENTED_EDGE('4857',*,*,#11889,.F.);
#11909=ORIENTED_EDGE('4870',*,*,#11744,.T.);
#11910=EDGE_LOOP('3864',(#11905,#11907,#11908,#11909));
#11911=FACE_OUTER_BOUND('3864',#11910,.F.);
#11912=ADVANCED_FACE('3864',(#11911),#11903,.F.);
#11913=CARTESIAN_POINT('',(2.4385E1,2.235689466546E0,5.744182821713E0));
#11914=DIRECTION('',(1.E0,0.E0,0.E0));
#11915=DIRECTION('',(0.E0,9.698948674844E-1,-2.435240152993E-1));
#11916=AXIS2_PLACEMENT_3D('',#11913,#11914,#11915);
#11917=PLANE('3892',#11916);
#11918=ORIENTED_EDGE('4867',*,*,#11904,.F.);
#11919=ORIENTED_EDGE('4881',*,*,#11761,.T.);
#11921=ORIENTED_EDGE('4874',*,*,#11920,.T.);
#11923=ORIENTED_EDGE('4880',*,*,#11922,.F.);
#11924=EDGE_LOOP('3892',(#11918,#11919,#11921,#11923));
#11925=FACE_OUTER_BOUND('3892',#11924,.F.);
#11926=ADVANCED_FACE('3892',(#11925),#11917,.F.);
#11927=CARTESIAN_POINT('',(2.4765E1,2.195E0,5.94E0));
#11928=DIRECTION('',(1.E0,0.E0,0.E0));
#11929=DIRECTION('',(0.E0,0.E0,-1.E0));
#11930=AXIS2_PLACEMENT_3D('',#11927,#11928,#11929);
#11931=CYLINDRICAL_SURFACE('3859',#11930,2.5E-1);
#11932=ORIENTED_EDGE('4874',*,*,#11920,.F.);
#11933=ORIENTED_EDGE('4877',*,*,#11776,.F.);
#11934=ORIENTED_EDGE('4860',*,*,#11893,.T.);
#11936=ORIENTED_EDGE('4878',*,*,#11935,.T.);
#11937=EDGE_LOOP('3859',(#11932,#11933,#11934,#11936));
#11938=FACE_OUTER_BOUND('3859',#11937,.F.);
#11939=ADVANCED_FACE('3859',(#11938),#11931,.T.);
#11940=CARTESIAN_POINT('',(2.4765E1,2.347439024390E0,5.741852721838E0));
#11941=DIRECTION('',(0.E0,6.097560975610E-1,-7.925891126474E-1));
#11942=DIRECTION('',(0.E0,7.925891126474E-1,6.097560975610E-1));
#11943=AXIS2_PLACEMENT_3D('',#11940,#11941,#11942);
#11944=PLANE('3860',#11943);
#11946=ORIENTED_EDGE('4900',*,*,#11945,.F.);
#11948=ORIENTED_EDGE('4905',*,*,#11947,.F.);
#11950=ORIENTED_EDGE('4904',*,*,#11949,.F.);
#11952=ORIENTED_EDGE('4903',*,*,#11951,.F.);
#11954=ORIENTED_EDGE('4902',*,*,#11953,.F.);
#11956=ORIENTED_EDGE('4901',*,*,#11955,.F.);
#11958=ORIENTED_EDGE('4907',*,*,#11957,.F.);
#11959=ORIENTED_EDGE('4878',*,*,#11935,.F.);
#11961=ORIENTED_EDGE('4906',*,*,#11960,.T.);
#11962=EDGE_LOOP('3860',(#11946,#11948,#11950,#11952,#11954,#11956,#11958,
#11959,#11961));
#11963=FACE_OUTER_BOUND('3860',#11962,.F.);
#11964=ADVANCED_FACE('3860',(#11963),#11944,.T.);
#11965=CARTESIAN_POINT('',(2.454735440034E1,2.431846154845E0,5.869873358071E0));
#11966=DIRECTION('',(1.110223024625E-14,6.097560975610E-1,-7.925891126474E-1));
#11967=DIRECTION('',(9.246757232844E-1,3.017827221537E-1,2.321680326356E-1));
#11968=AXIS2_PLACEMENT_3D('',#11965,#11966,#11967);
#11969=CYLINDRICAL_SURFACE('3898',#11968,8.E-2);
#11971=ORIENTED_EDGE('4892',*,*,#11970,.F.);
#11973=ORIENTED_EDGE('4910',*,*,#11972,.T.);
#11974=ORIENTED_EDGE('4900',*,*,#11945,.T.);
#11976=ORIENTED_EDGE('4908',*,*,#11975,.F.);
#11977=EDGE_LOOP('3898',(#11971,#11973,#11974,#11976));
#11978=FACE_OUTER_BOUND('3898',#11977,.F.);
#11979=ADVANCED_FACE('3898',(#11978),#11969,.T.);
#11980=CARTESIAN_POINT('',(2.4765E1,2.286463414634E0,5.821111633103E0));
#11981=DIRECTION('',(0.E0,6.097560975610E-1,-7.925891126474E-1));
#11982=DIRECTION('',(0.E0,7.925891126474E-1,6.097560975610E-1));
#11983=AXIS2_PLACEMENT_3D('',#11980,#11981,#11982);
#11984=PLANE('3865',#11983);
#11985=ORIENTED_EDGE('4892',*,*,#11970,.T.);
#11987=ORIENTED_EDGE('4898',*,*,#11986,.F.);
#11988=ORIENTED_EDGE('4871',*,*,#11906,.T.);
#11990=ORIENTED_EDGE('4899',*,*,#11989,.T.);
#11992=ORIENTED_EDGE('4893',*,*,#11991,.T.);
#11994=ORIENTED_EDGE('4894',*,*,#11993,.T.);
#11996=ORIENTED_EDGE('4895',*,*,#11995,.T.);
#11998=ORIENTED_EDGE('4896',*,*,#11997,.T.);
#12000=ORIENTED_EDGE('4897',*,*,#11999,.T.);
#12001=EDGE_LOOP('3865',(#11985,#11987,#11988,#11990,#11992,#11994,#11996,
#11998,#12000));
#12002=FACE_OUTER_BOUND('3865',#12001,.F.);
#12003=ADVANCED_FACE('3865',(#12002),#11984,.F.);
#12004=CARTESIAN_POINT('',(2.462674538383E1,2.445731707317E0,5.880555816551E0));
#12005=DIRECTION('',(9.992760944775E-1,3.015264633361E-2,2.319708871360E-2));
#12006=DIRECTION('',(-3.804322549030E-2,7.920153530117E-1,6.093146917546E-1));
#12007=AXIS2_PLACEMENT_3D('',#12004,#12005,#12006);
#12008=PLANE('3885',#12007);
#12009=ORIENTED_EDGE('4908',*,*,#11975,.T.);
#12010=ORIENTED_EDGE('4906',*,*,#11960,.F.);
#12011=ORIENTED_EDGE('4861',*,*,#11891,.F.);
#12012=ORIENTED_EDGE('4898',*,*,#11986,.T.);
#12013=EDGE_LOOP('3885',(#12009,#12010,#12011,#12012));
#12014=FACE_OUTER_BOUND('3885',#12013,.F.);
#12015=ADVANCED_FACE('3885',(#12014),#12008,.T.);
#12016=CARTESIAN_POINT('',(2.4385E1,2.445731707317E0,5.880555816551E0));
#12017=DIRECTION('',(1.E0,0.E0,0.E0));
#12018=DIRECTION('',(0.E0,7.925891126474E-1,6.097560975610E-1));
#12019=AXIS2_PLACEMENT_3D('',#12016,#12017,#12018);
#12020=PLANE('3891',#12019);
#12022=ORIENTED_EDGE('4909',*,*,#12021,.F.);
#12023=ORIENTED_EDGE('4899',*,*,#11989,.F.);
#12024=ORIENTED_EDGE('4880',*,*,#11922,.T.);
#12025=ORIENTED_EDGE('4907',*,*,#11957,.T.);
#12026=EDGE_LOOP('3891',(#12022,#12023,#12024,#12025));
#12027=FACE_OUTER_BOUND('3891',#12026,.F.);
#12028=ADVANCED_FACE('3891',(#12027),#12020,.F.);
#12029=CARTESIAN_POINT('',(2.4465E1,2.431846154845E0,5.869873358071E0));
#12030=DIRECTION('',(0.E0,6.097560975610E-1,-7.925891126474E-1));
#12031=DIRECTION('',(-1.E0,0.E0,0.E0));
#12032=AXIS2_PLACEMENT_3D('',#12029,#12030,#12031);
#12033=CYLINDRICAL_SURFACE('3899',#12032,8.E-2);
#12034=ORIENTED_EDGE('4893',*,*,#11991,.F.);
#12035=ORIENTED_EDGE('4909',*,*,#12021,.T.);
#12036=ORIENTED_EDGE('4901',*,*,#11955,.T.);
#12038=ORIENTED_EDGE('4911',*,*,#12037,.F.);
#12039=EDGE_LOOP('3899',(#12034,#12035,#12036,#12038));
#12040=FACE_OUTER_BOUND('3899',#12039,.F.);
#12041=ADVANCED_FACE('3899',(#12040),#12033,.T.);
#12042=CARTESIAN_POINT('',(2.441161454222E1,2.495618228250E0,5.918934605560E0));
#12043=DIRECTION('',(9.246757232844E-1,-3.017827221537E-1,-2.321680326356E-1));
#12044=DIRECTION('',(3.807555735224E-1,7.328879110046E-1,5.638266605393E-1));
#12045=AXIS2_PLACEMENT_3D('',#12042,#12043,#12044);
#12046=PLANE('3900',#12045);
#12047=ORIENTED_EDGE('4894',*,*,#11993,.F.);
#12048=ORIENTED_EDGE('4911',*,*,#12037,.T.);
#12049=ORIENTED_EDGE('4902',*,*,#11953,.T.);
#12051=ORIENTED_EDGE('4912',*,*,#12050,.F.);
#12052=EDGE_LOOP('3900',(#12047,#12048,#12049,#12051));
#12053=FACE_OUTER_BOUND('3900',#12052,.F.);
#12054=ADVANCED_FACE('3900',(#12053),#12046,.F.);
#12055=CARTESIAN_POINT('',(2.450617720017E1,2.511105066110E0,5.930848967827E0));
#12056=DIRECTION('',(0.E0,6.097560975610E-1,-7.925891126474E-1));
#12057=DIRECTION('',(-9.246757232844E-1,3.017827221537E-1,2.321680326356E-1));
#12058=AXIS2_PLACEMENT_3D('',#12055,#12056,#12057);
#12059=CYLINDRICAL_SURFACE('3901',#12058,8.E-2);
#12060=ORIENTED_EDGE('4895',*,*,#11995,.F.);
#12061=ORIENTED_EDGE('4912',*,*,#12050,.T.);
#12062=ORIENTED_EDGE('4903',*,*,#11951,.T.);
#12064=ORIENTED_EDGE('4913',*,*,#12063,.F.);
#12065=EDGE_LOOP('3901',(#12060,#12061,#12062,#12064));
#12066=FACE_OUTER_BOUND('3901',#12065,.F.);
#12067=ADVANCED_FACE('3901',(#12066),#12059,.T.);
#12068=CARTESIAN_POINT('',(2.450617720017E1,2.511105066110E0,5.930848967827E0));
#12069=DIRECTION('',(0.E0,6.097560975610E-1,-7.925891126474E-1));
#12070=DIRECTION('',(4.371503159462E-14,7.925891126474E-1,6.097560975610E-1));
#12071=AXIS2_PLACEMENT_3D('',#12068,#12069,#12070);
#12072=CYLINDRICAL_SURFACE('3902',#12071,8.E-2);
#12073=ORIENTED_EDGE('4896',*,*,#11997,.F.);
#12074=ORIENTED_EDGE('4913',*,*,#12063,.T.);
#12075=ORIENTED_EDGE('4904',*,*,#11949,.T.);
#12077=ORIENTED_EDGE('4914',*,*,#12076,.F.);
#12078=EDGE_LOOP('3902',(#12073,#12074,#12075,#12077));
#12079=FACE_OUTER_BOUND('3902',#12078,.F.);
#12080=ADVANCED_FACE('3902',(#12079),#12072,.T.);
#12081=CARTESIAN_POINT('',(2.460073985812E1,2.495618228250E0,5.918934605560E0));
#12082=DIRECTION('',(-9.246757232844E-1,-3.017827221537E-1,-2.321680326356E-1));
#12083=DIRECTION('',(3.807555735224E-1,-7.328879110046E-1,-5.638266605393E-1));
#12084=AXIS2_PLACEMENT_3D('',#12081,#12082,#12083);
#12085=PLANE('3903',#12084);
#12086=ORIENTED_EDGE('4897',*,*,#11999,.F.);
#12087=ORIENTED_EDGE('4914',*,*,#12076,.T.);
#12088=ORIENTED_EDGE('4905',*,*,#11947,.T.);
#12089=ORIENTED_EDGE('4910',*,*,#11972,.F.);
#12090=EDGE_LOOP('3903',(#12086,#12087,#12088,#12089));
#12091=FACE_OUTER_BOUND('3903',#12090,.F.);
#12092=ADVANCED_FACE('3903',(#12091),#12085,.F.);
#12093=CARTESIAN_POINT('',(2.4765E1,1.382184141886E0,5.635E0));
#12094=DIRECTION('',(0.E0,0.E0,1.E0));
#12095=DIRECTION('',(0.E0,1.E0,0.E0));
#12096=AXIS2_PLACEMENT_3D('',#12093,#12094,#12095);
#12097=PLANE('3846',#12096);
#12098=ORIENTED_EDGE('5115',*,*,#8966,.T.);
#12100=ORIENTED_EDGE('5227',*,*,#12099,.T.);
#12102=ORIENTED_EDGE('4808',*,*,#12101,.T.);
#12104=ORIENTED_EDGE('4827',*,*,#12103,.T.);
#12106=ORIENTED_EDGE('4830',*,*,#12105,.F.);
#12108=ORIENTED_EDGE('4826',*,*,#12107,.F.);
#12110=ORIENTED_EDGE('5229',*,*,#12109,.F.);
#12111=EDGE_LOOP('3846',(#12098,#12100,#12102,#12104,#12106,#12108,#12110));
#12112=FACE_OUTER_BOUND('3846',#12111,.F.);
#12113=ADVANCED_FACE('3846',(#12112),#12097,.T.);
#12114=CARTESIAN_POINT('',(2.486162634354E1,1.548592070943E0,5.585E0));
#12115=DIRECTION('',(9.988483864850E-1,-4.797812852134E-2,0.E0));
#12116=DIRECTION('',(4.797812852134E-2,9.988483864850E-1,0.E0));
#12117=AXIS2_PLACEMENT_3D('',#12114,#12115,#12116);
#12118=PLANE('3870',#12117);
#12119=ORIENTED_EDGE('5119',*,*,#8972,.F.);
#12121=ORIENTED_EDGE('5228',*,*,#12120,.T.);
#12123=ORIENTED_EDGE('4804',*,*,#12122,.F.);
#12124=ORIENTED_EDGE('5227',*,*,#12099,.F.);
#12125=EDGE_LOOP('3870',(#12119,#12121,#12123,#12124));
#12126=FACE_OUTER_BOUND('3870',#12125,.F.);
#12127=ADVANCED_FACE('3870',(#12126),#12118,.F.);
#12128=CARTESIAN_POINT('',(2.4765E1,1.382184141886E0,5.535E0));
#12129=DIRECTION('',(0.E0,0.E0,1.E0));
#12130=DIRECTION('',(0.E0,1.E0,0.E0));
#12131=AXIS2_PLACEMENT_3D('',#12128,#12129,#12130);
#12132=PLANE('3847',#12131);
#12133=ORIENTED_EDGE('5116',*,*,#8970,.F.);
#12135=ORIENTED_EDGE('5230',*,*,#12134,.T.);
#12137=ORIENTED_EDGE('4828',*,*,#12136,.T.);
#12139=ORIENTED_EDGE('4831',*,*,#12138,.F.);
#12141=ORIENTED_EDGE('4829',*,*,#12140,.F.);
#12143=ORIENTED_EDGE('4815',*,*,#12142,.F.);
#12144=ORIENTED_EDGE('5228',*,*,#12120,.F.);
#12145=EDGE_LOOP('3847',(#12133,#12135,#12137,#12139,#12141,#12143,#12144));
#12146=FACE_OUTER_BOUND('3847',#12145,.F.);
#12147=ADVANCED_FACE('3847',(#12146),#12132,.F.);
#12148=CARTESIAN_POINT('',(2.529357507134E1,1.503592070943E0,5.585E0));
#12149=DIRECTION('',(9.847835588179E-1,-1.737853339090E-1,0.E0));
#12150=DIRECTION('',(1.737853339090E-1,9.847835588179E-1,0.E0));
#12151=AXIS2_PLACEMENT_3D('',#12148,#12149,#12150);
#12152=PLANE('3871',#12151);
#12153=ORIENTED_EDGE('5120',*,*,#8968,.T.);
#12154=ORIENTED_EDGE('5229',*,*,#12109,.T.);
#12156=ORIENTED_EDGE('4819',*,*,#12155,.T.);
#12157=ORIENTED_EDGE('5230',*,*,#12134,.F.);
#12158=EDGE_LOOP('3871',(#12153,#12154,#12156,#12157));
#12159=FACE_OUTER_BOUND('3871',#12158,.F.);
#12160=ADVANCED_FACE('3871',(#12159),#12152,.T.);
#12161=CARTESIAN_POINT('',(2.523E1,1.625E0,5.585E0));
#12162=DIRECTION('',(0.E0,1.E0,0.E0));
#12163=DIRECTION('',(-1.E0,0.E0,0.E0));
#12164=AXIS2_PLACEMENT_3D('',#12161,#12162,#12163);
#12165=PLANE('3876',#12164);
#12167=ORIENTED_EDGE('4824',*,*,#12166,.T.);
#12168=ORIENTED_EDGE('4828',*,*,#12136,.F.);
#12169=ORIENTED_EDGE('4819',*,*,#12155,.F.);
#12170=ORIENTED_EDGE('4826',*,*,#12107,.T.);
#12171=EDGE_LOOP('3876',(#12167,#12168,#12169,#12170));
#12172=FACE_OUTER_BOUND('3876',#12171,.F.);
#12173=ADVANCED_FACE('3876',(#12172),#12165,.T.);
#12174=CARTESIAN_POINT('',(2.5215E1,1.695E0,5.639525938764E0));
#12175=DIRECTION('',(0.E0,0.E0,-1.E0));
#12176=DIRECTION('',(0.E0,-1.E0,0.E0));
#12177=AXIS2_PLACEMENT_3D('',#12174,#12175,#12176);
#12178=CYLINDRICAL_SURFACE('3878',#12177,7.E-2);
#12179=ORIENTED_EDGE('4824',*,*,#12166,.F.);
#12180=ORIENTED_EDGE('4830',*,*,#12105,.T.);
#12182=ORIENTED_EDGE('4825',*,*,#12181,.T.);
#12183=ORIENTED_EDGE('4831',*,*,#12138,.T.);
#12184=EDGE_LOOP('3878',(#12179,#12180,#12182,#12183));
#12185=FACE_OUTER_BOUND('3878',#12184,.F.);
#12186=ADVANCED_FACE('3878',(#12185),#12178,.F.);
#12187=CARTESIAN_POINT('',(2.5145E1,1.67E0,5.585E0));
#12188=DIRECTION('',(-1.E0,0.E0,0.E0));
#12189=DIRECTION('',(0.E0,-1.E0,0.E0));
#12190=AXIS2_PLACEMENT_3D('',#12187,#12188,#12189);
#12191=PLANE('3877',#12190);
#12192=ORIENTED_EDGE('4825',*,*,#12181,.F.);
#12193=ORIENTED_EDGE('4827',*,*,#12103,.F.);
#12195=ORIENTED_EDGE('4823',*,*,#12194,.T.);
#12196=ORIENTED_EDGE('4829',*,*,#12140,.T.);
#12197=EDGE_LOOP('3877',(#12192,#12193,#12195,#12196));
#12198=FACE_OUTER_BOUND('3877',#12197,.F.);
#12199=ADVANCED_FACE('3877',(#12198),#12191,.F.);
#12200=CARTESIAN_POINT('',(2.5145E1,1.751806670091E0,5.587266446236E0));
#12201=DIRECTION('',(-1.E0,0.E0,0.E0));
#12202=DIRECTION('',(0.E0,-9.698948674844E-1,-2.435240152993E-1));
#12203=AXIS2_PLACEMENT_3D('',#12200,#12201,#12202);
#12204=PLANE('3875',#12203);
#12206=ORIENTED_EDGE('4805',*,*,#12205,.F.);
#12208=ORIENTED_EDGE('4822',*,*,#12207,.T.);
#12210=ORIENTED_EDGE('4812',*,*,#12209,.T.);
#12211=ORIENTED_EDGE('4823',*,*,#12194,.F.);
#12212=EDGE_LOOP('3875',(#12206,#12208,#12210,#12211));
#12213=FACE_OUTER_BOUND('3875',#12212,.F.);
#12214=ADVANCED_FACE('3875',(#12213),#12204,.F.);
#12215=CARTESIAN_POINT('',(2.4765E1,1.715E0,5.885E0));
#12216=DIRECTION('',(-1.E0,0.E0,0.E0));
#12217=DIRECTION('',(0.E0,0.E0,1.E0));
#12218=AXIS2_PLACEMENT_3D('',#12215,#12216,#12217);
#12219=CYLINDRICAL_SURFACE('3848',#12218,2.5E-1);
#12220=ORIENTED_EDGE('4805',*,*,#12205,.T.);
#12221=ORIENTED_EDGE('4808',*,*,#12101,.F.);
#12223=ORIENTED_EDGE('4795',*,*,#12222,.F.);
#12225=ORIENTED_EDGE('4809',*,*,#12224,.T.);
#12226=EDGE_LOOP('3848',(#12220,#12221,#12223,#12225));
#12227=FACE_OUTER_BOUND('3848',#12226,.F.);
#12228=ADVANCED_FACE('3848',(#12227),#12219,.F.);
#12229=CARTESIAN_POINT('',(2.487261765027E1,1.776914893262E0,5.644853078327E0));
#12230=CARTESIAN_POINT('',(2.487261765027E1,1.785569667033E0,5.611284139264E0));
#12231=CARTESIAN_POINT('',(2.487261765027E1,1.794224440805E0,5.577715200201E0));
#12232=CARTESIAN_POINT('',(2.487261765027E1,1.802879214576E0,5.544146261139E0));
#12233=CARTESIAN_POINT('',(2.487259304975E1,1.776408324833E0,5.644722472056E0));
#12234=CARTESIAN_POINT('',(2.487259304975E1,1.784992287933E0,5.611135276195E0));
#12235=CARTESIAN_POINT('',(2.487259304975E1,1.793576251033E0,5.577548080334E0));
#12236=CARTESIAN_POINT('',(2.487259304975E1,1.802160214134E0,5.543960884473E0));
#12237=CARTESIAN_POINT('',(2.487224954011E1,1.769332378076E0,5.642921990055E0));
#12238=CARTESIAN_POINT('',(2.487224954011E1,1.776927229911E0,5.609083113805E0));
#12239=CARTESIAN_POINT('',(2.487224954011E1,1.784522081746E0,5.575244237556E0));
#12240=CARTESIAN_POINT('',(2.487224954011E1,1.792116933581E0,5.541405361306E0));
#12241=CARTESIAN_POINT('',(2.487158269707E1,1.755535720038E0,5.640053361550E0));
#12242=CARTESIAN_POINT('',(2.487158269707E1,1.761202005936E0,5.605813494046E0));
#12243=CARTESIAN_POINT('',(2.487158269707E1,1.766868291834E0,5.571573626541E0));
#12244=CARTESIAN_POINT('',(2.487158269707E1,1.772534577733E0,5.537333759036E0));
#12245=CARTESIAN_POINT('',(2.487060375330E1,1.735336350615E0,5.637556186187E0));
#12246=CARTESIAN_POINT('',(2.487060375330E1,1.738179067523E0,5.602967251008E0));
#12247=CARTESIAN_POINT('',(2.487060375330E1,1.741021784430E0,5.568378315828E0));
#12248=CARTESIAN_POINT('',(2.487060375330E1,1.743864501338E0,5.533789380648E0));
#12249=CARTESIAN_POINT('',(2.486992317465E1,1.721255696614E0,5.636978539464E0));
#12250=CARTESIAN_POINT('',(2.486992317465E1,1.722130149208E0,5.602308857933E0));
#12251=CARTESIAN_POINT('',(2.486992317465E1,1.723004601801E0,5.567639176403E0));
#12252=CARTESIAN_POINT('',(2.486992317465E1,1.723879054394E0,5.532969494872E0));
#12253=CARTESIAN_POINT('',(2.486956870600E1,1.713953705829E0,5.637001657110E0));
#12254=CARTESIAN_POINT('',(2.486956870600E1,1.713807449591E0,5.602335207080E0));
#12255=CARTESIAN_POINT('',(2.486956870600E1,1.713661193353E0,5.567668757049E0));
#12256=CARTESIAN_POINT('',(2.486956870600E1,1.713514937116E0,5.533002307019E0));
#12257=CARTESIAN_POINT('',(2.486954330209E1,1.713430568474E0,5.637004970047E0));
#12258=CARTESIAN_POINT('',(2.486954330209E1,1.713211185477E0,5.602338983116E0));
#12259=CARTESIAN_POINT('',(2.486954330209E1,1.712991802481E0,5.567672996184E0));
#12260=CARTESIAN_POINT('',(2.486954330209E1,1.712772419484E0,5.533007009253E0));
#12261=B_SPLINE_SURFACE_WITH_KNOTS('3869',3,3,((#12229,#12230,#12231,#12232),(
#12233,#12234,#12235,#12236),(#12237,#12238,#12239,#12240),(#12241,#12242,
#12243,#12244),(#12245,#12246,#12247,#12248),(#12249,#12250,#12251,#12252),(
#12253,#12254,#12255,#12256),(#12257,#12258,#12259,#12260)),.UNSPECIFIED.,.F.,
.F.,.F.,(4,1,1,1,1,4),(4,4),(-2.572615857416E-2,0.E0,3.333333333333E-1,
6.666666666667E-1,1.E0,1.025724512279E0),(-2.000000858630E-2,1.020000437901E0),
.UNSPECIFIED.);
#12262=ORIENTED_EDGE('4795',*,*,#12222,.T.);
#12263=ORIENTED_EDGE('4804',*,*,#12122,.T.);
#12265=ORIENTED_EDGE('4798',*,*,#12264,.F.);
#12267=ORIENTED_EDGE('4803',*,*,#12266,.F.);
#12268=EDGE_LOOP('3869',(#12262,#12263,#12265,#12267));
#12269=FACE_OUTER_BOUND('3869',#12268,.F.);
#12270=ADVANCED_FACE('3869',(#12269),#12261,.F.);
#12271=CARTESIAN_POINT('',(2.4765E1,1.715E0,5.885E0));
#12272=DIRECTION('',(-1.E0,0.E0,0.E0));
#12273=DIRECTION('',(0.E0,0.E0,1.E0));
#12274=AXIS2_PLACEMENT_3D('',#12271,#12272,#12273);
#12275=CYLINDRICAL_SURFACE('3852',#12274,3.5E-1);
#12276=ORIENTED_EDGE('4812',*,*,#12209,.F.);
#12278=ORIENTED_EDGE('4816',*,*,#12277,.F.);
#12279=ORIENTED_EDGE('4798',*,*,#12264,.T.);
#12280=ORIENTED_EDGE('4815',*,*,#12142,.T.);
#12281=EDGE_LOOP('3852',(#12276,#12278,#12279,#12280));
#12282=FACE_OUTER_BOUND('3852',#12281,.F.);
#12283=ADVANCED_FACE('3852',(#12282),#12275,.T.);
#12284=CARTESIAN_POINT('',(2.4765E1,1.800233405355E0,5.545536796380E0));
#12285=DIRECTION('',(0.E0,-2.435240152993E-1,9.698948674844E-1));
#12286=DIRECTION('',(0.E0,9.698948674844E-1,2.435240152993E-1));
#12287=AXIS2_PLACEMENT_3D('',#12284,#12285,#12286);
#12288=PLANE('3853',#12287);
#12290=ORIENTED_EDGE('4813',*,*,#12289,.T.);
#12292=ORIENTED_EDGE('4817',*,*,#12291,.F.);
#12294=ORIENTED_EDGE('4799',*,*,#12293,.F.);
#12295=ORIENTED_EDGE('4816',*,*,#12277,.T.);
#12296=EDGE_LOOP('3853',(#12290,#12292,#12294,#12295));
#12297=FACE_OUTER_BOUND('3853',#12296,.F.);
#12298=ADVANCED_FACE('3853',(#12297),#12288,.F.);
#12299=CARTESIAN_POINT('',(2.5145E1,1.967176200765E0,5.639005256626E0));
#12300=DIRECTION('',(1.E0,0.E0,0.E0));
#12301=DIRECTION('',(0.E0,9.698948674844E-1,2.435240152993E-1));
#12302=AXIS2_PLACEMENT_3D('',#12299,#12300,#12301);
#12303=PLANE('3874',#12302);
#12305=ORIENTED_EDGE('4806',*,*,#12304,.T.);
#12307=ORIENTED_EDGE('4821',*,*,#12306,.T.);
#12308=ORIENTED_EDGE('4813',*,*,#12289,.F.);
#12309=ORIENTED_EDGE('4822',*,*,#12207,.F.);
#12310=EDGE_LOOP('3874',(#12305,#12307,#12308,#12309));
#12311=FACE_OUTER_BOUND('3874',#12310,.F.);
#12312=ADVANCED_FACE('3874',(#12311),#12303,.T.);
#12313=CARTESIAN_POINT('',(2.4765E1,1.775881003825E0,5.642526283129E0));
#12314=DIRECTION('',(0.E0,-2.435240152993E-1,9.698948674844E-1));
#12315=DIRECTION('',(0.E0,9.698948674844E-1,2.435240152993E-1));
#12316=AXIS2_PLACEMENT_3D('',#12313,#12314,#12315);
#12317=PLANE('3849',#12316);
#12318=ORIENTED_EDGE('4806',*,*,#12304,.F.);
#12319=ORIENTED_EDGE('4809',*,*,#12224,.F.);
#12321=ORIENTED_EDGE('4796',*,*,#12320,.T.);
#12323=ORIENTED_EDGE('4810',*,*,#12322,.T.);
#12324=EDGE_LOOP('3849',(#12318,#12319,#12321,#12323));
#12325=FACE_OUTER_BOUND('3849',#12324,.F.);
#12326=ADVANCED_FACE('3849',(#12325),#12317,.T.);
#12327=CARTESIAN_POINT('',(2.488114751624E1,1.967176200765E0,5.639005256626E0));
#12328=DIRECTION('',(9.989165707625E-1,-4.513591707484E-2,-1.133285691963E-2));
#12329=DIRECTION('',(4.653691713197E-2,9.688440550276E-1,2.432601742611E-1));
#12330=AXIS2_PLACEMENT_3D('',#12327,#12328,#12329);
#12331=PLANE('3868',#12330);
#12332=ORIENTED_EDGE('4796',*,*,#12320,.F.);
#12333=ORIENTED_EDGE('4803',*,*,#12266,.T.);
#12334=ORIENTED_EDGE('4799',*,*,#12293,.T.);
#12336=ORIENTED_EDGE('4802',*,*,#12335,.F.);
#12337=EDGE_LOOP('3868',(#12332,#12333,#12334,#12336));
#12338=FACE_OUTER_BOUND('3868',#12337,.F.);
#12339=ADVANCED_FACE('3868',(#12338),#12331,.F.);
#12340=CARTESIAN_POINT('',(2.488953894874E1,2.129234911728E0,5.733267812946E0));
#12341=CARTESIAN_POINT('',(2.488953894874E1,2.138282000779E0,5.699802252043E0));
#12342=CARTESIAN_POINT('',(2.488953894874E1,2.147329089829E0,5.666336691140E0));
#12343=CARTESIAN_POINT('',(2.488953894874E1,2.156376178880E0,5.632871130237E0));
#12344=CARTESIAN_POINT('',(2.488960968489E1,2.130697038978E0,5.733663184954E0));
#12345=CARTESIAN_POINT('',(2.488960968489E1,2.139542987943E0,5.700143234011E0));
#12346=CARTESIAN_POINT('',(2.488960968489E1,2.148388936909E0,5.666623283068E0));
#12347=CARTESIAN_POINT('',(2.488960968489E1,2.157234885875E0,5.633103332125E0));
#12348=CARTESIAN_POINT('',(2.489038819345E1,2.146824059862E0,5.737867733514E0));
#12349=CARTESIAN_POINT('',(2.489038819345E1,2.153451467078E0,5.703769376517E0));
#12350=CARTESIAN_POINT('',(2.489038819345E1,2.160078874293E0,5.669671019519E0));
#12351=CARTESIAN_POINT('',(2.489038819345E1,2.166706281508E0,5.635572662522E0));
#12352=CARTESIAN_POINT('',(2.489188004225E1,2.178383045960E0,5.742825374513E0));
#12353=CARTESIAN_POINT('',(2.489188004225E1,2.180668986219E0,5.708045010986E0));
#12354=CARTESIAN_POINT('',(2.489188004225E1,2.182954926479E0,5.673264647459E0));
#12355=CARTESIAN_POINT('',(2.489188004225E1,2.185240866738E0,5.638484283933E0));
#12356=CARTESIAN_POINT('',(2.489405912820E1,2.224010120914E0,5.741704628273E0));
#12357=CARTESIAN_POINT('',(2.489405912820E1,2.220019293042E0,5.707078442157E0));
#12358=CARTESIAN_POINT('',(2.489405912820E1,2.216028465170E0,5.672452256041E0));
#12359=CARTESIAN_POINT('',(2.489405912820E1,2.212037637298E0,5.637826069925E0));
#12360=CARTESIAN_POINT('',(2.489618605911E1,2.268692807409E0,5.732417053011E0));
#12361=CARTESIAN_POINT('',(2.489618605911E1,2.258555127850E0,5.699068528381E0));
#12362=CARTESIAN_POINT('',(2.489618605911E1,2.248417448292E0,5.665720003752E0));
#12363=CARTESIAN_POINT('',(2.489618605911E1,2.238279768734E0,5.632371479123E0));
#12364=CARTESIAN_POINT('',(2.489820539065E1,2.310978883586E0,5.715267153582E0));
#12365=CARTESIAN_POINT('',(2.489820539065E1,2.295024046219E0,5.684277884774E0));
#12366=CARTESIAN_POINT('',(2.489820539065E1,2.279069208853E0,5.653288615966E0));
#12367=CARTESIAN_POINT('',(2.489820539065E1,2.263114371486E0,5.622299347159E0));
#12368=CARTESIAN_POINT('',(2.489944935340E1,2.337298402771E0,5.698559317605E0));
#12369=CARTESIAN_POINT('',(2.489944935340E1,2.317722874851E0,5.669868491389E0));
#12370=CARTESIAN_POINT('',(2.489944935340E1,2.298147346931E0,5.641177665173E0));
#12371=CARTESIAN_POINT('',(2.489944935340E1,2.278571819011E0,5.612486838956E0));
#12372=CARTESIAN_POINT('',(2.490005555373E1,2.349857929104E0,5.688806272289E0));
#12373=CARTESIAN_POINT('',(2.490005555373E1,2.328554628043E0,5.661457140759E0));
#12374=CARTESIAN_POINT('',(2.490005555373E1,2.307251326981E0,5.634108009229E0));
#12375=CARTESIAN_POINT('',(2.490005555373E1,2.285948025920E0,5.606758877700E0));
#12376=CARTESIAN_POINT('',(2.490008436863E1,2.350454254206E0,5.688338856934E0));
#12377=CARTESIAN_POINT('',(2.490008436863E1,2.329068918642E0,5.661054026213E0));
#12378=CARTESIAN_POINT('',(2.490008436863E1,2.307683583078E0,5.633769195491E0));
#12379=CARTESIAN_POINT('',(2.490008436863E1,2.286298247514E0,5.606484364770E0));
#12380=B_SPLINE_SURFACE_WITH_KNOTS('3867',3,3,((#12340,#12341,#12342,#12343),(
#12344,#12345,#12346,#12347),(#12348,#12349,#12350,#12351),(#12352,#12353,
#12354,#12355),(#12356,#12357,#12358,#12359),(#12360,#12361,#12362,#12363),(
#12364,#12365,#12366,#12367),(#12368,#12369,#12370,#12371),(#12372,#12373,
#12374,#12375),(#12376,#12377,#12378,#12379)),.UNSPECIFIED.,.F.,.F.,.F.,(4,1,1,
1,1,1,1,4),(4,4),(-1.999417528078E-2,0.E0,2.E-1,4.E-1,6.E-1,8.E-1,1.E0,
1.010006501834E0),(-2.000679864078E-2,1.020000590439E0),.UNSPECIFIED.);
#12382=ORIENTED_EDGE('4797',*,*,#12381,.F.);
#12383=ORIENTED_EDGE('4802',*,*,#12335,.T.);
#12385=ORIENTED_EDGE('4800',*,*,#12384,.T.);
#12387=ORIENTED_EDGE('4801',*,*,#12386,.F.);
#12388=EDGE_LOOP('3867',(#12382,#12383,#12385,#12387));
#12389=FACE_OUTER_BOUND('3867',#12388,.F.);
#12390=ADVANCED_FACE('3867',(#12389),#12380,.T.);
#12391=CARTESIAN_POINT('',(2.4765E1,2.195E0,5.49E0));
#12392=DIRECTION('',(-1.E0,0.E0,0.E0));
#12393=DIRECTION('',(0.E0,0.E0,1.E0));
#12394=AXIS2_PLACEMENT_3D('',#12391,#12392,#12393);
#12395=CYLINDRICAL_SURFACE('3850',#12394,2.5E-1);
#12397=ORIENTED_EDGE('4807',*,*,#12396,.F.);
#12398=ORIENTED_EDGE('4810',*,*,#12322,.F.);
#12399=ORIENTED_EDGE('4797',*,*,#12381,.T.);
#12401=ORIENTED_EDGE('4811',*,*,#12400,.T.);
#12402=EDGE_LOOP('3850',(#12397,#12398,#12399,#12401));
#12403=FACE_OUTER_BOUND('3850',#12402,.F.);
#12404=ADVANCED_FACE('3850',(#12403),#12395,.T.);
#12405=CARTESIAN_POINT('',(2.5145E1,2.235689466546E0,5.685817178287E0));
#12406=DIRECTION('',(1.E0,0.E0,0.E0));
#12407=DIRECTION('',(0.E0,9.698948674844E-1,2.435240152993E-1));
#12408=AXIS2_PLACEMENT_3D('',#12405,#12406,#12407);
#12409=PLANE('3873',#12408);
#12410=ORIENTED_EDGE('4807',*,*,#12396,.T.);
#12412=ORIENTED_EDGE('4820',*,*,#12411,.T.);
#12414=ORIENTED_EDGE('4814',*,*,#12413,.F.);
#12415=ORIENTED_EDGE('4821',*,*,#12306,.F.);
#12416=EDGE_LOOP('3873',(#12410,#12412,#12414,#12415));
#12417=FACE_OUTER_BOUND('3873',#12416,.F.);
#12418=ADVANCED_FACE('3873',(#12417),#12409,.T.);
#12419=CARTESIAN_POINT('',(2.5145E1,2.445731707317E0,5.549444183449E0));
#12420=DIRECTION('',(1.E0,0.E0,0.E0));
#12421=DIRECTION('',(0.E0,7.925891126474E-1,-6.097560975610E-1));
#12422=AXIS2_PLACEMENT_3D('',#12419,#12420,#12421);
#12423=PLANE('3872',#12422);
#12425=ORIENTED_EDGE('4849',*,*,#12424,.T.);
#12427=ORIENTED_EDGE('4847',*,*,#12426,.F.);
#12428=ORIENTED_EDGE('4820',*,*,#12411,.F.);
#12430=ORIENTED_EDGE('4839',*,*,#12429,.T.);
#12431=EDGE_LOOP('3872',(#12425,#12427,#12428,#12430));
#12432=FACE_OUTER_BOUND('3872',#12431,.F.);
#12433=ADVANCED_FACE('3872',(#12432),#12423,.T.);
#12434=CARTESIAN_POINT('',(2.5065E1,2.431846154845E0,5.560126641929E0));
#12435=DIRECTION('',(0.E0,6.097560975610E-1,7.925891126474E-1));
#12436=DIRECTION('',(1.E0,1.647381220470E-14,-1.057253092584E-14));
#12437=AXIS2_PLACEMENT_3D('',#12434,#12435,#12436);
#12438=CYLINDRICAL_SURFACE('3884',#12437,8.E-2);
#12440=ORIENTED_EDGE('4833',*,*,#12439,.T.);
#12442=ORIENTED_EDGE('4854',*,*,#12441,.T.);
#12444=ORIENTED_EDGE('4841',*,*,#12443,.F.);
#12445=ORIENTED_EDGE('4849',*,*,#12424,.F.);
#12446=EDGE_LOOP('3884',(#12440,#12442,#12444,#12445));
#12447=FACE_OUTER_BOUND('3884',#12446,.F.);
#12448=ADVANCED_FACE('3884',(#12447),#12438,.T.);
#12449=CARTESIAN_POINT('',(2.4765E1,2.347439024390E0,5.688147278162E0));
#12450=DIRECTION('',(0.E0,6.097560975610E-1,7.925891126474E-1));
#12451=DIRECTION('',(0.E0,7.925891126474E-1,-6.097560975610E-1));
#12452=AXIS2_PLACEMENT_3D('',#12449,#12450,#12451);
#12453=PLANE('3851',#12452);
#12455=ORIENTED_EDGE('4832',*,*,#12454,.F.);
#12457=ORIENTED_EDGE('4837',*,*,#12456,.F.);
#12459=ORIENTED_EDGE('4836',*,*,#12458,.F.);
#12461=ORIENTED_EDGE('4835',*,*,#12460,.F.);
#12463=ORIENTED_EDGE('4834',*,*,#12462,.F.);
#12464=ORIENTED_EDGE('4833',*,*,#12439,.F.);
#12465=ORIENTED_EDGE('4839',*,*,#12429,.F.);
#12466=ORIENTED_EDGE('4811',*,*,#12400,.F.);
#12468=ORIENTED_EDGE('4838',*,*,#12467,.T.);
#12469=EDGE_LOOP('3851',(#12455,#12457,#12459,#12461,#12463,#12464,#12465,
#12466,#12468));
#12470=FACE_OUTER_BOUND('3851',#12469,.F.);
#12471=ADVANCED_FACE('3851',(#12470),#12453,.T.);
#12472=CARTESIAN_POINT('',(2.498545860138E1,2.429433943139E0,5.561982409026E0));
#12473=DIRECTION('',(1.387778780781E-14,6.097560975610E-1,7.925891126474E-1));
#12474=DIRECTION('',(-9.328388682923E-1,2.855649690657E-1,-2.196913613360E-1));
#12475=AXIS2_PLACEMENT_3D('',#12472,#12473,#12474);
#12476=CYLINDRICAL_SURFACE('3879',#12475,8.E-2);
#12477=ORIENTED_EDGE('4832',*,*,#12454,.T.);
#12479=ORIENTED_EDGE('4848',*,*,#12478,.T.);
#12481=ORIENTED_EDGE('4840',*,*,#12480,.F.);
#12483=ORIENTED_EDGE('4850',*,*,#12482,.F.);
#12484=EDGE_LOOP('3879',(#12477,#12479,#12481,#12483));
#12485=FACE_OUTER_BOUND('3879',#12484,.F.);
#12486=ADVANCED_FACE('3879',(#12485),#12476,.T.);
#12487=CARTESIAN_POINT('',(2.490618348474E1,2.445731707317E0,5.549444183449E0));
#12488=DIRECTION('',(9.992760944775E-1,-3.015264633361E-2,2.319708871360E-2));
#12489=DIRECTION('',(3.804322549030E-2,7.920153530117E-1,-6.093146917546E-1));
#12490=AXIS2_PLACEMENT_3D('',#12487,#12488,#12489);
#12491=PLANE('3866',#12490);
#12492=ORIENTED_EDGE('4848',*,*,#12478,.F.);
#12493=ORIENTED_EDGE('4838',*,*,#12467,.F.);
#12494=ORIENTED_EDGE('4801',*,*,#12386,.T.);
#12496=ORIENTED_EDGE('4846',*,*,#12495,.T.);
#12497=EDGE_LOOP('3866',(#12492,#12493,#12494,#12496));
#12498=FACE_OUTER_BOUND('3866',#12497,.F.);
#12499=ADVANCED_FACE('3866',(#12498),#12491,.F.);
#12500=CARTESIAN_POINT('',(2.4765E1,2.286463414634E0,5.608888366897E0));
#12501=DIRECTION('',(0.E0,6.097560975610E-1,7.925891126474E-1));
#12502=DIRECTION('',(0.E0,7.925891126474E-1,-6.097560975610E-1));
#12503=AXIS2_PLACEMENT_3D('',#12500,#12501,#12502);
#12504=PLANE('3855',#12503);
#12505=ORIENTED_EDGE('4840',*,*,#12480,.T.);
#12506=ORIENTED_EDGE('4846',*,*,#12495,.F.);
#12508=ORIENTED_EDGE('4818',*,*,#12507,.T.);
#12509=ORIENTED_EDGE('4847',*,*,#12426,.T.);
#12510=ORIENTED_EDGE('4841',*,*,#12443,.T.);
#12512=ORIENTED_EDGE('4842',*,*,#12511,.T.);
#12514=ORIENTED_EDGE('4843',*,*,#12513,.T.);
#12516=ORIENTED_EDGE('4844',*,*,#12515,.T.);
#12518=ORIENTED_EDGE('4845',*,*,#12517,.T.);
#12519=EDGE_LOOP('3855',(#12505,#12506,#12508,#12509,#12510,#12512,#12514,
#12516,#12518));
#12520=FACE_OUTER_BOUND('3855',#12519,.F.);
#12521=ADVANCED_FACE('3855',(#12520),#12504,.F.);
#12522=CARTESIAN_POINT('',(2.4765E1,2.195E0,5.49E0));
#12523=DIRECTION('',(-1.E0,0.E0,0.E0));
#12524=DIRECTION('',(0.E0,0.E0,1.E0));
#12525=AXIS2_PLACEMENT_3D('',#12522,#12523,#12524);
#12526=CYLINDRICAL_SURFACE('3854',#12525,1.5E-1);
#12527=ORIENTED_EDGE('4814',*,*,#12413,.T.);
#12528=ORIENTED_EDGE('4818',*,*,#12507,.F.);
#12529=ORIENTED_EDGE('4800',*,*,#12384,.F.);
#12530=ORIENTED_EDGE('4817',*,*,#12291,.T.);
#12531=EDGE_LOOP('3854',(#12527,#12528,#12529,#12530));
#12532=FACE_OUTER_BOUND('3854',#12531,.F.);
#12533=ADVANCED_FACE('3854',(#12532),#12526,.F.);
#12534=CARTESIAN_POINT('',(2.511947268420E1,2.494893587534E0,5.511622876354E0));
#12535=DIRECTION('',(9.292994262121E-1,2.927247131986E-1,-2.251995087132E-1));
#12536=DIRECTION('',(-3.693271942897E-1,7.365526076052E-1,-5.666459915927E-1));
#12537=AXIS2_PLACEMENT_3D('',#12534,#12535,#12536);
#12538=PLANE('3883',#12537);
#12539=ORIENTED_EDGE('4834',*,*,#12462,.T.);
#12541=ORIENTED_EDGE('4853',*,*,#12540,.T.);
#12542=ORIENTED_EDGE('4842',*,*,#12511,.F.);
#12543=ORIENTED_EDGE('4854',*,*,#12441,.F.);
#12544=EDGE_LOOP('3883',(#12539,#12541,#12542,#12543));
#12545=FACE_OUTER_BOUND('3883',#12544,.F.);
#12546=ADVANCED_FACE('3883',(#12545),#12538,.T.);
#12547=CARTESIAN_POINT('',(2.502525746020E1,2.511105066110E0,5.499151032173E0));
#12548=DIRECTION('',(-1.110223024625E-14,6.097560975610E-1,7.925891126474E-1));
#12549=DIRECTION('',(9.292994262121E-1,2.927247131986E-1,-2.251995087132E-1));
#12550=AXIS2_PLACEMENT_3D('',#12547,#12548,#12549);
#12551=CYLINDRICAL_SURFACE('3882',#12550,8.E-2);
#12552=ORIENTED_EDGE('4835',*,*,#12460,.T.);
#12554=ORIENTED_EDGE('4852',*,*,#12553,.T.);
#12555=ORIENTED_EDGE('4843',*,*,#12513,.F.);
#12556=ORIENTED_EDGE('4853',*,*,#12540,.F.);
#12557=EDGE_LOOP('3882',(#12552,#12554,#12555,#12556));
#12558=FACE_OUTER_BOUND('3882',#12557,.F.);
#12559=ADVANCED_FACE('3882',(#12558),#12551,.T.);
#12560=CARTESIAN_POINT('',(2.502525746020E1,2.511105066110E0,5.499151032173E0));
#12561=DIRECTION('',(0.E0,6.097560975610E-1,7.925891126474E-1));
#12562=DIRECTION('',(-4.611045295588E-8,7.925891126474E-1,-6.097560975610E-1));
#12563=AXIS2_PLACEMENT_3D('',#12560,#12561,#12562);
#12564=CYLINDRICAL_SURFACE('3881',#12563,8.E-2);
#12565=ORIENTED_EDGE('4836',*,*,#12458,.T.);
#12567=ORIENTED_EDGE('4851',*,*,#12566,.T.);
#12568=ORIENTED_EDGE('4844',*,*,#12515,.F.);
#12569=ORIENTED_EDGE('4852',*,*,#12553,.F.);
#12570=EDGE_LOOP('3881',(#12565,#12567,#12568,#12569));
#12571=FACE_OUTER_BOUND('3881',#12570,.F.);
#12572=ADVANCED_FACE('3881',(#12571),#12564,.T.);
#12573=CARTESIAN_POINT('',(2.493073092133E1,2.493114702150E0,5.512991411692E0));
#12574=DIRECTION('',(-9.328388682923E-1,2.855649690657E-1,-2.196913613360E-1));
#12575=DIRECTION('',(-3.602938325911E-1,-7.393579308628E-1,5.688041879831E-1));
#12576=AXIS2_PLACEMENT_3D('',#12573,#12574,#12575);
#12577=PLANE('3880',#12576);
#12578=ORIENTED_EDGE('4837',*,*,#12456,.T.);
#12579=ORIENTED_EDGE('4850',*,*,#12482,.T.);
#12580=ORIENTED_EDGE('4845',*,*,#12517,.F.);
#12581=ORIENTED_EDGE('4851',*,*,#12566,.F.);
#12582=EDGE_LOOP('3880',(#12578,#12579,#12580,#12581));
#12583=FACE_OUTER_BOUND('3880',#12582,.F.);
#12584=ADVANCED_FACE('3880',(#12583),#12577,.T.);
#12585=CARTESIAN_POINT('',(-2.4765E1,1.382184141886E0,-5.635E0));
#12586=DIRECTION('',(0.E0,0.E0,-1.E0));
#12587=DIRECTION('',(0.E0,1.E0,0.E0));
#12588=AXIS2_PLACEMENT_3D('',#12585,#12586,#12587);
#12589=PLANE('3798',#12588);
#12590=ORIENTED_EDGE('5109',*,*,#8976,.T.);
#12592=ORIENTED_EDGE('5224',*,*,#12591,.T.);
#12594=ORIENTED_EDGE('4755',*,*,#12593,.T.);
#12596=ORIENTED_EDGE('4768',*,*,#12595,.T.);
#12598=ORIENTED_EDGE('4771',*,*,#12597,.F.);
#12600=ORIENTED_EDGE('4769',*,*,#12599,.F.);
#12602=ORIENTED_EDGE('5226',*,*,#12601,.F.);
#12603=EDGE_LOOP('3798',(#12590,#12592,#12594,#12596,#12598,#12600,#12602));
#12604=FACE_OUTER_BOUND('3798',#12603,.F.);
#12605=ADVANCED_FACE('3798',(#12604),#12589,.T.);
#12606=CARTESIAN_POINT('',(-2.486162634354E1,1.548592070943E0,-5.585E0));
#12607=DIRECTION('',(9.988483864850E-1,4.797812852134E-2,0.E0));
#12608=DIRECTION('',(-4.797812852134E-2,9.988483864850E-1,0.E0));
#12609=AXIS2_PLACEMENT_3D('',#12606,#12607,#12608);
#12610=PLANE('3831',#12609);
#12611=ORIENTED_EDGE('5113',*,*,#8982,.T.);
#12613=ORIENTED_EDGE('5223',*,*,#12612,.T.);
#12615=ORIENTED_EDGE('4744',*,*,#12614,.T.);
#12616=ORIENTED_EDGE('5224',*,*,#12591,.F.);
#12617=EDGE_LOOP('3831',(#12611,#12613,#12615,#12616));
#12618=FACE_OUTER_BOUND('3831',#12617,.F.);
#12619=ADVANCED_FACE('3831',(#12618),#12610,.T.);
#12620=CARTESIAN_POINT('',(-2.4765E1,1.382184141886E0,-5.535E0));
#12621=DIRECTION('',(0.E0,0.E0,-1.E0));
#12622=DIRECTION('',(0.E0,1.E0,0.E0));
#12623=AXIS2_PLACEMENT_3D('',#12620,#12621,#12622);
#12624=PLANE('3803',#12623);
#12625=ORIENTED_EDGE('5110',*,*,#8980,.F.);
#12627=ORIENTED_EDGE('5225',*,*,#12626,.T.);
#12629=ORIENTED_EDGE('4767',*,*,#12628,.T.);
#12631=ORIENTED_EDGE('4770',*,*,#12630,.F.);
#12633=ORIENTED_EDGE('4766',*,*,#12632,.F.);
#12635=ORIENTED_EDGE('4748',*,*,#12634,.F.);
#12636=ORIENTED_EDGE('5223',*,*,#12612,.F.);
#12637=EDGE_LOOP('3803',(#12625,#12627,#12629,#12631,#12633,#12635,#12636));
#12638=FACE_OUTER_BOUND('3803',#12637,.F.);
#12639=ADVANCED_FACE('3803',(#12638),#12624,.F.);
#12640=CARTESIAN_POINT('',(-2.529357507134E1,1.503592070943E0,-5.585E0));
#12641=DIRECTION('',(9.847835588179E-1,1.737853339090E-1,0.E0));
#12642=DIRECTION('',(-1.737853339090E-1,9.847835588179E-1,0.E0));
#12643=AXIS2_PLACEMENT_3D('',#12640,#12641,#12642);
#12644=PLANE('3832',#12643);
#12645=ORIENTED_EDGE('5114',*,*,#8978,.F.);
#12646=ORIENTED_EDGE('5226',*,*,#12601,.T.);
#12648=ORIENTED_EDGE('4759',*,*,#12647,.F.);
#12649=ORIENTED_EDGE('5225',*,*,#12626,.F.);
#12650=EDGE_LOOP('3832',(#12645,#12646,#12648,#12649));
#12651=FACE_OUTER_BOUND('3832',#12650,.F.);
#12652=ADVANCED_FACE('3832',(#12651),#12644,.F.);
#12653=CARTESIAN_POINT('',(-2.523E1,1.625E0,-5.585E0));
#12654=DIRECTION('',(0.E0,-1.E0,0.E0));
#12655=DIRECTION('',(1.E0,0.E0,0.E0));
#12656=AXIS2_PLACEMENT_3D('',#12653,#12654,#12655);
#12657=PLANE('3838',#12656);
#12659=ORIENTED_EDGE('4765',*,*,#12658,.F.);
#12660=ORIENTED_EDGE('4767',*,*,#12628,.F.);
#12661=ORIENTED_EDGE('4759',*,*,#12647,.T.);
#12662=ORIENTED_EDGE('4769',*,*,#12599,.T.);
#12663=EDGE_LOOP('3838',(#12659,#12660,#12661,#12662));
#12664=FACE_OUTER_BOUND('3838',#12663,.F.);
#12665=ADVANCED_FACE('3838',(#12664),#12657,.F.);
#12666=CARTESIAN_POINT('',(-2.5215E1,1.695E0,-5.530474061236E0));
#12667=DIRECTION('',(0.E0,0.E0,-1.E0));
#12668=DIRECTION('',(1.E0,0.E0,0.E0));
#12669=AXIS2_PLACEMENT_3D('',#12666,#12667,#12668);
#12670=CYLINDRICAL_SURFACE('3839',#12669,7.E-2);
#12672=ORIENTED_EDGE('4764',*,*,#12671,.F.);
#12673=ORIENTED_EDGE('4770',*,*,#12630,.T.);
#12674=ORIENTED_EDGE('4765',*,*,#12658,.T.);
#12675=ORIENTED_EDGE('4771',*,*,#12597,.T.);
#12676=EDGE_LOOP('3839',(#12672,#12673,#12674,#12675));
#12677=FACE_OUTER_BOUND('3839',#12676,.F.);
#12678=ADVANCED_FACE('3839',(#12677),#12670,.F.);
#12679=CARTESIAN_POINT('',(-2.5145E1,1.67E0,-5.585E0));
#12680=DIRECTION('',(-1.E0,0.E0,0.E0));
#12681=DIRECTION('',(0.E0,-1.E0,0.E0));
#12682=AXIS2_PLACEMENT_3D('',#12679,#12680,#12681);
#12683=PLANE('3837',#12682);
#12684=ORIENTED_EDGE('4764',*,*,#12671,.T.);
#12685=ORIENTED_EDGE('4768',*,*,#12595,.F.);
#12687=ORIENTED_EDGE('4763',*,*,#12686,.F.);
#12688=ORIENTED_EDGE('4766',*,*,#12632,.T.);
#12689=EDGE_LOOP('3837',(#12684,#12685,#12687,#12688));
#12690=FACE_OUTER_BOUND('3837',#12689,.F.);
#12691=ADVANCED_FACE('3837',(#12690),#12683,.T.);
#12692=CARTESIAN_POINT('',(-2.5145E1,1.751806670091E0,-5.587266446236E0));
#12693=DIRECTION('',(-1.E0,0.E0,0.E0));
#12694=DIRECTION('',(0.E0,-9.698948674844E-1,2.435240152993E-1));
#12695=AXIS2_PLACEMENT_3D('',#12692,#12693,#12694);
#12696=PLANE('3836',#12695);
#12698=ORIENTED_EDGE('4745',*,*,#12697,.T.);
#12699=ORIENTED_EDGE('4763',*,*,#12686,.T.);
#12701=ORIENTED_EDGE('4752',*,*,#12700,.F.);
#12703=ORIENTED_EDGE('4762',*,*,#12702,.F.);
#12704=EDGE_LOOP('3836',(#12698,#12699,#12701,#12703));
#12705=FACE_OUTER_BOUND('3836',#12704,.F.);
#12706=ADVANCED_FACE('3836',(#12705),#12696,.T.);
#12707=CARTESIAN_POINT('',(-2.4765E1,1.715E0,-5.885E0));
#12708=DIRECTION('',(1.E0,0.E0,0.E0));
#12709=DIRECTION('',(0.E0,0.E0,-1.E0));
#12710=AXIS2_PLACEMENT_3D('',#12707,#12708,#12709);
#12711=CYLINDRICAL_SURFACE('3804',#12710,3.5E-1);
#12712=ORIENTED_EDGE('4745',*,*,#12697,.F.);
#12714=ORIENTED_EDGE('4749',*,*,#12713,.F.);
#12716=ORIENTED_EDGE('4735',*,*,#12715,.T.);
#12717=ORIENTED_EDGE('4748',*,*,#12634,.T.);
#12718=EDGE_LOOP('3804',(#12712,#12714,#12716,#12717));
#12719=FACE_OUTER_BOUND('3804',#12718,.F.);
#12720=ADVANCED_FACE('3804',(#12719),#12711,.T.);
#12721=CARTESIAN_POINT('',(-2.4765E1,1.800233405355E0,-5.545536796380E0));
#12722=DIRECTION('',(0.E0,-2.435240152993E-1,-9.698948674844E-1));
#12723=DIRECTION('',(0.E0,9.698948674844E-1,-2.435240152993E-1));
#12724=AXIS2_PLACEMENT_3D('',#12721,#12722,#12723);
#12725=PLANE('3805',#12724);
#12727=ORIENTED_EDGE('4746',*,*,#12726,.T.);
#12729=ORIENTED_EDGE('4750',*,*,#12728,.F.);
#12731=ORIENTED_EDGE('4736',*,*,#12730,.F.);
#12732=ORIENTED_EDGE('4749',*,*,#12713,.T.);
#12733=EDGE_LOOP('3805',(#12727,#12729,#12731,#12732));
#12734=FACE_OUTER_BOUND('3805',#12733,.F.);
#12735=ADVANCED_FACE('3805',(#12734),#12725,.F.);
#12736=CARTESIAN_POINT('',(-2.5145E1,1.967176200765E0,-5.639005256626E0));
#12737=DIRECTION('',(1.E0,0.E0,0.E0));
#12738=DIRECTION('',(0.E0,9.698948674844E-1,-2.435240152993E-1));
#12739=AXIS2_PLACEMENT_3D('',#12736,#12737,#12738);
#12740=PLANE('3835',#12739);
#12741=ORIENTED_EDGE('4746',*,*,#12726,.F.);
#12742=ORIENTED_EDGE('4762',*,*,#12702,.T.);
#12744=ORIENTED_EDGE('4753',*,*,#12743,.T.);
#12746=ORIENTED_EDGE('4761',*,*,#12745,.F.);
#12747=EDGE_LOOP('3835',(#12741,#12742,#12744,#12746));
#12748=FACE_OUTER_BOUND('3835',#12747,.F.);
#12749=ADVANCED_FACE('3835',(#12748),#12740,.F.);
#12750=CARTESIAN_POINT('',(-2.4765E1,1.775881003825E0,-5.642526283129E0));
#12751=DIRECTION('',(0.E0,-2.435240152993E-1,-9.698948674844E-1));
#12752=DIRECTION('',(0.E0,9.698948674844E-1,-2.435240152993E-1));
#12753=AXIS2_PLACEMENT_3D('',#12750,#12751,#12752);
#12754=PLANE('3800',#12753);
#12755=ORIENTED_EDGE('4753',*,*,#12743,.F.);
#12757=ORIENTED_EDGE('4756',*,*,#12756,.F.);
#12759=ORIENTED_EDGE('4739',*,*,#12758,.T.);
#12761=ORIENTED_EDGE('4757',*,*,#12760,.T.);
#12762=EDGE_LOOP('3800',(#12755,#12757,#12759,#12761));
#12763=FACE_OUTER_BOUND('3800',#12762,.F.);
#12764=ADVANCED_FACE('3800',(#12763),#12754,.T.);
#12765=CARTESIAN_POINT('',(-2.4765E1,1.715E0,-5.885E0));
#12766=DIRECTION('',(1.E0,0.E0,0.E0));
#12767=DIRECTION('',(0.E0,0.E0,-1.E0));
#12768=AXIS2_PLACEMENT_3D('',#12765,#12766,#12767);
#12769=CYLINDRICAL_SURFACE('3799',#12768,2.5E-1);
#12770=ORIENTED_EDGE('4752',*,*,#12700,.T.);
#12771=ORIENTED_EDGE('4755',*,*,#12593,.F.);
#12773=ORIENTED_EDGE('4738',*,*,#12772,.F.);
#12774=ORIENTED_EDGE('4756',*,*,#12756,.T.);
#12775=EDGE_LOOP('3799',(#12770,#12771,#12773,#12774));
#12776=FACE_OUTER_BOUND('3799',#12775,.F.);
#12777=ADVANCED_FACE('3799',(#12776),#12769,.F.);
#12778=CARTESIAN_POINT('',(-2.487381680683E1,1.802876965662E0,
-5.544145681320E0));
#12779=CARTESIAN_POINT('',(-2.487381680683E1,1.794222413375E0,
-5.577714677486E0));
#12780=CARTESIAN_POINT('',(-2.487381680683E1,1.785567861087E0,
-5.611283673652E0));
#12781=CARTESIAN_POINT('',(-2.487381680683E1,1.776913308800E0,
-5.644852669818E0));
#12782=CARTESIAN_POINT('',(-2.487378240197E1,1.802158713632E0,
-5.543960502672E0));
#12783=CARTESIAN_POINT('',(-2.487378240197E1,1.793574898309E0,
-5.577547736135E0));
#12784=CARTESIAN_POINT('',(-2.487378240197E1,1.784991082985E0,
-5.611134969597E0));
#12785=CARTESIAN_POINT('',(-2.487378240197E1,1.776407267662E0,
-5.644722203060E0));
#12786=CARTESIAN_POINT('',(-2.487330152416E1,1.792116174987E0,
-5.541405203578E0));
#12787=CARTESIAN_POINT('',(-2.487330152416E1,1.784521397862E0,
-5.575244095362E0));
#12788=CARTESIAN_POINT('',(-2.487330152416E1,1.776926620737E0,
-5.609082987145E0));
#12789=CARTESIAN_POINT('',(-2.487330152416E1,1.769331843612E0,
-5.642921878929E0));
#12790=CARTESIAN_POINT('',(-2.487236798008E1,1.772534577732E0,
-5.537333759037E0));
#12791=CARTESIAN_POINT('',(-2.487236798008E1,1.766868291834E0,
-5.571573626542E0));
#12792=CARTESIAN_POINT('',(-2.487236798008E1,1.761202005936E0,
-5.605813494046E0));
#12793=CARTESIAN_POINT('',(-2.487236798008E1,1.755535720038E0,
-5.640053361550E0));
#12794=CARTESIAN_POINT('',(-2.487099745880E1,1.743864501338E0,
-5.533789380649E0));
#12795=CARTESIAN_POINT('',(-2.487099745880E1,1.741021784430E0,
-5.568378315829E0));
#12796=CARTESIAN_POINT('',(-2.487099745880E1,1.738179067523E0,
-5.602967251008E0));
#12797=CARTESIAN_POINT('',(-2.487099745880E1,1.735336350615E0,
-5.637556186187E0));
#12798=CARTESIAN_POINT('',(-2.487004468656E1,1.723879848758E0,
-5.532969527461E0));
#12799=CARTESIAN_POINT('',(-2.487004468656E1,1.723005317932E0,
-5.567639205782E0));
#12800=CARTESIAN_POINT('',(-2.487004468656E1,1.722130787106E0,
-5.602308884103E0));
#12801=CARTESIAN_POINT('',(-2.487004468656E1,1.721256256280E0,
-5.636978562424E0));
#12802=CARTESIAN_POINT('',(-2.486954846865E1,1.713516525864E0,
-5.533002301993E0));
#12803=CARTESIAN_POINT('',(-2.486954846865E1,1.713662625634E0,
-5.567668752518E0));
#12804=CARTESIAN_POINT('',(-2.486954846865E1,1.713808725404E0,
-5.602335203043E0));
#12805=CARTESIAN_POINT('',(-2.486954846865E1,1.713954825174E0,
-5.637001653568E0));
#12806=CARTESIAN_POINT('',(-2.486951294125E1,1.712774802562E0,
-5.533006994170E0));
#12807=CARTESIAN_POINT('',(-2.486951294125E1,1.712993950861E0,
-5.567672982587E0));
#12808=CARTESIAN_POINT('',(-2.486951294125E1,1.713213099160E0,
-5.602338971004E0));
#12809=CARTESIAN_POINT('',(-2.486951294125E1,1.713432247460E0,
-5.637004959420E0));
#12810=B_SPLINE_SURFACE_WITH_KNOTS('3830',3,3,((#12778,#12779,#12780,#12781),(
#12782,#12783,#12784,#12785),(#12786,#12787,#12788,#12789),(#12790,#12791,
#12792,#12793),(#12794,#12795,#12796,#12797),(#12798,#12799,#12800,#12801),(
#12802,#12803,#12804,#12805),(#12806,#12807,#12808,#12809)),.UNSPECIFIED.,.F.,
.F.,.F.,(4,1,1,1,1,4),(4,4),(-2.569933621676E-2,0.E0,3.333333333333E-1,
6.666666666667E-1,1.E0,1.025696991720E0),(-2.000043789099E-2,1.020000008586E0),
.UNSPECIFIED.);
#12811=ORIENTED_EDGE('4735',*,*,#12715,.F.);
#12813=ORIENTED_EDGE('4743',*,*,#12812,.T.);
#12814=ORIENTED_EDGE('4738',*,*,#12772,.T.);
#12815=ORIENTED_EDGE('4744',*,*,#12614,.F.);
#12816=EDGE_LOOP('3830',(#12811,#12813,#12814,#12815));
#12817=FACE_OUTER_BOUND('3830',#12816,.F.);
#12818=ADVANCED_FACE('3830',(#12817),#12810,.T.);
#12819=CARTESIAN_POINT('',(-2.488231724596E1,1.967176200765E0,
-5.639005256626E0));
#12820=DIRECTION('',(9.989165707625E-1,4.513591707484E-2,-1.133285691963E-2));
#12821=DIRECTION('',(-4.653691713197E-2,9.688440550276E-1,-2.432601742611E-1));
#12822=AXIS2_PLACEMENT_3D('',#12819,#12820,#12821);
#12823=PLANE('3829',#12822);
#12824=ORIENTED_EDGE('4736',*,*,#12730,.T.);
#12826=ORIENTED_EDGE('4742',*,*,#12825,.T.);
#12827=ORIENTED_EDGE('4739',*,*,#12758,.F.);
#12828=ORIENTED_EDGE('4743',*,*,#12812,.F.);
#12829=EDGE_LOOP('3829',(#12824,#12826,#12827,#12828));
#12830=FACE_OUTER_BOUND('3829',#12829,.F.);
#12831=ADVANCED_FACE('3829',(#12830),#12823,.T.);
#12832=CARTESIAN_POINT('',(-2.489079357007E1,2.156375848466E0,
-5.632871040121E0));
#12833=CARTESIAN_POINT('',(-2.489079357007E1,2.147328681903E0,
-5.666336580353E0));
#12834=CARTESIAN_POINT('',(-2.489079357007E1,2.138281515339E0,
-5.699802120585E0));
#12835=CARTESIAN_POINT('',(-2.489079357007E1,2.129234348776E0,
-5.733267660817E0));
#12836=CARTESIAN_POINT('',(-2.489083601720E1,2.157234665120E0,
-5.633103273805E0));
#12837=CARTESIAN_POINT('',(-2.489083601720E1,2.148388664330E0,
-5.666623211525E0));
#12838=CARTESIAN_POINT('',(-2.489083601720E1,2.139542663540E0,
-5.700143149245E0));
#12839=CARTESIAN_POINT('',(-2.489083601720E1,2.130696662750E0,
-5.733663086964E0));
#12840=CARTESIAN_POINT('',(-2.489130312777E1,2.166706168412E0,
-5.635572644003E0));
#12841=CARTESIAN_POINT('',(-2.489130312777E1,2.160078734620E0,
-5.669670997109E0));
#12842=CARTESIAN_POINT('',(-2.489130312777E1,2.153451300827E0,
-5.703769350214E0));
#12843=CARTESIAN_POINT('',(-2.489130312777E1,2.146823867034E0,
-5.737867703319E0));
#12844=CARTESIAN_POINT('',(-2.489219824252E1,2.185240866787E0,
-5.638484283188E0));
#12845=CARTESIAN_POINT('',(-2.489219824252E1,2.182954926509E0,
-5.673264646995E0));
#12846=CARTESIAN_POINT('',(-2.489219824252E1,2.180668986231E0,
-5.708045010802E0));
#12847=CARTESIAN_POINT('',(-2.489219824252E1,2.178383045953E0,
-5.742825374608E0));
#12848=CARTESIAN_POINT('',(-2.489350569408E1,2.212037637213E0,
-5.637826069184E0));
#12849=CARTESIAN_POINT('',(-2.489350569408E1,2.216028465117E0,
-5.672452255579E0));
#12850=CARTESIAN_POINT('',(-2.489350569408E1,2.220019293021E0,
-5.707078441974E0));
#12851=CARTESIAN_POINT('',(-2.489350569408E1,2.224010120925E0,
-5.741704628368E0));
#12852=CARTESIAN_POINT('',(-2.489478185263E1,2.238279768517E0,
-5.632371478410E0));
#12853=CARTESIAN_POINT('',(-2.489478185263E1,2.248417448157E0,
-5.665720003307E0));
#12854=CARTESIAN_POINT('',(-2.489478185263E1,2.258555127797E0,
-5.699068528205E0));
#12855=CARTESIAN_POINT('',(-2.489478185263E1,2.268692807436E0,
-5.732417053102E0));
#12856=CARTESIAN_POINT('',(-2.489599345155E1,2.263114371144E0,
-5.622299346495E0));
#12857=CARTESIAN_POINT('',(-2.489599345155E1,2.279069208640E0,
-5.653288615553E0));
#12858=CARTESIAN_POINT('',(-2.489599345155E1,2.295024046135E0,
-5.684277884610E0));
#12859=CARTESIAN_POINT('',(-2.489599345155E1,2.310978883630E0,
-5.715267153667E0));
#12860=CARTESIAN_POINT('',(-2.489673982921E1,2.278571818592E0,
-5.612486838342E0));
#12861=CARTESIAN_POINT('',(-2.489673982921E1,2.298147346670E0,
-5.641177664790E0));
#12862=CARTESIAN_POINT('',(-2.489673982921E1,2.317722874747E0,
-5.669868491237E0));
#12863=CARTESIAN_POINT('',(-2.489673982921E1,2.337298402825E0,
-5.698559317684E0));
#12864=CARTESIAN_POINT('',(-2.489710354941E1,2.285948025464E0,
-5.606758877114E0));
#12865=CARTESIAN_POINT('',(-2.489710354941E1,2.307251326697E0,
-5.634108008864E0));
#12866=CARTESIAN_POINT('',(-2.489710354941E1,2.328554627930E0,
-5.661457140614E0));
#12867=CARTESIAN_POINT('',(-2.489710354941E1,2.349857929163E0,
-5.688806272364E0));
#12868=CARTESIAN_POINT('',(-2.489712083835E1,2.286298247056E0,
-5.606484364186E0));
#12869=CARTESIAN_POINT('',(-2.489712083835E1,2.307683582792E0,
-5.633769195127E0));
#12870=CARTESIAN_POINT('',(-2.489712083835E1,2.329068918528E0,
-5.661054026068E0));
#12871=CARTESIAN_POINT('',(-2.489712083835E1,2.350454254265E0,
-5.688338857009E0));
#12872=B_SPLINE_SURFACE_WITH_KNOTS('3828',3,3,((#12832,#12833,#12834,#12835),(
#12836,#12837,#12838,#12839),(#12840,#12841,#12842,#12843),(#12844,#12845,
#12846,#12847),(#12848,#12849,#12850,#12851),(#12852,#12853,#12854,#12855),(
#12856,#12857,#12858,#12859),(#12860,#12861,#12862,#12863),(#12864,#12865,
#12866,#12867),(#12868,#12869,#12870,#12871)),.UNSPECIFIED.,.F.,.F.,.F.,(4,1,1,
1,1,1,1,4),(4,4),(-1.999674124015E-2,0.E0,2.E-1,4.E-1,6.E-1,8.E-1,1.E0,
1.010006501834E0),(-2.000059785699E-2,1.020006799593E0),.UNSPECIFIED.);
#12874=ORIENTED_EDGE('4737',*,*,#12873,.T.);
#12876=ORIENTED_EDGE('4741',*,*,#12875,.T.);
#12878=ORIENTED_EDGE('4740',*,*,#12877,.F.);
#12879=ORIENTED_EDGE('4742',*,*,#12825,.F.);
#12880=EDGE_LOOP('3828',(#12874,#12876,#12878,#12879));
#12881=FACE_OUTER_BOUND('3828',#12880,.F.);
#12882=ADVANCED_FACE('3828',(#12881),#12872,.F.);
#12883=CARTESIAN_POINT('',(-2.4765E1,2.195E0,-5.49E0));
#12884=DIRECTION('',(1.E0,0.E0,0.E0));
#12885=DIRECTION('',(0.E0,0.E0,-1.E0));
#12886=AXIS2_PLACEMENT_3D('',#12883,#12884,#12885);
#12887=CYLINDRICAL_SURFACE('3806',#12886,1.5E-1);
#12889=ORIENTED_EDGE('4747',*,*,#12888,.T.);
#12891=ORIENTED_EDGE('4751',*,*,#12890,.F.);
#12892=ORIENTED_EDGE('4737',*,*,#12873,.F.);
#12893=ORIENTED_EDGE('4750',*,*,#12728,.T.);
#12894=EDGE_LOOP('3806',(#12889,#12891,#12892,#12893));
#12895=FACE_OUTER_BOUND('3806',#12894,.F.);
#12896=ADVANCED_FACE('3806',(#12895),#12887,.F.);
#12897=CARTESIAN_POINT('',(-2.5145E1,2.235689466546E0,-5.685817178287E0));
#12898=DIRECTION('',(1.E0,0.E0,0.E0));
#12899=DIRECTION('',(0.E0,9.698948674844E-1,-2.435240152993E-1));
#12900=AXIS2_PLACEMENT_3D('',#12897,#12898,#12899);
#12901=PLANE('3834',#12900);
#12902=ORIENTED_EDGE('4747',*,*,#12888,.F.);
#12903=ORIENTED_EDGE('4761',*,*,#12745,.T.);
#12905=ORIENTED_EDGE('4754',*,*,#12904,.T.);
#12907=ORIENTED_EDGE('4760',*,*,#12906,.F.);
#12908=EDGE_LOOP('3834',(#12902,#12903,#12905,#12907));
#12909=FACE_OUTER_BOUND('3834',#12908,.F.);
#12910=ADVANCED_FACE('3834',(#12909),#12901,.F.);
#12911=CARTESIAN_POINT('',(-2.4765E1,2.195E0,-5.49E0));
#12912=DIRECTION('',(1.E0,0.E0,0.E0));
#12913=DIRECTION('',(0.E0,0.E0,-1.E0));
#12914=AXIS2_PLACEMENT_3D('',#12911,#12912,#12913);
#12915=CYLINDRICAL_SURFACE('3801',#12914,2.5E-1);
#12916=ORIENTED_EDGE('4754',*,*,#12904,.F.);
#12917=ORIENTED_EDGE('4757',*,*,#12760,.F.);
#12918=ORIENTED_EDGE('4740',*,*,#12877,.T.);
#12920=ORIENTED_EDGE('4758',*,*,#12919,.T.);
#12921=EDGE_LOOP('3801',(#12916,#12917,#12918,#12920));
#12922=FACE_OUTER_BOUND('3801',#12921,.F.);
#12923=ADVANCED_FACE('3801',(#12922),#12915,.T.);
#12924=CARTESIAN_POINT('',(-2.4765E1,2.347439024390E0,-5.688147278162E0));
#12925=DIRECTION('',(0.E0,6.097560975610E-1,-7.925891126474E-1));
#12926=DIRECTION('',(0.E0,7.925891126474E-1,6.097560975610E-1));
#12927=AXIS2_PLACEMENT_3D('',#12924,#12925,#12926);
#12928=PLANE('3802',#12927);
#12930=ORIENTED_EDGE('4780',*,*,#12929,.F.);
#12932=ORIENTED_EDGE('4785',*,*,#12931,.F.);
#12934=ORIENTED_EDGE('4784',*,*,#12933,.F.);
#12936=ORIENTED_EDGE('4783',*,*,#12935,.F.);
#12938=ORIENTED_EDGE('4782',*,*,#12937,.F.);
#12940=ORIENTED_EDGE('4781',*,*,#12939,.F.);
#12942=ORIENTED_EDGE('4787',*,*,#12941,.F.);
#12943=ORIENTED_EDGE('4758',*,*,#12919,.F.);
#12945=ORIENTED_EDGE('4786',*,*,#12944,.T.);
#12946=EDGE_LOOP('3802',(#12930,#12932,#12934,#12936,#12938,#12940,#12942,
#12943,#12945));
#12947=FACE_OUTER_BOUND('3802',#12946,.F.);
#12948=ADVANCED_FACE('3802',(#12947),#12928,.T.);
#12949=CARTESIAN_POINT('',(-2.498264559966E1,2.431846154845E0,
-5.560126641929E0));
#12950=DIRECTION('',(1.110223024625E-14,6.097560975610E-1,-7.925891126474E-1));
#12951=DIRECTION('',(9.246757232844E-1,3.017827221537E-1,2.321680326356E-1));
#12952=AXIS2_PLACEMENT_3D('',#12949,#12950,#12951);
#12953=CYLINDRICAL_SURFACE('3840',#12952,8.E-2);
#12955=ORIENTED_EDGE('4772',*,*,#12954,.F.);
#12957=ORIENTED_EDGE('4790',*,*,#12956,.T.);
#12958=ORIENTED_EDGE('4780',*,*,#12929,.T.);
#12960=ORIENTED_EDGE('4788',*,*,#12959,.F.);
#12961=EDGE_LOOP('3840',(#12955,#12957,#12958,#12960));
#12962=FACE_OUTER_BOUND('3840',#12961,.F.);
#12963=ADVANCED_FACE('3840',(#12962),#12953,.T.);
#12964=CARTESIAN_POINT('',(-2.4765E1,2.286463414634E0,-5.608888366897E0));
#12965=DIRECTION('',(0.E0,6.097560975610E-1,-7.925891126474E-1));
#12966=DIRECTION('',(0.E0,7.925891126474E-1,6.097560975610E-1));
#12967=AXIS2_PLACEMENT_3D('',#12964,#12965,#12966);
#12968=PLANE('3807',#12967);
#12969=ORIENTED_EDGE('4772',*,*,#12954,.T.);
#12971=ORIENTED_EDGE('4778',*,*,#12970,.F.);
#12972=ORIENTED_EDGE('4751',*,*,#12890,.T.);
#12974=ORIENTED_EDGE('4779',*,*,#12973,.T.);
#12976=ORIENTED_EDGE('4773',*,*,#12975,.T.);
#12978=ORIENTED_EDGE('4774',*,*,#12977,.T.);
#12980=ORIENTED_EDGE('4775',*,*,#12979,.T.);
#12982=ORIENTED_EDGE('4776',*,*,#12981,.T.);
#12984=ORIENTED_EDGE('4777',*,*,#12983,.T.);
#12985=EDGE_LOOP('3807',(#12969,#12971,#12972,#12974,#12976,#12978,#12980,
#12982,#12984));
#12986=FACE_OUTER_BOUND('3807',#12985,.F.);
#12987=ADVANCED_FACE('3807',(#12986),#12968,.F.);
#12988=CARTESIAN_POINT('',(-2.490325461617E1,2.445731707317E0,
-5.549444183449E0));
#12989=DIRECTION('',(9.992760944775E-1,3.015264633361E-2,2.319708871360E-2));
#12990=DIRECTION('',(-3.804322549030E-2,7.920153530117E-1,6.093146917546E-1));
#12991=AXIS2_PLACEMENT_3D('',#12988,#12989,#12990);
#12992=PLANE('3827',#12991);
#12993=ORIENTED_EDGE('4788',*,*,#12959,.T.);
#12994=ORIENTED_EDGE('4786',*,*,#12944,.F.);
#12995=ORIENTED_EDGE('4741',*,*,#12875,.F.);
#12996=ORIENTED_EDGE('4778',*,*,#12970,.T.);
#12997=EDGE_LOOP('3827',(#12993,#12994,#12995,#12996));
#12998=FACE_OUTER_BOUND('3827',#12997,.F.);
#12999=ADVANCED_FACE('3827',(#12998),#12992,.T.);
#13000=CARTESIAN_POINT('',(-2.5145E1,2.445731707317E0,-5.549444183449E0));
#13001=DIRECTION('',(1.E0,0.E0,0.E0));
#13002=DIRECTION('',(0.E0,7.925891126474E-1,6.097560975610E-1));
#13003=AXIS2_PLACEMENT_3D('',#13000,#13001,#13002);
#13004=PLANE('3833',#13003);
#13006=ORIENTED_EDGE('4789',*,*,#13005,.F.);
#13007=ORIENTED_EDGE('4779',*,*,#12973,.F.);
#13008=ORIENTED_EDGE('4760',*,*,#12906,.T.);
#13009=ORIENTED_EDGE('4787',*,*,#12941,.T.);
#13010=EDGE_LOOP('3833',(#13006,#13007,#13008,#13009));
#13011=FACE_OUTER_BOUND('3833',#13010,.F.);
#13012=ADVANCED_FACE('3833',(#13011),#13004,.F.);
#13013=CARTESIAN_POINT('',(-2.5065E1,2.431846154845E0,-5.560126641929E0));
#13014=DIRECTION('',(0.E0,6.097560975610E-1,-7.925891126474E-1));
#13015=DIRECTION('',(-1.E0,0.E0,0.E0));
#13016=AXIS2_PLACEMENT_3D('',#13013,#13014,#13015);
#13017=CYLINDRICAL_SURFACE('3841',#13016,8.E-2);
#13018=ORIENTED_EDGE('4773',*,*,#12975,.F.);
#13019=ORIENTED_EDGE('4789',*,*,#13005,.T.);
#13020=ORIENTED_EDGE('4781',*,*,#12939,.T.);
#13022=ORIENTED_EDGE('4791',*,*,#13021,.F.);
#13023=EDGE_LOOP('3841',(#13018,#13019,#13020,#13022));
#13024=FACE_OUTER_BOUND('3841',#13023,.F.);
#13025=ADVANCED_FACE('3841',(#13024),#13017,.T.);
#13026=CARTESIAN_POINT('',(-2.511838545778E1,2.495618228250E0,
-5.511065394440E0));
#13027=DIRECTION('',(9.246757232844E-1,-3.017827221537E-1,-2.321680326356E-1));
#13028=DIRECTION('',(3.807555735224E-1,7.328879110046E-1,5.638266605393E-1));
#13029=AXIS2_PLACEMENT_3D('',#13026,#13027,#13028);
#13030=PLANE('3842',#13029);
#13031=ORIENTED_EDGE('4774',*,*,#12977,.F.);
#13032=ORIENTED_EDGE('4791',*,*,#13021,.T.);
#13033=ORIENTED_EDGE('4782',*,*,#12937,.T.);
#13035=ORIENTED_EDGE('4792',*,*,#13034,.F.);
#13036=EDGE_LOOP('3842',(#13031,#13032,#13033,#13035));
#13037=FACE_OUTER_BOUND('3842',#13036,.F.);
#13038=ADVANCED_FACE('3842',(#13037),#13030,.F.);
#13039=CARTESIAN_POINT('',(-2.502382279983E1,2.511105066110E0,
-5.499151032173E0));
#13040=DIRECTION('',(0.E0,6.097560975610E-1,-7.925891126474E-1));
#13041=DIRECTION('',(-9.246757232844E-1,3.017827221537E-1,2.321680326356E-1));
#13042=AXIS2_PLACEMENT_3D('',#13039,#13040,#13041);
#13043=CYLINDRICAL_SURFACE('3843',#13042,8.E-2);
#13044=ORIENTED_EDGE('4775',*,*,#12979,.F.);
#13045=ORIENTED_EDGE('4792',*,*,#13034,.T.);
#13046=ORIENTED_EDGE('4783',*,*,#12935,.T.);
#13048=ORIENTED_EDGE('4793',*,*,#13047,.F.);
#13049=EDGE_LOOP('3843',(#13044,#13045,#13046,#13048));
#13050=FACE_OUTER_BOUND('3843',#13049,.F.);
#13051=ADVANCED_FACE('3843',(#13050),#13043,.T.);
#13052=CARTESIAN_POINT('',(-2.502382279983E1,2.511105066110E0,
-5.499151032173E0));
#13053=DIRECTION('',(0.E0,6.097560975610E-1,-7.925891126474E-1));
#13054=DIRECTION('',(4.371503159462E-14,7.925891126474E-1,6.097560975610E-1));
#13055=AXIS2_PLACEMENT_3D('',#13052,#13053,#13054);
#13056=CYLINDRICAL_SURFACE('3844',#13055,8.E-2);
#13057=ORIENTED_EDGE('4776',*,*,#12981,.F.);
#13058=ORIENTED_EDGE('4793',*,*,#13047,.T.);
#13059=ORIENTED_EDGE('4784',*,*,#12933,.T.);
#13061=ORIENTED_EDGE('4794',*,*,#13060,.F.);
#13062=EDGE_LOOP('3844',(#13057,#13058,#13059,#13061));
#13063=FACE_OUTER_BOUND('3844',#13062,.F.);
#13064=ADVANCED_FACE('3844',(#13063),#13056,.T.);
#13065=CARTESIAN_POINT('',(-2.492926014188E1,2.495618228250E0,
-5.511065394440E0));
#13066=DIRECTION('',(-9.246757232844E-1,-3.017827221537E-1,-2.321680326356E-1));
#13067=DIRECTION('',(3.807555735224E-1,-7.328879110046E-1,-5.638266605393E-1));
#13068=AXIS2_PLACEMENT_3D('',#13065,#13066,#13067);
#13069=PLANE('3845',#13068);
#13070=ORIENTED_EDGE('4777',*,*,#12983,.F.);
#13071=ORIENTED_EDGE('4794',*,*,#13060,.T.);
#13072=ORIENTED_EDGE('4785',*,*,#12931,.T.);
#13073=ORIENTED_EDGE('4790',*,*,#12956,.F.);
#13074=EDGE_LOOP('3845',(#13070,#13071,#13072,#13073));
#13075=FACE_OUTER_BOUND('3845',#13074,.F.);
#13076=ADVANCED_FACE('3845',(#13075),#13069,.F.);
#13077=CARTESIAN_POINT('',(-2.4765E1,1.382184141886E0,-5.795E0));
#13078=DIRECTION('',(0.E0,0.E0,1.E0));
#13079=DIRECTION('',(0.E0,1.E0,0.E0));
#13080=AXIS2_PLACEMENT_3D('',#13077,#13078,#13079);
#13081=PLANE('3788',#13080);
#13082=ORIENTED_EDGE('5107',*,*,#8986,.T.);
#13084=ORIENTED_EDGE('5219',*,*,#13083,.T.);
#13086=ORIENTED_EDGE('4688',*,*,#13085,.T.);
#13088=ORIENTED_EDGE('4707',*,*,#13087,.T.);
#13090=ORIENTED_EDGE('4710',*,*,#13089,.F.);
#13092=ORIENTED_EDGE('4706',*,*,#13091,.F.);
#13094=ORIENTED_EDGE('5221',*,*,#13093,.F.);
#13095=EDGE_LOOP('3788',(#13082,#13084,#13086,#13088,#13090,#13092,#13094));
#13096=FACE_OUTER_BOUND('3788',#13095,.F.);
#13097=ADVANCED_FACE('3788',(#13096),#13081,.T.);
#13098=CARTESIAN_POINT('',(-2.466837365646E1,1.548592070943E0,-5.845E0));
#13099=DIRECTION('',(9.988483864850E-1,-4.797812852134E-2,0.E0));
#13100=DIRECTION('',(4.797812852134E-2,9.988483864850E-1,0.E0));
#13101=AXIS2_PLACEMENT_3D('',#13098,#13099,#13100);
#13102=PLANE('3812',#13101);
#13103=ORIENTED_EDGE('5111',*,*,#8992,.F.);
#13105=ORIENTED_EDGE('5220',*,*,#13104,.T.);
#13107=ORIENTED_EDGE('4684',*,*,#13106,.F.);
#13108=ORIENTED_EDGE('5219',*,*,#13083,.F.);
#13109=EDGE_LOOP('3812',(#13103,#13105,#13107,#13108));
#13110=FACE_OUTER_BOUND('3812',#13109,.F.);
#13111=ADVANCED_FACE('3812',(#13110),#13102,.F.);
#13112=CARTESIAN_POINT('',(-2.4765E1,1.382184141886E0,-5.895E0));
#13113=DIRECTION('',(0.E0,0.E0,1.E0));
#13114=DIRECTION('',(0.E0,1.E0,0.E0));
#13115=AXIS2_PLACEMENT_3D('',#13112,#13113,#13114);
#13116=PLANE('3789',#13115);
#13117=ORIENTED_EDGE('5108',*,*,#8990,.F.);
#13119=ORIENTED_EDGE('5222',*,*,#13118,.T.);
#13121=ORIENTED_EDGE('4708',*,*,#13120,.T.);
#13123=ORIENTED_EDGE('4711',*,*,#13122,.F.);
#13125=ORIENTED_EDGE('4709',*,*,#13124,.F.);
#13127=ORIENTED_EDGE('4695',*,*,#13126,.F.);
#13128=ORIENTED_EDGE('5220',*,*,#13104,.F.);
#13129=EDGE_LOOP('3789',(#13117,#13119,#13121,#13123,#13125,#13127,#13128));
#13130=FACE_OUTER_BOUND('3789',#13129,.F.);
#13131=ADVANCED_FACE('3789',(#13130),#13116,.F.);
#13132=CARTESIAN_POINT('',(-2.423642492866E1,1.503592070943E0,-5.845E0));
#13133=DIRECTION('',(9.847835588179E-1,-1.737853339090E-1,0.E0));
#13134=DIRECTION('',(1.737853339090E-1,9.847835588179E-1,0.E0));
#13135=AXIS2_PLACEMENT_3D('',#13132,#13133,#13134);
#13136=PLANE('3813',#13135);
#13137=ORIENTED_EDGE('5112',*,*,#8988,.T.);
#13138=ORIENTED_EDGE('5221',*,*,#13093,.T.);
#13140=ORIENTED_EDGE('4699',*,*,#13139,.T.);
#13141=ORIENTED_EDGE('5222',*,*,#13118,.F.);
#13142=EDGE_LOOP('3813',(#13137,#13138,#13140,#13141));
#13143=FACE_OUTER_BOUND('3813',#13142,.F.);
#13144=ADVANCED_FACE('3813',(#13143),#13136,.T.);
#13145=CARTESIAN_POINT('',(-2.43E1,1.625E0,-5.845E0));
#13146=DIRECTION('',(0.E0,1.E0,0.E0));
#13147=DIRECTION('',(-1.E0,0.E0,0.E0));
#13148=AXIS2_PLACEMENT_3D('',#13145,#13146,#13147);
#13149=PLANE('3818',#13148);
#13151=ORIENTED_EDGE('4704',*,*,#13150,.T.);
#13152=ORIENTED_EDGE('4708',*,*,#13120,.F.);
#13153=ORIENTED_EDGE('4699',*,*,#13139,.F.);
#13154=ORIENTED_EDGE('4706',*,*,#13091,.T.);
#13155=EDGE_LOOP('3818',(#13151,#13152,#13153,#13154));
#13156=FACE_OUTER_BOUND('3818',#13155,.F.);
#13157=ADVANCED_FACE('3818',(#13156),#13149,.T.);
#13158=CARTESIAN_POINT('',(-2.4315E1,1.695E0,-5.790474061236E0));
#13159=DIRECTION('',(0.E0,0.E0,-1.E0));
#13160=DIRECTION('',(0.E0,-1.E0,0.E0));
#13161=AXIS2_PLACEMENT_3D('',#13158,#13159,#13160);
#13162=CYLINDRICAL_SURFACE('3820',#13161,7.E-2);
#13163=ORIENTED_EDGE('4704',*,*,#13150,.F.);
#13164=ORIENTED_EDGE('4710',*,*,#13089,.T.);
#13166=ORIENTED_EDGE('4705',*,*,#13165,.T.);
#13167=ORIENTED_EDGE('4711',*,*,#13122,.T.);
#13168=EDGE_LOOP('3820',(#13163,#13164,#13166,#13167));
#13169=FACE_OUTER_BOUND('3820',#13168,.F.);
#13170=ADVANCED_FACE('3820',(#13169),#13162,.F.);
#13171=CARTESIAN_POINT('',(-2.4385E1,1.67E0,-5.845E0));
#13172=DIRECTION('',(-1.E0,0.E0,0.E0));
#13173=DIRECTION('',(0.E0,-1.E0,0.E0));
#13174=AXIS2_PLACEMENT_3D('',#13171,#13172,#13173);
#13175=PLANE('3819',#13174);
#13176=ORIENTED_EDGE('4705',*,*,#13165,.F.);
#13177=ORIENTED_EDGE('4707',*,*,#13087,.F.);
#13179=ORIENTED_EDGE('4703',*,*,#13178,.T.);
#13180=ORIENTED_EDGE('4709',*,*,#13124,.T.);
#13181=EDGE_LOOP('3819',(#13176,#13177,#13179,#13180));
#13182=FACE_OUTER_BOUND('3819',#13181,.F.);
#13183=ADVANCED_FACE('3819',(#13182),#13175,.F.);
#13184=CARTESIAN_POINT('',(-2.4385E1,1.751806670091E0,-5.842733553764E0));
#13185=DIRECTION('',(-1.E0,0.E0,0.E0));
#13186=DIRECTION('',(0.E0,-9.698948674844E-1,-2.435240152993E-1));
#13187=AXIS2_PLACEMENT_3D('',#13184,#13185,#13186);
#13188=PLANE('3817',#13187);
#13190=ORIENTED_EDGE('4685',*,*,#13189,.F.);
#13192=ORIENTED_EDGE('4702',*,*,#13191,.T.);
#13194=ORIENTED_EDGE('4692',*,*,#13193,.T.);
#13195=ORIENTED_EDGE('4703',*,*,#13178,.F.);
#13196=EDGE_LOOP('3817',(#13190,#13192,#13194,#13195));
#13197=FACE_OUTER_BOUND('3817',#13196,.F.);
#13198=ADVANCED_FACE('3817',(#13197),#13188,.F.);
#13199=CARTESIAN_POINT('',(-2.4765E1,1.715E0,-5.545E0));
#13200=DIRECTION('',(-1.E0,0.E0,0.E0));
#13201=DIRECTION('',(0.E0,0.E0,1.E0));
#13202=AXIS2_PLACEMENT_3D('',#13199,#13200,#13201);
#13203=CYLINDRICAL_SURFACE('3790',#13202,2.5E-1);
#13204=ORIENTED_EDGE('4685',*,*,#13189,.T.);
#13205=ORIENTED_EDGE('4688',*,*,#13085,.F.);
#13207=ORIENTED_EDGE('4675',*,*,#13206,.F.);
#13209=ORIENTED_EDGE('4689',*,*,#13208,.T.);
#13210=EDGE_LOOP('3790',(#13204,#13205,#13207,#13209));
#13211=FACE_OUTER_BOUND('3790',#13210,.F.);
#13212=ADVANCED_FACE('3790',(#13211),#13203,.F.);
#13213=CARTESIAN_POINT('',(-2.465738234973E1,1.776914893262E0,
-5.785146921673E0));
#13214=CARTESIAN_POINT('',(-2.465738234973E1,1.785569667033E0,
-5.818715860736E0));
#13215=CARTESIAN_POINT('',(-2.465738234973E1,1.794224440805E0,
-5.852284799799E0));
#13216=CARTESIAN_POINT('',(-2.465738234973E1,1.802879214576E0,
-5.885853738861E0));
#13217=CARTESIAN_POINT('',(-2.465740695025E1,1.776408324833E0,
-5.785277527944E0));
#13218=CARTESIAN_POINT('',(-2.465740695025E1,1.784992287933E0,
-5.818864723805E0));
#13219=CARTESIAN_POINT('',(-2.465740695025E1,1.793576251033E0,
-5.852451919666E0));
#13220=CARTESIAN_POINT('',(-2.465740695025E1,1.802160214134E0,
-5.886039115527E0));
#13221=CARTESIAN_POINT('',(-2.465775045989E1,1.769332378076E0,
-5.787078009945E0));
#13222=CARTESIAN_POINT('',(-2.465775045989E1,1.776927229911E0,
-5.820916886195E0));
#13223=CARTESIAN_POINT('',(-2.465775045989E1,1.784522081746E0,
-5.854755762444E0));
#13224=CARTESIAN_POINT('',(-2.465775045989E1,1.792116933581E0,
-5.888594638694E0));
#13225=CARTESIAN_POINT('',(-2.465841730293E1,1.755535720038E0,
-5.789946638450E0));
#13226=CARTESIAN_POINT('',(-2.465841730293E1,1.761202005936E0,
-5.824186505954E0));
#13227=CARTESIAN_POINT('',(-2.465841730293E1,1.766868291834E0,
-5.858426373459E0));
#13228=CARTESIAN_POINT('',(-2.465841730293E1,1.772534577733E0,
-5.892666240964E0));
#13229=CARTESIAN_POINT('',(-2.465939624670E1,1.735336350615E0,
-5.792443813813E0));
#13230=CARTESIAN_POINT('',(-2.465939624670E1,1.738179067523E0,
-5.827032748992E0));
#13231=CARTESIAN_POINT('',(-2.465939624670E1,1.741021784430E0,
-5.861621684172E0));
#13232=CARTESIAN_POINT('',(-2.465939624670E1,1.743864501338E0,
-5.896210619352E0));
#13233=CARTESIAN_POINT('',(-2.466007682535E1,1.721255696614E0,
-5.793021460536E0));
#13234=CARTESIAN_POINT('',(-2.466007682535E1,1.722130149208E0,
-5.827691142067E0));
#13235=CARTESIAN_POINT('',(-2.466007682535E1,1.723004601801E0,
-5.862360823597E0));
#13236=CARTESIAN_POINT('',(-2.466007682535E1,1.723879054394E0,
-5.897030505128E0));
#13237=CARTESIAN_POINT('',(-2.466043129400E1,1.713953705829E0,
-5.792998342890E0));
#13238=CARTESIAN_POINT('',(-2.466043129400E1,1.713807449591E0,
-5.827664792920E0));
#13239=CARTESIAN_POINT('',(-2.466043129400E1,1.713661193353E0,
-5.862331242951E0));
#13240=CARTESIAN_POINT('',(-2.466043129400E1,1.713514937116E0,
-5.896997692981E0));
#13241=CARTESIAN_POINT('',(-2.466045669791E1,1.713430568474E0,
-5.792995029953E0));
#13242=CARTESIAN_POINT('',(-2.466045669791E1,1.713211185477E0,
-5.827661016884E0));
#13243=CARTESIAN_POINT('',(-2.466045669791E1,1.712991802481E0,
-5.862327003816E0));
#13244=CARTESIAN_POINT('',(-2.466045669791E1,1.712772419484E0,
-5.896992990747E0));
#13245=B_SPLINE_SURFACE_WITH_KNOTS('3811',3,3,((#13213,#13214,#13215,#13216),(
#13217,#13218,#13219,#13220),(#13221,#13222,#13223,#13224),(#13225,#13226,
#13227,#13228),(#13229,#13230,#13231,#13232),(#13233,#13234,#13235,#13236),(
#13237,#13238,#13239,#13240),(#13241,#13242,#13243,#13244)),.UNSPECIFIED.,.F.,
.F.,.F.,(4,1,1,1,1,4),(4,4),(-2.572615857416E-2,0.E0,3.333333333333E-1,
6.666666666667E-1,1.E0,1.025724512279E0),(-2.000000858630E-2,1.020000437901E0),
.UNSPECIFIED.);
#13246=ORIENTED_EDGE('4675',*,*,#13206,.T.);
#13247=ORIENTED_EDGE('4684',*,*,#13106,.T.);
#13249=ORIENTED_EDGE('4678',*,*,#13248,.F.);
#13251=ORIENTED_EDGE('4683',*,*,#13250,.F.);
#13252=EDGE_LOOP('3811',(#13246,#13247,#13249,#13251));
#13253=FACE_OUTER_BOUND('3811',#13252,.F.);
#13254=ADVANCED_FACE('3811',(#13253),#13245,.F.);
#13255=CARTESIAN_POINT('',(-2.4765E1,1.715E0,-5.545E0));
#13256=DIRECTION('',(-1.E0,0.E0,0.E0));
#13257=DIRECTION('',(0.E0,0.E0,1.E0));
#13258=AXIS2_PLACEMENT_3D('',#13255,#13256,#13257);
#13259=CYLINDRICAL_SURFACE('3794',#13258,3.5E-1);
#13260=ORIENTED_EDGE('4692',*,*,#13193,.F.);
#13262=ORIENTED_EDGE('4696',*,*,#13261,.F.);
#13263=ORIENTED_EDGE('4678',*,*,#13248,.T.);
#13264=ORIENTED_EDGE('4695',*,*,#13126,.T.);
#13265=EDGE_LOOP('3794',(#13260,#13262,#13263,#13264));
#13266=FACE_OUTER_BOUND('3794',#13265,.F.);
#13267=ADVANCED_FACE('3794',(#13266),#13259,.T.);
#13268=CARTESIAN_POINT('',(-2.4765E1,1.800233405355E0,-5.884463203620E0));
#13269=DIRECTION('',(0.E0,-2.435240152993E-1,9.698948674844E-1));
#13270=DIRECTION('',(0.E0,9.698948674844E-1,2.435240152993E-1));
#13271=AXIS2_PLACEMENT_3D('',#13268,#13269,#13270);
#13272=PLANE('3795',#13271);
#13274=ORIENTED_EDGE('4693',*,*,#13273,.T.);
#13276=ORIENTED_EDGE('4697',*,*,#13275,.F.);
#13278=ORIENTED_EDGE('4679',*,*,#13277,.F.);
#13279=ORIENTED_EDGE('4696',*,*,#13261,.T.);
#13280=EDGE_LOOP('3795',(#13274,#13276,#13278,#13279));
#13281=FACE_OUTER_BOUND('3795',#13280,.F.);
#13282=ADVANCED_FACE('3795',(#13281),#13272,.F.);
#13283=CARTESIAN_POINT('',(-2.4385E1,1.967176200765E0,-5.790994743374E0));
#13284=DIRECTION('',(1.E0,0.E0,0.E0));
#13285=DIRECTION('',(0.E0,9.698948674844E-1,2.435240152993E-1));
#13286=AXIS2_PLACEMENT_3D('',#13283,#13284,#13285);
#13287=PLANE('3816',#13286);
#13289=ORIENTED_EDGE('4686',*,*,#13288,.T.);
#13291=ORIENTED_EDGE('4701',*,*,#13290,.T.);
#13292=ORIENTED_EDGE('4693',*,*,#13273,.F.);
#13293=ORIENTED_EDGE('4702',*,*,#13191,.F.);
#13294=EDGE_LOOP('3816',(#13289,#13291,#13292,#13293));
#13295=FACE_OUTER_BOUND('3816',#13294,.F.);
#13296=ADVANCED_FACE('3816',(#13295),#13287,.T.);
#13297=CARTESIAN_POINT('',(-2.4765E1,1.775881003825E0,-5.787473716871E0));
#13298=DIRECTION('',(0.E0,-2.435240152993E-1,9.698948674844E-1));
#13299=DIRECTION('',(0.E0,9.698948674844E-1,2.435240152993E-1));
#13300=AXIS2_PLACEMENT_3D('',#13297,#13298,#13299);
#13301=PLANE('3791',#13300);
#13302=ORIENTED_EDGE('4686',*,*,#13288,.F.);
#13303=ORIENTED_EDGE('4689',*,*,#13208,.F.);
#13305=ORIENTED_EDGE('4676',*,*,#13304,.T.);
#13307=ORIENTED_EDGE('4690',*,*,#13306,.T.);
#13308=EDGE_LOOP('3791',(#13302,#13303,#13305,#13307));
#13309=FACE_OUTER_BOUND('3791',#13308,.F.);
#13310=ADVANCED_FACE('3791',(#13309),#13301,.T.);
#13311=CARTESIAN_POINT('',(-2.464885248376E1,1.967176200765E0,
-5.790994743374E0));
#13312=DIRECTION('',(9.989165707625E-1,-4.513591707484E-2,-1.133285691963E-2));
#13313=DIRECTION('',(4.653691713197E-2,9.688440550276E-1,2.432601742611E-1));
#13314=AXIS2_PLACEMENT_3D('',#13311,#13312,#13313);
#13315=PLANE('3810',#13314);
#13316=ORIENTED_EDGE('4676',*,*,#13304,.F.);
#13317=ORIENTED_EDGE('4683',*,*,#13250,.T.);
#13318=ORIENTED_EDGE('4679',*,*,#13277,.T.);
#13320=ORIENTED_EDGE('4682',*,*,#13319,.F.);
#13321=EDGE_LOOP('3810',(#13316,#13317,#13318,#13320));
#13322=FACE_OUTER_BOUND('3810',#13321,.F.);
#13323=ADVANCED_FACE('3810',(#13322),#13315,.F.);
#13324=CARTESIAN_POINT('',(-2.464046105126E1,2.129234911728E0,
-5.696732187054E0));
#13325=CARTESIAN_POINT('',(-2.464046105126E1,2.138282000779E0,
-5.730197747957E0));
#13326=CARTESIAN_POINT('',(-2.464046105126E1,2.147329089829E0,
-5.763663308860E0));
#13327=CARTESIAN_POINT('',(-2.464046105126E1,2.156376178880E0,
-5.797128869763E0));
#13328=CARTESIAN_POINT('',(-2.464039031511E1,2.130697038978E0,
-5.696336815046E0));
#13329=CARTESIAN_POINT('',(-2.464039031511E1,2.139542987943E0,
-5.729856765989E0));
#13330=CARTESIAN_POINT('',(-2.464039031511E1,2.148388936909E0,
-5.763376716932E0));
#13331=CARTESIAN_POINT('',(-2.464039031511E1,2.157234885875E0,
-5.796896667875E0));
#13332=CARTESIAN_POINT('',(-2.463961180655E1,2.146824059862E0,
-5.692132266486E0));
#13333=CARTESIAN_POINT('',(-2.463961180655E1,2.153451467078E0,
-5.726230623483E0));
#13334=CARTESIAN_POINT('',(-2.463961180655E1,2.160078874293E0,
-5.760328980481E0));
#13335=CARTESIAN_POINT('',(-2.463961180655E1,2.166706281508E0,
-5.794427337478E0));
#13336=CARTESIAN_POINT('',(-2.463811995775E1,2.178383045960E0,
-5.687174625487E0));
#13337=CARTESIAN_POINT('',(-2.463811995775E1,2.180668986219E0,
-5.721954989014E0));
#13338=CARTESIAN_POINT('',(-2.463811995775E1,2.182954926479E0,
-5.756735352541E0));
#13339=CARTESIAN_POINT('',(-2.463811995775E1,2.185240866738E0,
-5.791515716067E0));
#13340=CARTESIAN_POINT('',(-2.463594087180E1,2.224010120914E0,
-5.688295371727E0));
#13341=CARTESIAN_POINT('',(-2.463594087180E1,2.220019293042E0,
-5.722921557843E0));
#13342=CARTESIAN_POINT('',(-2.463594087180E1,2.216028465170E0,
-5.757547743959E0));
#13343=CARTESIAN_POINT('',(-2.463594087180E1,2.212037637298E0,
-5.792173930075E0));
#13344=CARTESIAN_POINT('',(-2.463381394089E1,2.268692807409E0,
-5.697582946989E0));
#13345=CARTESIAN_POINT('',(-2.463381394089E1,2.258555127850E0,
-5.730931471619E0));
#13346=CARTESIAN_POINT('',(-2.463381394089E1,2.248417448292E0,
-5.764279996248E0));
#13347=CARTESIAN_POINT('',(-2.463381394089E1,2.238279768734E0,
-5.797628520877E0));
#13348=CARTESIAN_POINT('',(-2.463179460935E1,2.310978883586E0,
-5.714732846418E0));
#13349=CARTESIAN_POINT('',(-2.463179460935E1,2.295024046219E0,
-5.745722115226E0));
#13350=CARTESIAN_POINT('',(-2.463179460935E1,2.279069208853E0,
-5.776711384034E0));
#13351=CARTESIAN_POINT('',(-2.463179460935E1,2.263114371486E0,
-5.807700652841E0));
#13352=CARTESIAN_POINT('',(-2.463055064660E1,2.337298402771E0,
-5.731440682395E0));
#13353=CARTESIAN_POINT('',(-2.463055064660E1,2.317722874851E0,
-5.760131508611E0));
#13354=CARTESIAN_POINT('',(-2.463055064660E1,2.298147346931E0,
-5.788822334827E0));
#13355=CARTESIAN_POINT('',(-2.463055064660E1,2.278571819011E0,
-5.817513161044E0));
#13356=CARTESIAN_POINT('',(-2.462994444627E1,2.349857929104E0,
-5.741193727711E0));
#13357=CARTESIAN_POINT('',(-2.462994444627E1,2.328554628043E0,
-5.768542859241E0));
#13358=CARTESIAN_POINT('',(-2.462994444627E1,2.307251326981E0,
-5.795891990771E0));
#13359=CARTESIAN_POINT('',(-2.462994444627E1,2.285948025920E0,
-5.823241122300E0));
#13360=CARTESIAN_POINT('',(-2.462991563137E1,2.350454254206E0,
-5.741661143066E0));
#13361=CARTESIAN_POINT('',(-2.462991563137E1,2.329068918642E0,
-5.768945973787E0));
#13362=CARTESIAN_POINT('',(-2.462991563137E1,2.307683583078E0,
-5.796230804509E0));
#13363=CARTESIAN_POINT('',(-2.462991563137E1,2.286298247514E0,
-5.823515635230E0));
#13364=B_SPLINE_SURFACE_WITH_KNOTS('3809',3,3,((#13324,#13325,#13326,#13327),(
#13328,#13329,#13330,#13331),(#13332,#13333,#13334,#13335),(#13336,#13337,
#13338,#13339),(#13340,#13341,#13342,#13343),(#13344,#13345,#13346,#13347),(
#13348,#13349,#13350,#13351),(#13352,#13353,#13354,#13355),(#13356,#13357,
#13358,#13359),(#13360,#13361,#13362,#13363)),.UNSPECIFIED.,.F.,.F.,.F.,(4,1,1,
1,1,1,1,4),(4,4),(-1.999417528078E-2,0.E0,2.E-1,4.E-1,6.E-1,8.E-1,1.E0,
1.010006501834E0),(-2.000679864078E-2,1.020000590439E0),.UNSPECIFIED.);
#13366=ORIENTED_EDGE('4677',*,*,#13365,.F.);
#13367=ORIENTED_EDGE('4682',*,*,#13319,.T.);
#13369=ORIENTED_EDGE('4680',*,*,#13368,.T.);
#13371=ORIENTED_EDGE('4681',*,*,#13370,.F.);
#13372=EDGE_LOOP('3809',(#13366,#13367,#13369,#13371));
#13373=FACE_OUTER_BOUND('3809',#13372,.F.);
#13374=ADVANCED_FACE('3809',(#13373),#13364,.T.);
#13375=CARTESIAN_POINT('',(-2.4765E1,2.195E0,-5.94E0));
#13376=DIRECTION('',(-1.E0,0.E0,0.E0));
#13377=DIRECTION('',(0.E0,0.E0,1.E0));
#13378=AXIS2_PLACEMENT_3D('',#13375,#13376,#13377);
#13379=CYLINDRICAL_SURFACE('3792',#13378,2.5E-1);
#13381=ORIENTED_EDGE('4687',*,*,#13380,.F.);
#13382=ORIENTED_EDGE('4690',*,*,#13306,.F.);
#13383=ORIENTED_EDGE('4677',*,*,#13365,.T.);
#13385=ORIENTED_EDGE('4691',*,*,#13384,.T.);
#13386=EDGE_LOOP('3792',(#13381,#13382,#13383,#13385));
#13387=FACE_OUTER_BOUND('3792',#13386,.F.);
#13388=ADVANCED_FACE('3792',(#13387),#13379,.T.);
#13389=CARTESIAN_POINT('',(-2.4385E1,2.235689466546E0,-5.744182821713E0));
#13390=DIRECTION('',(1.E0,0.E0,0.E0));
#13391=DIRECTION('',(0.E0,9.698948674844E-1,2.435240152993E-1));
#13392=AXIS2_PLACEMENT_3D('',#13389,#13390,#13391);
#13393=PLANE('3815',#13392);
#13394=ORIENTED_EDGE('4687',*,*,#13380,.T.);
#13396=ORIENTED_EDGE('4700',*,*,#13395,.T.);
#13398=ORIENTED_EDGE('4694',*,*,#13397,.F.);
#13399=ORIENTED_EDGE('4701',*,*,#13290,.F.);
#13400=EDGE_LOOP('3815',(#13394,#13396,#13398,#13399));
#13401=FACE_OUTER_BOUND('3815',#13400,.F.);
#13402=ADVANCED_FACE('3815',(#13401),#13393,.T.);
#13403=CARTESIAN_POINT('',(-2.4385E1,2.445731707317E0,-5.880555816551E0));
#13404=DIRECTION('',(1.E0,0.E0,0.E0));
#13405=DIRECTION('',(0.E0,7.925891126474E-1,-6.097560975610E-1));
#13406=AXIS2_PLACEMENT_3D('',#13403,#13404,#13405);
#13407=PLANE('3814',#13406);
#13409=ORIENTED_EDGE('4729',*,*,#13408,.T.);
#13411=ORIENTED_EDGE('4727',*,*,#13410,.F.);
#13412=ORIENTED_EDGE('4700',*,*,#13395,.F.);
#13414=ORIENTED_EDGE('4719',*,*,#13413,.T.);
#13415=EDGE_LOOP('3814',(#13409,#13411,#13412,#13414));
#13416=FACE_OUTER_BOUND('3814',#13415,.F.);
#13417=ADVANCED_FACE('3814',(#13416),#13407,.T.);
#13418=CARTESIAN_POINT('',(-2.4465E1,2.431846154845E0,-5.869873358071E0));
#13419=DIRECTION('',(0.E0,6.097560975610E-1,7.925891126474E-1));
#13420=DIRECTION('',(1.E0,1.647381220470E-14,-1.057253092584E-14));
#13421=AXIS2_PLACEMENT_3D('',#13418,#13419,#13420);
#13422=CYLINDRICAL_SURFACE('3826',#13421,8.E-2);
#13424=ORIENTED_EDGE('4713',*,*,#13423,.T.);
#13426=ORIENTED_EDGE('4734',*,*,#13425,.T.);
#13428=ORIENTED_EDGE('4721',*,*,#13427,.F.);
#13429=ORIENTED_EDGE('4729',*,*,#13408,.F.);
#13430=EDGE_LOOP('3826',(#13424,#13426,#13428,#13429));
#13431=FACE_OUTER_BOUND('3826',#13430,.F.);
#13432=ADVANCED_FACE('3826',(#13431),#13422,.T.);
#13433=CARTESIAN_POINT('',(-2.4765E1,2.347439024390E0,-5.741852721838E0));
#13434=DIRECTION('',(0.E0,6.097560975610E-1,7.925891126474E-1));
#13435=DIRECTION('',(0.E0,7.925891126474E-1,-6.097560975610E-1));
#13436=AXIS2_PLACEMENT_3D('',#13433,#13434,#13435);
#13437=PLANE('3793',#13436);
#13439=ORIENTED_EDGE('4712',*,*,#13438,.F.);
#13441=ORIENTED_EDGE('4717',*,*,#13440,.F.);
#13443=ORIENTED_EDGE('4716',*,*,#13442,.F.);
#13445=ORIENTED_EDGE('4715',*,*,#13444,.F.);
#13447=ORIENTED_EDGE('4714',*,*,#13446,.F.);
#13448=ORIENTED_EDGE('4713',*,*,#13423,.F.);
#13449=ORIENTED_EDGE('4719',*,*,#13413,.F.);
#13450=ORIENTED_EDGE('4691',*,*,#13384,.F.);
#13452=ORIENTED_EDGE('4718',*,*,#13451,.T.);
#13453=EDGE_LOOP('3793',(#13439,#13441,#13443,#13445,#13447,#13448,#13449,
#13450,#13452));
#13454=FACE_OUTER_BOUND('3793',#13453,.F.);
#13455=ADVANCED_FACE('3793',(#13454),#13437,.T.);
#13456=CARTESIAN_POINT('',(-2.454454139862E1,2.429433943139E0,
-5.868017590974E0));
#13457=DIRECTION('',(1.387778780781E-14,6.097560975610E-1,7.925891126474E-1));
#13458=DIRECTION('',(-9.328388682923E-1,2.855649690657E-1,-2.196913613360E-1));
#13459=AXIS2_PLACEMENT_3D('',#13456,#13457,#13458);
#13460=CYLINDRICAL_SURFACE('3821',#13459,8.E-2);
#13461=ORIENTED_EDGE('4712',*,*,#13438,.T.);
#13463=ORIENTED_EDGE('4728',*,*,#13462,.T.);
#13465=ORIENTED_EDGE('4720',*,*,#13464,.F.);
#13467=ORIENTED_EDGE('4730',*,*,#13466,.F.);
#13468=EDGE_LOOP('3821',(#13461,#13463,#13465,#13467));
#13469=FACE_OUTER_BOUND('3821',#13468,.F.);
#13470=ADVANCED_FACE('3821',(#13469),#13460,.T.);
#13471=CARTESIAN_POINT('',(-2.462381651526E1,2.445731707317E0,
-5.880555816551E0));
#13472=DIRECTION('',(9.992760944775E-1,-3.015264633361E-2,2.319708871360E-2));
#13473=DIRECTION('',(3.804322549030E-2,7.920153530117E-1,-6.093146917546E-1));
#13474=AXIS2_PLACEMENT_3D('',#13471,#13472,#13473);
#13475=PLANE('3808',#13474);
#13476=ORIENTED_EDGE('4728',*,*,#13462,.F.);
#13477=ORIENTED_EDGE('4718',*,*,#13451,.F.);
#13478=ORIENTED_EDGE('4681',*,*,#13370,.T.);
#13480=ORIENTED_EDGE('4726',*,*,#13479,.T.);
#13481=EDGE_LOOP('3808',(#13476,#13477,#13478,#13480));
#13482=FACE_OUTER_BOUND('3808',#13481,.F.);
#13483=ADVANCED_FACE('3808',(#13482),#13475,.F.);
#13484=CARTESIAN_POINT('',(-2.4765E1,2.286463414634E0,-5.821111633103E0));
#13485=DIRECTION('',(0.E0,6.097560975610E-1,7.925891126474E-1));
#13486=DIRECTION('',(0.E0,7.925891126474E-1,-6.097560975610E-1));
#13487=AXIS2_PLACEMENT_3D('',#13484,#13485,#13486);
#13488=PLANE('3797',#13487);
#13489=ORIENTED_EDGE('4720',*,*,#13464,.T.);
#13490=ORIENTED_EDGE('4726',*,*,#13479,.F.);
#13492=ORIENTED_EDGE('4698',*,*,#13491,.T.);
#13493=ORIENTED_EDGE('4727',*,*,#13410,.T.);
#13494=ORIENTED_EDGE('4721',*,*,#13427,.T.);
#13496=ORIENTED_EDGE('4722',*,*,#13495,.T.);
#13498=ORIENTED_EDGE('4723',*,*,#13497,.T.);
#13500=ORIENTED_EDGE('4724',*,*,#13499,.T.);
#13502=ORIENTED_EDGE('4725',*,*,#13501,.T.);
#13503=EDGE_LOOP('3797',(#13489,#13490,#13492,#13493,#13494,#13496,#13498,
#13500,#13502));
#13504=FACE_OUTER_BOUND('3797',#13503,.F.);
#13505=ADVANCED_FACE('3797',(#13504),#13488,.F.);
#13506=CARTESIAN_POINT('',(-2.4765E1,2.195E0,-5.94E0));
#13507=DIRECTION('',(-1.E0,0.E0,0.E0));
#13508=DIRECTION('',(0.E0,0.E0,1.E0));
#13509=AXIS2_PLACEMENT_3D('',#13506,#13507,#13508);
#13510=CYLINDRICAL_SURFACE('3796',#13509,1.5E-1);
#13511=ORIENTED_EDGE('4694',*,*,#13397,.T.);
#13512=ORIENTED_EDGE('4698',*,*,#13491,.F.);
#13513=ORIENTED_EDGE('4680',*,*,#13368,.F.);
#13514=ORIENTED_EDGE('4697',*,*,#13275,.T.);
#13515=EDGE_LOOP('3796',(#13511,#13512,#13513,#13514));
#13516=FACE_OUTER_BOUND('3796',#13515,.F.);
#13517=ADVANCED_FACE('3796',(#13516),#13510,.F.);
#13518=CARTESIAN_POINT('',(-2.441052731580E1,2.494893587534E0,
-5.918377123646E0));
#13519=DIRECTION('',(9.292994262121E-1,2.927247131986E-1,-2.251995087132E-1));
#13520=DIRECTION('',(-3.693271942897E-1,7.365526076052E-1,-5.666459915927E-1));
#13521=AXIS2_PLACEMENT_3D('',#13518,#13519,#13520);
#13522=PLANE('3825',#13521);
#13523=ORIENTED_EDGE('4714',*,*,#13446,.T.);
#13525=ORIENTED_EDGE('4733',*,*,#13524,.T.);
#13526=ORIENTED_EDGE('4722',*,*,#13495,.F.);
#13527=ORIENTED_EDGE('4734',*,*,#13425,.F.);
#13528=EDGE_LOOP('3825',(#13523,#13525,#13526,#13527));
#13529=FACE_OUTER_BOUND('3825',#13528,.F.);
#13530=ADVANCED_FACE('3825',(#13529),#13522,.T.);
#13531=CARTESIAN_POINT('',(-2.450474253980E1,2.511105066110E0,
-5.930848967827E0));
#13532=DIRECTION('',(-1.110223024625E-14,6.097560975610E-1,7.925891126474E-1));
#13533=DIRECTION('',(9.292994262121E-1,2.927247131986E-1,-2.251995087132E-1));
#13534=AXIS2_PLACEMENT_3D('',#13531,#13532,#13533);
#13535=CYLINDRICAL_SURFACE('3824',#13534,8.E-2);
#13536=ORIENTED_EDGE('4715',*,*,#13444,.T.);
#13538=ORIENTED_EDGE('4732',*,*,#13537,.T.);
#13539=ORIENTED_EDGE('4723',*,*,#13497,.F.);
#13540=ORIENTED_EDGE('4733',*,*,#13524,.F.);
#13541=EDGE_LOOP('3824',(#13536,#13538,#13539,#13540));
#13542=FACE_OUTER_BOUND('3824',#13541,.F.);
#13543=ADVANCED_FACE('3824',(#13542),#13535,.T.);
#13544=CARTESIAN_POINT('',(-2.450474253980E1,2.511105066110E0,
-5.930848967827E0));
#13545=DIRECTION('',(0.E0,6.097560975610E-1,7.925891126474E-1));
#13546=DIRECTION('',(-4.611045295588E-8,7.925891126474E-1,-6.097560975610E-1));
#13547=AXIS2_PLACEMENT_3D('',#13544,#13545,#13546);
#13548=CYLINDRICAL_SURFACE('3823',#13547,8.E-2);
#13549=ORIENTED_EDGE('4716',*,*,#13442,.T.);
#13551=ORIENTED_EDGE('4731',*,*,#13550,.T.);
#13552=ORIENTED_EDGE('4724',*,*,#13499,.F.);
#13553=ORIENTED_EDGE('4732',*,*,#13537,.F.);
#13554=EDGE_LOOP('3823',(#13549,#13551,#13552,#13553));
#13555=FACE_OUTER_BOUND('3823',#13554,.F.);
#13556=ADVANCED_FACE('3823',(#13555),#13548,.T.);
#13557=CARTESIAN_POINT('',(-2.459926907867E1,2.493114702150E0,
-5.917008588308E0));
#13558=DIRECTION('',(-9.328388682923E-1,2.855649690657E-1,-2.196913613360E-1));
#13559=DIRECTION('',(-3.602938325911E-1,-7.393579308628E-1,5.688041879831E-1));
#13560=AXIS2_PLACEMENT_3D('',#13557,#13558,#13559);
#13561=PLANE('3822',#13560);
#13562=ORIENTED_EDGE('4717',*,*,#13440,.T.);
#13563=ORIENTED_EDGE('4730',*,*,#13466,.T.);
#13564=ORIENTED_EDGE('4725',*,*,#13501,.F.);
#13565=ORIENTED_EDGE('4731',*,*,#13550,.F.);
#13566=EDGE_LOOP('3822',(#13562,#13563,#13564,#13565));
#13567=FACE_OUTER_BOUND('3822',#13566,.F.);
#13568=ADVANCED_FACE('3822',(#13567),#13561,.T.);
#13569=CARTESIAN_POINT('',(-2.4765E1,1.382184141886E0,5.795E0));
#13570=DIRECTION('',(0.E0,0.E0,-1.E0));
#13571=DIRECTION('',(0.E0,1.E0,0.E0));
#13572=AXIS2_PLACEMENT_3D('',#13569,#13570,#13571);
#13573=PLANE('3740',#13572);
#13574=ORIENTED_EDGE('5101',*,*,#8996,.T.);
#13576=ORIENTED_EDGE('5216',*,*,#13575,.T.);
#13578=ORIENTED_EDGE('4635',*,*,#13577,.T.);
#13580=ORIENTED_EDGE('4648',*,*,#13579,.T.);
#13582=ORIENTED_EDGE('4651',*,*,#13581,.F.);
#13584=ORIENTED_EDGE('4649',*,*,#13583,.F.);
#13586=ORIENTED_EDGE('5218',*,*,#13585,.F.);
#13587=EDGE_LOOP('3740',(#13574,#13576,#13578,#13580,#13582,#13584,#13586));
#13588=FACE_OUTER_BOUND('3740',#13587,.F.);
#13589=ADVANCED_FACE('3740',(#13588),#13573,.T.);
#13590=CARTESIAN_POINT('',(-2.486162634354E1,1.548592070943E0,5.845E0));
#13591=DIRECTION('',(9.988483864850E-1,4.797812852134E-2,0.E0));
#13592=DIRECTION('',(-4.797812852134E-2,9.988483864850E-1,0.E0));
#13593=AXIS2_PLACEMENT_3D('',#13590,#13591,#13592);
#13594=PLANE('3773',#13593);
#13595=ORIENTED_EDGE('5105',*,*,#9002,.T.);
#13597=ORIENTED_EDGE('5215',*,*,#13596,.T.);
#13599=ORIENTED_EDGE('4624',*,*,#13598,.T.);
#13600=ORIENTED_EDGE('5216',*,*,#13575,.F.);
#13601=EDGE_LOOP('3773',(#13595,#13597,#13599,#13600));
#13602=FACE_OUTER_BOUND('3773',#13601,.F.);
#13603=ADVANCED_FACE('3773',(#13602),#13594,.T.);
#13604=CARTESIAN_POINT('',(-2.4765E1,1.382184141886E0,5.895E0));
#13605=DIRECTION('',(0.E0,0.E0,-1.E0));
#13606=DIRECTION('',(0.E0,1.E0,0.E0));
#13607=AXIS2_PLACEMENT_3D('',#13604,#13605,#13606);
#13608=PLANE('3745',#13607);
#13609=ORIENTED_EDGE('5102',*,*,#9000,.F.);
#13611=ORIENTED_EDGE('5217',*,*,#13610,.T.);
#13613=ORIENTED_EDGE('4647',*,*,#13612,.T.);
#13615=ORIENTED_EDGE('4650',*,*,#13614,.F.);
#13617=ORIENTED_EDGE('4646',*,*,#13616,.F.);
#13619=ORIENTED_EDGE('4628',*,*,#13618,.F.);
#13620=ORIENTED_EDGE('5215',*,*,#13596,.F.);
#13621=EDGE_LOOP('3745',(#13609,#13611,#13613,#13615,#13617,#13619,#13620));
#13622=FACE_OUTER_BOUND('3745',#13621,.F.);
#13623=ADVANCED_FACE('3745',(#13622),#13608,.F.);
#13624=CARTESIAN_POINT('',(-2.529357507134E1,1.503592070943E0,5.845E0));
#13625=DIRECTION('',(9.847835588179E-1,1.737853339090E-1,0.E0));
#13626=DIRECTION('',(-1.737853339090E-1,9.847835588179E-1,0.E0));
#13627=AXIS2_PLACEMENT_3D('',#13624,#13625,#13626);
#13628=PLANE('3774',#13627);
#13629=ORIENTED_EDGE('5106',*,*,#8998,.F.);
#13630=ORIENTED_EDGE('5218',*,*,#13585,.T.);
#13632=ORIENTED_EDGE('4639',*,*,#13631,.F.);
#13633=ORIENTED_EDGE('5217',*,*,#13610,.F.);
#13634=EDGE_LOOP('3774',(#13629,#13630,#13632,#13633));
#13635=FACE_OUTER_BOUND('3774',#13634,.F.);
#13636=ADVANCED_FACE('3774',(#13635),#13628,.F.);
#13637=CARTESIAN_POINT('',(-2.523E1,1.625E0,5.845E0));
#13638=DIRECTION('',(0.E0,-1.E0,0.E0));
#13639=DIRECTION('',(1.E0,0.E0,0.E0));
#13640=AXIS2_PLACEMENT_3D('',#13637,#13638,#13639);
#13641=PLANE('3780',#13640);
#13643=ORIENTED_EDGE('4645',*,*,#13642,.F.);
#13644=ORIENTED_EDGE('4647',*,*,#13612,.F.);
#13645=ORIENTED_EDGE('4639',*,*,#13631,.T.);
#13646=ORIENTED_EDGE('4649',*,*,#13583,.T.);
#13647=EDGE_LOOP('3780',(#13643,#13644,#13645,#13646));
#13648=FACE_OUTER_BOUND('3780',#13647,.F.);
#13649=ADVANCED_FACE('3780',(#13648),#13641,.F.);
#13650=CARTESIAN_POINT('',(-2.5215E1,1.695E0,5.899525938764E0));
#13651=DIRECTION('',(0.E0,0.E0,-1.E0));
#13652=DIRECTION('',(1.E0,0.E0,0.E0));
#13653=AXIS2_PLACEMENT_3D('',#13650,#13651,#13652);
#13654=CYLINDRICAL_SURFACE('3781',#13653,7.E-2);
#13656=ORIENTED_EDGE('4644',*,*,#13655,.F.);
#13657=ORIENTED_EDGE('4650',*,*,#13614,.T.);
#13658=ORIENTED_EDGE('4645',*,*,#13642,.T.);
#13659=ORIENTED_EDGE('4651',*,*,#13581,.T.);
#13660=EDGE_LOOP('3781',(#13656,#13657,#13658,#13659));
#13661=FACE_OUTER_BOUND('3781',#13660,.F.);
#13662=ADVANCED_FACE('3781',(#13661),#13654,.F.);
#13663=CARTESIAN_POINT('',(-2.5145E1,1.67E0,5.845E0));
#13664=DIRECTION('',(-1.E0,0.E0,0.E0));
#13665=DIRECTION('',(0.E0,-1.E0,0.E0));
#13666=AXIS2_PLACEMENT_3D('',#13663,#13664,#13665);
#13667=PLANE('3779',#13666);
#13668=ORIENTED_EDGE('4644',*,*,#13655,.T.);
#13669=ORIENTED_EDGE('4648',*,*,#13579,.F.);
#13671=ORIENTED_EDGE('4643',*,*,#13670,.F.);
#13672=ORIENTED_EDGE('4646',*,*,#13616,.T.);
#13673=EDGE_LOOP('3779',(#13668,#13669,#13671,#13672));
#13674=FACE_OUTER_BOUND('3779',#13673,.F.);
#13675=ADVANCED_FACE('3779',(#13674),#13667,.T.);
#13676=CARTESIAN_POINT('',(-2.5145E1,1.751806670091E0,5.842733553764E0));
#13677=DIRECTION('',(-1.E0,0.E0,0.E0));
#13678=DIRECTION('',(0.E0,-9.698948674844E-1,2.435240152993E-1));
#13679=AXIS2_PLACEMENT_3D('',#13676,#13677,#13678);
#13680=PLANE('3778',#13679);
#13682=ORIENTED_EDGE('4625',*,*,#13681,.T.);
#13683=ORIENTED_EDGE('4643',*,*,#13670,.T.);
#13685=ORIENTED_EDGE('4632',*,*,#13684,.F.);
#13687=ORIENTED_EDGE('4642',*,*,#13686,.F.);
#13688=EDGE_LOOP('3778',(#13682,#13683,#13685,#13687));
#13689=FACE_OUTER_BOUND('3778',#13688,.F.);
#13690=ADVANCED_FACE('3778',(#13689),#13680,.T.);
#13691=CARTESIAN_POINT('',(-2.4765E1,1.715E0,5.545E0));
#13692=DIRECTION('',(1.E0,0.E0,0.E0));
#13693=DIRECTION('',(0.E0,0.E0,-1.E0));
#13694=AXIS2_PLACEMENT_3D('',#13691,#13692,#13693);
#13695=CYLINDRICAL_SURFACE('3746',#13694,3.5E-1);
#13696=ORIENTED_EDGE('4625',*,*,#13681,.F.);
#13698=ORIENTED_EDGE('4629',*,*,#13697,.F.);
#13700=ORIENTED_EDGE('4615',*,*,#13699,.T.);
#13701=ORIENTED_EDGE('4628',*,*,#13618,.T.);
#13702=EDGE_LOOP('3746',(#13696,#13698,#13700,#13701));
#13703=FACE_OUTER_BOUND('3746',#13702,.F.);
#13704=ADVANCED_FACE('3746',(#13703),#13695,.T.);
#13705=CARTESIAN_POINT('',(-2.4765E1,1.800233405355E0,5.884463203620E0));
#13706=DIRECTION('',(0.E0,-2.435240152993E-1,-9.698948674844E-1));
#13707=DIRECTION('',(0.E0,9.698948674844E-1,-2.435240152993E-1));
#13708=AXIS2_PLACEMENT_3D('',#13705,#13706,#13707);
#13709=PLANE('3747',#13708);
#13711=ORIENTED_EDGE('4626',*,*,#13710,.T.);
#13713=ORIENTED_EDGE('4630',*,*,#13712,.F.);
#13715=ORIENTED_EDGE('4616',*,*,#13714,.F.);
#13716=ORIENTED_EDGE('4629',*,*,#13697,.T.);
#13717=EDGE_LOOP('3747',(#13711,#13713,#13715,#13716));
#13718=FACE_OUTER_BOUND('3747',#13717,.F.);
#13719=ADVANCED_FACE('3747',(#13718),#13709,.F.);
#13720=CARTESIAN_POINT('',(-2.5145E1,1.967176200765E0,5.790994743374E0));
#13721=DIRECTION('',(1.E0,0.E0,0.E0));
#13722=DIRECTION('',(0.E0,9.698948674844E-1,-2.435240152993E-1));
#13723=AXIS2_PLACEMENT_3D('',#13720,#13721,#13722);
#13724=PLANE('3777',#13723);
#13725=ORIENTED_EDGE('4626',*,*,#13710,.F.);
#13726=ORIENTED_EDGE('4642',*,*,#13686,.T.);
#13728=ORIENTED_EDGE('4633',*,*,#13727,.T.);
#13730=ORIENTED_EDGE('4641',*,*,#13729,.F.);
#13731=EDGE_LOOP('3777',(#13725,#13726,#13728,#13730));
#13732=FACE_OUTER_BOUND('3777',#13731,.F.);
#13733=ADVANCED_FACE('3777',(#13732),#13724,.F.);
#13734=CARTESIAN_POINT('',(-2.4765E1,1.775881003825E0,5.787473716871E0));
#13735=DIRECTION('',(0.E0,-2.435240152993E-1,-9.698948674844E-1));
#13736=DIRECTION('',(0.E0,9.698948674844E-1,-2.435240152993E-1));
#13737=AXIS2_PLACEMENT_3D('',#13734,#13735,#13736);
#13738=PLANE('3742',#13737);
#13739=ORIENTED_EDGE('4633',*,*,#13727,.F.);
#13741=ORIENTED_EDGE('4636',*,*,#13740,.F.);
#13743=ORIENTED_EDGE('4619',*,*,#13742,.T.);
#13745=ORIENTED_EDGE('4637',*,*,#13744,.T.);
#13746=EDGE_LOOP('3742',(#13739,#13741,#13743,#13745));
#13747=FACE_OUTER_BOUND('3742',#13746,.F.);
#13748=ADVANCED_FACE('3742',(#13747),#13738,.T.);
#13749=CARTESIAN_POINT('',(-2.4765E1,1.715E0,5.545E0));
#13750=DIRECTION('',(1.E0,0.E0,0.E0));
#13751=DIRECTION('',(0.E0,0.E0,-1.E0));
#13752=AXIS2_PLACEMENT_3D('',#13749,#13750,#13751);
#13753=CYLINDRICAL_SURFACE('3741',#13752,2.5E-1);
#13754=ORIENTED_EDGE('4632',*,*,#13684,.T.);
#13755=ORIENTED_EDGE('4635',*,*,#13577,.F.);
#13757=ORIENTED_EDGE('4618',*,*,#13756,.F.);
#13758=ORIENTED_EDGE('4636',*,*,#13740,.T.);
#13759=EDGE_LOOP('3741',(#13754,#13755,#13757,#13758));
#13760=FACE_OUTER_BOUND('3741',#13759,.F.);
#13761=ADVANCED_FACE('3741',(#13760),#13753,.F.);
#13762=CARTESIAN_POINT('',(-2.487381680683E1,1.802876965662E0,
5.885854318680E0));
#13763=CARTESIAN_POINT('',(-2.487381680683E1,1.794222413375E0,
5.852285322514E0));
#13764=CARTESIAN_POINT('',(-2.487381680683E1,1.785567861087E0,
5.818716326348E0));
#13765=CARTESIAN_POINT('',(-2.487381680683E1,1.776913308800E0,
5.785147330182E0));
#13766=CARTESIAN_POINT('',(-2.487378240197E1,1.802158713632E0,
5.886039497328E0));
#13767=CARTESIAN_POINT('',(-2.487378240197E1,1.793574898309E0,
5.852452263865E0));
#13768=CARTESIAN_POINT('',(-2.487378240197E1,1.784991082985E0,
5.818865030402E0));
#13769=CARTESIAN_POINT('',(-2.487378240197E1,1.776407267662E0,
5.785277796940E0));
#13770=CARTESIAN_POINT('',(-2.487330152416E1,1.792116174987E0,
5.888594796422E0));
#13771=CARTESIAN_POINT('',(-2.487330152416E1,1.784521397862E0,
5.854755904638E0));
#13772=CARTESIAN_POINT('',(-2.487330152416E1,1.776926620737E0,
5.820917012855E0));
#13773=CARTESIAN_POINT('',(-2.487330152416E1,1.769331843612E0,
5.787078121071E0));
#13774=CARTESIAN_POINT('',(-2.487236798008E1,1.772534577732E0,
5.892666240963E0));
#13775=CARTESIAN_POINT('',(-2.487236798008E1,1.766868291834E0,
5.858426373458E0));
#13776=CARTESIAN_POINT('',(-2.487236798008E1,1.761202005936E0,
5.824186505954E0));
#13777=CARTESIAN_POINT('',(-2.487236798008E1,1.755535720038E0,
5.789946638450E0));
#13778=CARTESIAN_POINT('',(-2.487099745880E1,1.743864501338E0,
5.896210619351E0));
#13779=CARTESIAN_POINT('',(-2.487099745880E1,1.741021784430E0,
5.861621684171E0));
#13780=CARTESIAN_POINT('',(-2.487099745880E1,1.738179067523E0,
5.827032748992E0));
#13781=CARTESIAN_POINT('',(-2.487099745880E1,1.735336350615E0,
5.792443813813E0));
#13782=CARTESIAN_POINT('',(-2.487004468656E1,1.723879848758E0,
5.897030472539E0));
#13783=CARTESIAN_POINT('',(-2.487004468656E1,1.723005317932E0,
5.862360794218E0));
#13784=CARTESIAN_POINT('',(-2.487004468656E1,1.722130787106E0,
5.827691115897E0));
#13785=CARTESIAN_POINT('',(-2.487004468656E1,1.721256256280E0,
5.793021437576E0));
#13786=CARTESIAN_POINT('',(-2.486954846865E1,1.713516525864E0,
5.896997698007E0));
#13787=CARTESIAN_POINT('',(-2.486954846865E1,1.713662625634E0,
5.862331247482E0));
#13788=CARTESIAN_POINT('',(-2.486954846865E1,1.713808725404E0,
5.827664796957E0));
#13789=CARTESIAN_POINT('',(-2.486954846865E1,1.713954825174E0,
5.792998346432E0));
#13790=CARTESIAN_POINT('',(-2.486951294125E1,1.712774802562E0,
5.896993005830E0));
#13791=CARTESIAN_POINT('',(-2.486951294125E1,1.712993950861E0,
5.862327017413E0));
#13792=CARTESIAN_POINT('',(-2.486951294125E1,1.713213099160E0,
5.827661028996E0));
#13793=CARTESIAN_POINT('',(-2.486951294125E1,1.713432247460E0,
5.792995040580E0));
#13794=B_SPLINE_SURFACE_WITH_KNOTS('3772',3,3,((#13762,#13763,#13764,#13765),(
#13766,#13767,#13768,#13769),(#13770,#13771,#13772,#13773),(#13774,#13775,
#13776,#13777),(#13778,#13779,#13780,#13781),(#13782,#13783,#13784,#13785),(
#13786,#13787,#13788,#13789),(#13790,#13791,#13792,#13793)),.UNSPECIFIED.,.F.,
.F.,.F.,(4,1,1,1,1,4),(4,4),(-2.569933621676E-2,0.E0,3.333333333333E-1,
6.666666666667E-1,1.E0,1.025696991720E0),(-2.000043789099E-2,1.020000008586E0),
.UNSPECIFIED.);
#13795=ORIENTED_EDGE('4615',*,*,#13699,.F.);
#13797=ORIENTED_EDGE('4623',*,*,#13796,.T.);
#13798=ORIENTED_EDGE('4618',*,*,#13756,.T.);
#13799=ORIENTED_EDGE('4624',*,*,#13598,.F.);
#13800=EDGE_LOOP('3772',(#13795,#13797,#13798,#13799));
#13801=FACE_OUTER_BOUND('3772',#13800,.F.);
#13802=ADVANCED_FACE('3772',(#13801),#13794,.T.);
#13803=CARTESIAN_POINT('',(-2.488231724596E1,1.967176200765E0,
5.790994743374E0));
#13804=DIRECTION('',(9.989165707625E-1,4.513591707484E-2,-1.133285691963E-2));
#13805=DIRECTION('',(-4.653691713197E-2,9.688440550276E-1,-2.432601742611E-1));
#13806=AXIS2_PLACEMENT_3D('',#13803,#13804,#13805);
#13807=PLANE('3771',#13806);
#13808=ORIENTED_EDGE('4616',*,*,#13714,.T.);
#13810=ORIENTED_EDGE('4622',*,*,#13809,.T.);
#13811=ORIENTED_EDGE('4619',*,*,#13742,.F.);
#13812=ORIENTED_EDGE('4623',*,*,#13796,.F.);
#13813=EDGE_LOOP('3771',(#13808,#13810,#13811,#13812));
#13814=FACE_OUTER_BOUND('3771',#13813,.F.);
#13815=ADVANCED_FACE('3771',(#13814),#13807,.T.);
#13816=CARTESIAN_POINT('',(-2.489079357007E1,2.156375848466E0,
5.797128959879E0));
#13817=CARTESIAN_POINT('',(-2.489079357007E1,2.147328681903E0,
5.763663419647E0));
#13818=CARTESIAN_POINT('',(-2.489079357007E1,2.138281515339E0,
5.730197879415E0));
#13819=CARTESIAN_POINT('',(-2.489079357007E1,2.129234348776E0,
5.696732339183E0));
#13820=CARTESIAN_POINT('',(-2.489083601720E1,2.157234665120E0,
5.796896726195E0));
#13821=CARTESIAN_POINT('',(-2.489083601720E1,2.148388664330E0,
5.763376788475E0));
#13822=CARTESIAN_POINT('',(-2.489083601720E1,2.139542663540E0,
5.729856850755E0));
#13823=CARTESIAN_POINT('',(-2.489083601720E1,2.130696662750E0,
5.696336913036E0));
#13824=CARTESIAN_POINT('',(-2.489130312777E1,2.166706168412E0,
5.794427355997E0));
#13825=CARTESIAN_POINT('',(-2.489130312777E1,2.160078734620E0,
5.760329002891E0));
#13826=CARTESIAN_POINT('',(-2.489130312777E1,2.153451300827E0,
5.726230649786E0));
#13827=CARTESIAN_POINT('',(-2.489130312777E1,2.146823867034E0,
5.692132296681E0));
#13828=CARTESIAN_POINT('',(-2.489219824252E1,2.185240866787E0,
5.791515716812E0));
#13829=CARTESIAN_POINT('',(-2.489219824252E1,2.182954926509E0,
5.756735353005E0));
#13830=CARTESIAN_POINT('',(-2.489219824252E1,2.180668986231E0,
5.721954989198E0));
#13831=CARTESIAN_POINT('',(-2.489219824252E1,2.178383045953E0,
5.687174625392E0));
#13832=CARTESIAN_POINT('',(-2.489350569408E1,2.212037637213E0,
5.792173930816E0));
#13833=CARTESIAN_POINT('',(-2.489350569408E1,2.216028465117E0,
5.757547744421E0));
#13834=CARTESIAN_POINT('',(-2.489350569408E1,2.220019293021E0,
5.722921558026E0));
#13835=CARTESIAN_POINT('',(-2.489350569408E1,2.224010120925E0,
5.688295371632E0));
#13836=CARTESIAN_POINT('',(-2.489478185263E1,2.238279768517E0,
5.797628521590E0));
#13837=CARTESIAN_POINT('',(-2.489478185263E1,2.248417448157E0,
5.764279996693E0));
#13838=CARTESIAN_POINT('',(-2.489478185263E1,2.258555127797E0,
5.730931471795E0));
#13839=CARTESIAN_POINT('',(-2.489478185263E1,2.268692807436E0,
5.697582946898E0));
#13840=CARTESIAN_POINT('',(-2.489599345155E1,2.263114371144E0,
5.807700653505E0));
#13841=CARTESIAN_POINT('',(-2.489599345155E1,2.279069208640E0,
5.776711384447E0));
#13842=CARTESIAN_POINT('',(-2.489599345155E1,2.295024046135E0,
5.745722115390E0));
#13843=CARTESIAN_POINT('',(-2.489599345155E1,2.310978883630E0,
5.714732846333E0));
#13844=CARTESIAN_POINT('',(-2.489673982921E1,2.278571818592E0,
5.817513161658E0));
#13845=CARTESIAN_POINT('',(-2.489673982921E1,2.298147346670E0,
5.788822335210E0));
#13846=CARTESIAN_POINT('',(-2.489673982921E1,2.317722874747E0,
5.760131508763E0));
#13847=CARTESIAN_POINT('',(-2.489673982921E1,2.337298402825E0,
5.731440682316E0));
#13848=CARTESIAN_POINT('',(-2.489710354941E1,2.285948025464E0,
5.823241122886E0));
#13849=CARTESIAN_POINT('',(-2.489710354941E1,2.307251326697E0,
5.795891991136E0));
#13850=CARTESIAN_POINT('',(-2.489710354941E1,2.328554627930E0,
5.768542859386E0));
#13851=CARTESIAN_POINT('',(-2.489710354941E1,2.349857929163E0,
5.741193727636E0));
#13852=CARTESIAN_POINT('',(-2.489712083835E1,2.286298247056E0,
5.823515635814E0));
#13853=CARTESIAN_POINT('',(-2.489712083835E1,2.307683582792E0,
5.796230804873E0));
#13854=CARTESIAN_POINT('',(-2.489712083835E1,2.329068918528E0,
5.768945973932E0));
#13855=CARTESIAN_POINT('',(-2.489712083835E1,2.350454254265E0,
5.741661142991E0));
#13856=B_SPLINE_SURFACE_WITH_KNOTS('3770',3,3,((#13816,#13817,#13818,#13819),(
#13820,#13821,#13822,#13823),(#13824,#13825,#13826,#13827),(#13828,#13829,
#13830,#13831),(#13832,#13833,#13834,#13835),(#13836,#13837,#13838,#13839),(
#13840,#13841,#13842,#13843),(#13844,#13845,#13846,#13847),(#13848,#13849,
#13850,#13851),(#13852,#13853,#13854,#13855)),.UNSPECIFIED.,.F.,.F.,.F.,(4,1,1,
1,1,1,1,4),(4,4),(-1.999674124015E-2,0.E0,2.E-1,4.E-1,6.E-1,8.E-1,1.E0,
1.010006501834E0),(-2.000059785699E-2,1.020006799593E0),.UNSPECIFIED.);
#13858=ORIENTED_EDGE('4617',*,*,#13857,.T.);
#13860=ORIENTED_EDGE('4621',*,*,#13859,.T.);
#13862=ORIENTED_EDGE('4620',*,*,#13861,.F.);
#13863=ORIENTED_EDGE('4622',*,*,#13809,.F.);
#13864=EDGE_LOOP('3770',(#13858,#13860,#13862,#13863));
#13865=FACE_OUTER_BOUND('3770',#13864,.F.);
#13866=ADVANCED_FACE('3770',(#13865),#13856,.F.);
#13867=CARTESIAN_POINT('',(-2.4765E1,2.195E0,5.94E0));
#13868=DIRECTION('',(1.E0,0.E0,0.E0));
#13869=DIRECTION('',(0.E0,0.E0,-1.E0));
#13870=AXIS2_PLACEMENT_3D('',#13867,#13868,#13869);
#13871=CYLINDRICAL_SURFACE('3748',#13870,1.5E-1);
#13873=ORIENTED_EDGE('4627',*,*,#13872,.T.);
#13875=ORIENTED_EDGE('4631',*,*,#13874,.F.);
#13876=ORIENTED_EDGE('4617',*,*,#13857,.F.);
#13877=ORIENTED_EDGE('4630',*,*,#13712,.T.);
#13878=EDGE_LOOP('3748',(#13873,#13875,#13876,#13877));
#13879=FACE_OUTER_BOUND('3748',#13878,.F.);
#13880=ADVANCED_FACE('3748',(#13879),#13871,.F.);
#13881=CARTESIAN_POINT('',(-2.5145E1,2.235689466546E0,5.744182821713E0));
#13882=DIRECTION('',(1.E0,0.E0,0.E0));
#13883=DIRECTION('',(0.E0,9.698948674844E-1,-2.435240152993E-1));
#13884=AXIS2_PLACEMENT_3D('',#13881,#13882,#13883);
#13885=PLANE('3776',#13884);
#13886=ORIENTED_EDGE('4627',*,*,#13872,.F.);
#13887=ORIENTED_EDGE('4641',*,*,#13729,.T.);
#13889=ORIENTED_EDGE('4634',*,*,#13888,.T.);
#13891=ORIENTED_EDGE('4640',*,*,#13890,.F.);
#13892=EDGE_LOOP('3776',(#13886,#13887,#13889,#13891));
#13893=FACE_OUTER_BOUND('3776',#13892,.F.);
#13894=ADVANCED_FACE('3776',(#13893),#13885,.F.);
#13895=CARTESIAN_POINT('',(-2.4765E1,2.195E0,5.94E0));
#13896=DIRECTION('',(1.E0,0.E0,0.E0));
#13897=DIRECTION('',(0.E0,0.E0,-1.E0));
#13898=AXIS2_PLACEMENT_3D('',#13895,#13896,#13897);
#13899=CYLINDRICAL_SURFACE('3743',#13898,2.5E-1);
#13900=ORIENTED_EDGE('4634',*,*,#13888,.F.);
#13901=ORIENTED_EDGE('4637',*,*,#13744,.F.);
#13902=ORIENTED_EDGE('4620',*,*,#13861,.T.);
#13904=ORIENTED_EDGE('4638',*,*,#13903,.T.);
#13905=EDGE_LOOP('3743',(#13900,#13901,#13902,#13904));
#13906=FACE_OUTER_BOUND('3743',#13905,.F.);
#13907=ADVANCED_FACE('3743',(#13906),#13899,.T.);
#13908=CARTESIAN_POINT('',(-2.4765E1,2.347439024390E0,5.741852721838E0));
#13909=DIRECTION('',(0.E0,6.097560975610E-1,-7.925891126474E-1));
#13910=DIRECTION('',(0.E0,7.925891126474E-1,6.097560975610E-1));
#13911=AXIS2_PLACEMENT_3D('',#13908,#13909,#13910);
#13912=PLANE('3744',#13911);
#13914=ORIENTED_EDGE('4660',*,*,#13913,.F.);
#13916=ORIENTED_EDGE('4665',*,*,#13915,.F.);
#13918=ORIENTED_EDGE('4664',*,*,#13917,.F.);
#13920=ORIENTED_EDGE('4663',*,*,#13919,.F.);
#13922=ORIENTED_EDGE('4662',*,*,#13921,.F.);
#13924=ORIENTED_EDGE('4661',*,*,#13923,.F.);
#13926=ORIENTED_EDGE('4667',*,*,#13925,.F.);
#13927=ORIENTED_EDGE('4638',*,*,#13903,.F.);
#13929=ORIENTED_EDGE('4666',*,*,#13928,.T.);
#13930=EDGE_LOOP('3744',(#13914,#13916,#13918,#13920,#13922,#13924,#13926,
#13927,#13929));
#13931=FACE_OUTER_BOUND('3744',#13930,.F.);
#13932=ADVANCED_FACE('3744',(#13931),#13912,.T.);
#13933=CARTESIAN_POINT('',(-2.498264559966E1,2.431846154845E0,
5.869873358071E0));
#13934=DIRECTION('',(1.110223024625E-14,6.097560975610E-1,-7.925891126474E-1));
#13935=DIRECTION('',(9.246757232844E-1,3.017827221537E-1,2.321680326356E-1));
#13936=AXIS2_PLACEMENT_3D('',#13933,#13934,#13935);
#13937=CYLINDRICAL_SURFACE('3782',#13936,8.E-2);
#13939=ORIENTED_EDGE('4652',*,*,#13938,.F.);
#13941=ORIENTED_EDGE('4670',*,*,#13940,.T.);
#13942=ORIENTED_EDGE('4660',*,*,#13913,.T.);
#13944=ORIENTED_EDGE('4668',*,*,#13943,.F.);
#13945=EDGE_LOOP('3782',(#13939,#13941,#13942,#13944));
#13946=FACE_OUTER_BOUND('3782',#13945,.F.);
#13947=ADVANCED_FACE('3782',(#13946),#13937,.T.);
#13948=CARTESIAN_POINT('',(-2.4765E1,2.286463414634E0,5.821111633103E0));
#13949=DIRECTION('',(0.E0,6.097560975610E-1,-7.925891126474E-1));
#13950=DIRECTION('',(0.E0,7.925891126474E-1,6.097560975610E-1));
#13951=AXIS2_PLACEMENT_3D('',#13948,#13949,#13950);
#13952=PLANE('3749',#13951);
#13953=ORIENTED_EDGE('4652',*,*,#13938,.T.);
#13955=ORIENTED_EDGE('4658',*,*,#13954,.F.);
#13956=ORIENTED_EDGE('4631',*,*,#13874,.T.);
#13958=ORIENTED_EDGE('4659',*,*,#13957,.T.);
#13960=ORIENTED_EDGE('4653',*,*,#13959,.T.);
#13962=ORIENTED_EDGE('4654',*,*,#13961,.T.);
#13964=ORIENTED_EDGE('4655',*,*,#13963,.T.);
#13966=ORIENTED_EDGE('4656',*,*,#13965,.T.);
#13968=ORIENTED_EDGE('4657',*,*,#13967,.T.);
#13969=EDGE_LOOP('3749',(#13953,#13955,#13956,#13958,#13960,#13962,#13964,
#13966,#13968));
#13970=FACE_OUTER_BOUND('3749',#13969,.F.);
#13971=ADVANCED_FACE('3749',(#13970),#13952,.F.);
#13972=CARTESIAN_POINT('',(-2.490325461617E1,2.445731707317E0,
5.880555816551E0));
#13973=DIRECTION('',(9.992760944775E-1,3.015264633361E-2,2.319708871360E-2));
#13974=DIRECTION('',(-3.804322549030E-2,7.920153530117E-1,6.093146917546E-1));
#13975=AXIS2_PLACEMENT_3D('',#13972,#13973,#13974);
#13976=PLANE('3769',#13975);
#13977=ORIENTED_EDGE('4668',*,*,#13943,.T.);
#13978=ORIENTED_EDGE('4666',*,*,#13928,.F.);
#13979=ORIENTED_EDGE('4621',*,*,#13859,.F.);
#13980=ORIENTED_EDGE('4658',*,*,#13954,.T.);
#13981=EDGE_LOOP('3769',(#13977,#13978,#13979,#13980));
#13982=FACE_OUTER_BOUND('3769',#13981,.F.);
#13983=ADVANCED_FACE('3769',(#13982),#13976,.T.);
#13984=CARTESIAN_POINT('',(-2.5145E1,2.445731707317E0,5.880555816551E0));
#13985=DIRECTION('',(1.E0,0.E0,0.E0));
#13986=DIRECTION('',(0.E0,7.925891126474E-1,6.097560975610E-1));
#13987=AXIS2_PLACEMENT_3D('',#13984,#13985,#13986);
#13988=PLANE('3775',#13987);
#13990=ORIENTED_EDGE('4669',*,*,#13989,.F.);
#13991=ORIENTED_EDGE('4659',*,*,#13957,.F.);
#13992=ORIENTED_EDGE('4640',*,*,#13890,.T.);
#13993=ORIENTED_EDGE('4667',*,*,#13925,.T.);
#13994=EDGE_LOOP('3775',(#13990,#13991,#13992,#13993));
#13995=FACE_OUTER_BOUND('3775',#13994,.F.);
#13996=ADVANCED_FACE('3775',(#13995),#13988,.F.);
#13997=CARTESIAN_POINT('',(-2.5065E1,2.431846154845E0,5.869873358071E0));
#13998=DIRECTION('',(0.E0,6.097560975610E-1,-7.925891126474E-1));
#13999=DIRECTION('',(-1.E0,0.E0,0.E0));
#14000=AXIS2_PLACEMENT_3D('',#13997,#13998,#13999);
#14001=CYLINDRICAL_SURFACE('3783',#14000,8.E-2);
#14002=ORIENTED_EDGE('4653',*,*,#13959,.F.);
#14003=ORIENTED_EDGE('4669',*,*,#13989,.T.);
#14004=ORIENTED_EDGE('4661',*,*,#13923,.T.);
#14006=ORIENTED_EDGE('4671',*,*,#14005,.F.);
#14007=EDGE_LOOP('3783',(#14002,#14003,#14004,#14006));
#14008=FACE_OUTER_BOUND('3783',#14007,.F.);
#14009=ADVANCED_FACE('3783',(#14008),#14001,.T.);
#14010=CARTESIAN_POINT('',(-2.511838545778E1,2.495618228250E0,
5.918934605560E0));
#14011=DIRECTION('',(9.246757232844E-1,-3.017827221537E-1,-2.321680326356E-1));
#14012=DIRECTION('',(3.807555735224E-1,7.328879110046E-1,5.638266605393E-1));
#14013=AXIS2_PLACEMENT_3D('',#14010,#14011,#14012);
#14014=PLANE('3784',#14013);
#14015=ORIENTED_EDGE('4654',*,*,#13961,.F.);
#14016=ORIENTED_EDGE('4671',*,*,#14005,.T.);
#14017=ORIENTED_EDGE('4662',*,*,#13921,.T.);
#14019=ORIENTED_EDGE('4672',*,*,#14018,.F.);
#14020=EDGE_LOOP('3784',(#14015,#14016,#14017,#14019));
#14021=FACE_OUTER_BOUND('3784',#14020,.F.);
#14022=ADVANCED_FACE('3784',(#14021),#14014,.F.);
#14023=CARTESIAN_POINT('',(-2.502382279983E1,2.511105066110E0,
5.930848967827E0));
#14024=DIRECTION('',(0.E0,6.097560975610E-1,-7.925891126474E-1));
#14025=DIRECTION('',(-9.246757232844E-1,3.017827221537E-1,2.321680326356E-1));
#14026=AXIS2_PLACEMENT_3D('',#14023,#14024,#14025);
#14027=CYLINDRICAL_SURFACE('3785',#14026,8.E-2);
#14028=ORIENTED_EDGE('4655',*,*,#13963,.F.);
#14029=ORIENTED_EDGE('4672',*,*,#14018,.T.);
#14030=ORIENTED_EDGE('4663',*,*,#13919,.T.);
#14032=ORIENTED_EDGE('4673',*,*,#14031,.F.);
#14033=EDGE_LOOP('3785',(#14028,#14029,#14030,#14032));
#14034=FACE_OUTER_BOUND('3785',#14033,.F.);
#14035=ADVANCED_FACE('3785',(#14034),#14027,.T.);
#14036=CARTESIAN_POINT('',(-2.502382279983E1,2.511105066110E0,
5.930848967827E0));
#14037=DIRECTION('',(0.E0,6.097560975610E-1,-7.925891126474E-1));
#14038=DIRECTION('',(4.371503159462E-14,7.925891126474E-1,6.097560975610E-1));
#14039=AXIS2_PLACEMENT_3D('',#14036,#14037,#14038);
#14040=CYLINDRICAL_SURFACE('3786',#14039,8.E-2);
#14041=ORIENTED_EDGE('4656',*,*,#13965,.F.);
#14042=ORIENTED_EDGE('4673',*,*,#14031,.T.);
#14043=ORIENTED_EDGE('4664',*,*,#13917,.T.);
#14045=ORIENTED_EDGE('4674',*,*,#14044,.F.);
#14046=EDGE_LOOP('3786',(#14041,#14042,#14043,#14045));
#14047=FACE_OUTER_BOUND('3786',#14046,.F.);
#14048=ADVANCED_FACE('3786',(#14047),#14040,.T.);
#14049=CARTESIAN_POINT('',(-2.492926014188E1,2.495618228250E0,
5.918934605560E0));
#14050=DIRECTION('',(-9.246757232844E-1,-3.017827221537E-1,-2.321680326356E-1));
#14051=DIRECTION('',(3.807555735224E-1,-7.328879110046E-1,-5.638266605393E-1));
#14052=AXIS2_PLACEMENT_3D('',#14049,#14050,#14051);
#14053=PLANE('3787',#14052);
#14054=ORIENTED_EDGE('4657',*,*,#13967,.F.);
#14055=ORIENTED_EDGE('4674',*,*,#14044,.T.);
#14056=ORIENTED_EDGE('4665',*,*,#13915,.T.);
#14057=ORIENTED_EDGE('4670',*,*,#13940,.F.);
#14058=EDGE_LOOP('3787',(#14054,#14055,#14056,#14057));
#14059=FACE_OUTER_BOUND('3787',#14058,.F.);
#14060=ADVANCED_FACE('3787',(#14059),#14053,.F.);
#14061=CARTESIAN_POINT('',(-2.4765E1,1.382184141886E0,5.635E0));
#14062=DIRECTION('',(0.E0,0.E0,1.E0));
#14063=DIRECTION('',(0.E0,1.E0,0.E0));
#14064=AXIS2_PLACEMENT_3D('',#14061,#14062,#14063);
#14065=PLANE('3730',#14064);
#14066=ORIENTED_EDGE('5099',*,*,#9006,.T.);
#14068=ORIENTED_EDGE('5211',*,*,#14067,.T.);
#14070=ORIENTED_EDGE('4568',*,*,#14069,.T.);
#14072=ORIENTED_EDGE('4587',*,*,#14071,.T.);
#14074=ORIENTED_EDGE('4590',*,*,#14073,.F.);
#14076=ORIENTED_EDGE('4586',*,*,#14075,.F.);
#14078=ORIENTED_EDGE('5213',*,*,#14077,.F.);
#14079=EDGE_LOOP('3730',(#14066,#14068,#14070,#14072,#14074,#14076,#14078));
#14080=FACE_OUTER_BOUND('3730',#14079,.F.);
#14081=ADVANCED_FACE('3730',(#14080),#14065,.T.);
#14082=CARTESIAN_POINT('',(-2.466837365646E1,1.548592070943E0,5.585E0));
#14083=DIRECTION('',(9.988483864850E-1,-4.797812852134E-2,0.E0));
#14084=DIRECTION('',(4.797812852134E-2,9.988483864850E-1,0.E0));
#14085=AXIS2_PLACEMENT_3D('',#14082,#14083,#14084);
#14086=PLANE('3754',#14085);
#14087=ORIENTED_EDGE('5103',*,*,#9012,.F.);
#14089=ORIENTED_EDGE('5212',*,*,#14088,.T.);
#14091=ORIENTED_EDGE('4564',*,*,#14090,.F.);
#14092=ORIENTED_EDGE('5211',*,*,#14067,.F.);
#14093=EDGE_LOOP('3754',(#14087,#14089,#14091,#14092));
#14094=FACE_OUTER_BOUND('3754',#14093,.F.);
#14095=ADVANCED_FACE('3754',(#14094),#14086,.F.);
#14096=CARTESIAN_POINT('',(-2.4765E1,1.382184141886E0,5.535E0));
#14097=DIRECTION('',(0.E0,0.E0,1.E0));
#14098=DIRECTION('',(0.E0,1.E0,0.E0));
#14099=AXIS2_PLACEMENT_3D('',#14096,#14097,#14098);
#14100=PLANE('3731',#14099);
#14101=ORIENTED_EDGE('5100',*,*,#9010,.F.);
#14103=ORIENTED_EDGE('5214',*,*,#14102,.T.);
#14105=ORIENTED_EDGE('4588',*,*,#14104,.T.);
#14107=ORIENTED_EDGE('4591',*,*,#14106,.F.);
#14109=ORIENTED_EDGE('4589',*,*,#14108,.F.);
#14111=ORIENTED_EDGE('4575',*,*,#14110,.F.);
#14112=ORIENTED_EDGE('5212',*,*,#14088,.F.);
#14113=EDGE_LOOP('3731',(#14101,#14103,#14105,#14107,#14109,#14111,#14112));
#14114=FACE_OUTER_BOUND('3731',#14113,.F.);
#14115=ADVANCED_FACE('3731',(#14114),#14100,.F.);
#14116=CARTESIAN_POINT('',(-2.423642492866E1,1.503592070943E0,5.585E0));
#14117=DIRECTION('',(9.847835588179E-1,-1.737853339090E-1,0.E0));
#14118=DIRECTION('',(1.737853339090E-1,9.847835588179E-1,0.E0));
#14119=AXIS2_PLACEMENT_3D('',#14116,#14117,#14118);
#14120=PLANE('3755',#14119);
#14121=ORIENTED_EDGE('5104',*,*,#9008,.T.);
#14122=ORIENTED_EDGE('5213',*,*,#14077,.T.);
#14124=ORIENTED_EDGE('4579',*,*,#14123,.T.);
#14125=ORIENTED_EDGE('5214',*,*,#14102,.F.);
#14126=EDGE_LOOP('3755',(#14121,#14122,#14124,#14125));
#14127=FACE_OUTER_BOUND('3755',#14126,.F.);
#14128=ADVANCED_FACE('3755',(#14127),#14120,.T.);
#14129=CARTESIAN_POINT('',(-2.43E1,1.625E0,5.585E0));
#14130=DIRECTION('',(0.E0,1.E0,0.E0));
#14131=DIRECTION('',(-1.E0,0.E0,0.E0));
#14132=AXIS2_PLACEMENT_3D('',#14129,#14130,#14131);
#14133=PLANE('3760',#14132);
#14135=ORIENTED_EDGE('4584',*,*,#14134,.T.);
#14136=ORIENTED_EDGE('4588',*,*,#14104,.F.);
#14137=ORIENTED_EDGE('4579',*,*,#14123,.F.);
#14138=ORIENTED_EDGE('4586',*,*,#14075,.T.);
#14139=EDGE_LOOP('3760',(#14135,#14136,#14137,#14138));
#14140=FACE_OUTER_BOUND('3760',#14139,.F.);
#14141=ADVANCED_FACE('3760',(#14140),#14133,.T.);
#14142=CARTESIAN_POINT('',(-2.4315E1,1.695E0,5.639525938764E0));
#14143=DIRECTION('',(0.E0,0.E0,-1.E0));
#14144=DIRECTION('',(0.E0,-1.E0,0.E0));
#14145=AXIS2_PLACEMENT_3D('',#14142,#14143,#14144);
#14146=CYLINDRICAL_SURFACE('3762',#14145,7.E-2);
#14147=ORIENTED_EDGE('4584',*,*,#14134,.F.);
#14148=ORIENTED_EDGE('4590',*,*,#14073,.T.);
#14150=ORIENTED_EDGE('4585',*,*,#14149,.T.);
#14151=ORIENTED_EDGE('4591',*,*,#14106,.T.);
#14152=EDGE_LOOP('3762',(#14147,#14148,#14150,#14151));
#14153=FACE_OUTER_BOUND('3762',#14152,.F.);
#14154=ADVANCED_FACE('3762',(#14153),#14146,.F.);
#14155=CARTESIAN_POINT('',(-2.4385E1,1.67E0,5.585E0));
#14156=DIRECTION('',(-1.E0,0.E0,0.E0));
#14157=DIRECTION('',(0.E0,-1.E0,0.E0));
#14158=AXIS2_PLACEMENT_3D('',#14155,#14156,#14157);
#14159=PLANE('3761',#14158);
#14160=ORIENTED_EDGE('4585',*,*,#14149,.F.);
#14161=ORIENTED_EDGE('4587',*,*,#14071,.F.);
#14163=ORIENTED_EDGE('4583',*,*,#14162,.T.);
#14164=ORIENTED_EDGE('4589',*,*,#14108,.T.);
#14165=EDGE_LOOP('3761',(#14160,#14161,#14163,#14164));
#14166=FACE_OUTER_BOUND('3761',#14165,.F.);
#14167=ADVANCED_FACE('3761',(#14166),#14159,.F.);
#14168=CARTESIAN_POINT('',(-2.4385E1,1.751806670091E0,5.587266446236E0));
#14169=DIRECTION('',(-1.E0,0.E0,0.E0));
#14170=DIRECTION('',(0.E0,-9.698948674844E-1,-2.435240152993E-1));
#14171=AXIS2_PLACEMENT_3D('',#14168,#14169,#14170);
#14172=PLANE('3759',#14171);
#14174=ORIENTED_EDGE('4565',*,*,#14173,.F.);
#14176=ORIENTED_EDGE('4582',*,*,#14175,.T.);
#14178=ORIENTED_EDGE('4572',*,*,#14177,.T.);
#14179=ORIENTED_EDGE('4583',*,*,#14162,.F.);
#14180=EDGE_LOOP('3759',(#14174,#14176,#14178,#14179));
#14181=FACE_OUTER_BOUND('3759',#14180,.F.);
#14182=ADVANCED_FACE('3759',(#14181),#14172,.F.);
#14183=CARTESIAN_POINT('',(-2.4765E1,1.715E0,5.885E0));
#14184=DIRECTION('',(-1.E0,0.E0,0.E0));
#14185=DIRECTION('',(0.E0,0.E0,1.E0));
#14186=AXIS2_PLACEMENT_3D('',#14183,#14184,#14185);
#14187=CYLINDRICAL_SURFACE('3732',#14186,2.5E-1);
#14188=ORIENTED_EDGE('4565',*,*,#14173,.T.);
#14189=ORIENTED_EDGE('4568',*,*,#14069,.F.);
#14191=ORIENTED_EDGE('4555',*,*,#14190,.F.);
#14193=ORIENTED_EDGE('4569',*,*,#14192,.T.);
#14194=EDGE_LOOP('3732',(#14188,#14189,#14191,#14193));
#14195=FACE_OUTER_BOUND('3732',#14194,.F.);
#14196=ADVANCED_FACE('3732',(#14195),#14187,.F.);
#14197=CARTESIAN_POINT('',(-2.465738234973E1,1.776914893262E0,
5.644853078327E0));
#14198=CARTESIAN_POINT('',(-2.465738234973E1,1.785569667033E0,
5.611284139264E0));
#14199=CARTESIAN_POINT('',(-2.465738234973E1,1.794224440805E0,
5.577715200201E0));
#14200=CARTESIAN_POINT('',(-2.465738234973E1,1.802879214576E0,
5.544146261139E0));
#14201=CARTESIAN_POINT('',(-2.465740695025E1,1.776408324833E0,
5.644722472056E0));
#14202=CARTESIAN_POINT('',(-2.465740695025E1,1.784992287933E0,
5.611135276195E0));
#14203=CARTESIAN_POINT('',(-2.465740695025E1,1.793576251033E0,
5.577548080334E0));
#14204=CARTESIAN_POINT('',(-2.465740695025E1,1.802160214134E0,
5.543960884473E0));
#14205=CARTESIAN_POINT('',(-2.465775045989E1,1.769332378076E0,
5.642921990055E0));
#14206=CARTESIAN_POINT('',(-2.465775045989E1,1.776927229911E0,
5.609083113805E0));
#14207=CARTESIAN_POINT('',(-2.465775045989E1,1.784522081746E0,
5.575244237556E0));
#14208=CARTESIAN_POINT('',(-2.465775045989E1,1.792116933581E0,
5.541405361306E0));
#14209=CARTESIAN_POINT('',(-2.465841730293E1,1.755535720038E0,
5.640053361550E0));
#14210=CARTESIAN_POINT('',(-2.465841730293E1,1.761202005936E0,
5.605813494046E0));
#14211=CARTESIAN_POINT('',(-2.465841730293E1,1.766868291834E0,
5.571573626541E0));
#14212=CARTESIAN_POINT('',(-2.465841730293E1,1.772534577733E0,
5.537333759036E0));
#14213=CARTESIAN_POINT('',(-2.465939624670E1,1.735336350615E0,
5.637556186187E0));
#14214=CARTESIAN_POINT('',(-2.465939624670E1,1.738179067523E0,
5.602967251008E0));
#14215=CARTESIAN_POINT('',(-2.465939624670E1,1.741021784430E0,
5.568378315828E0));
#14216=CARTESIAN_POINT('',(-2.465939624670E1,1.743864501338E0,
5.533789380648E0));
#14217=CARTESIAN_POINT('',(-2.466007682535E1,1.721255696614E0,
5.636978539464E0));
#14218=CARTESIAN_POINT('',(-2.466007682535E1,1.722130149208E0,
5.602308857933E0));
#14219=CARTESIAN_POINT('',(-2.466007682535E1,1.723004601801E0,
5.567639176403E0));
#14220=CARTESIAN_POINT('',(-2.466007682535E1,1.723879054394E0,
5.532969494872E0));
#14221=CARTESIAN_POINT('',(-2.466043129400E1,1.713953705829E0,
5.637001657110E0));
#14222=CARTESIAN_POINT('',(-2.466043129400E1,1.713807449591E0,
5.602335207080E0));
#14223=CARTESIAN_POINT('',(-2.466043129400E1,1.713661193353E0,
5.567668757049E0));
#14224=CARTESIAN_POINT('',(-2.466043129400E1,1.713514937116E0,
5.533002307019E0));
#14225=CARTESIAN_POINT('',(-2.466045669791E1,1.713430568474E0,
5.637004970047E0));
#14226=CARTESIAN_POINT('',(-2.466045669791E1,1.713211185477E0,
5.602338983116E0));
#14227=CARTESIAN_POINT('',(-2.466045669791E1,1.712991802481E0,
5.567672996184E0));
#14228=CARTESIAN_POINT('',(-2.466045669791E1,1.712772419484E0,
5.533007009253E0));
#14229=B_SPLINE_SURFACE_WITH_KNOTS('3753',3,3,((#14197,#14198,#14199,#14200),(
#14201,#14202,#14203,#14204),(#14205,#14206,#14207,#14208),(#14209,#14210,
#14211,#14212),(#14213,#14214,#14215,#14216),(#14217,#14218,#14219,#14220),(
#14221,#14222,#14223,#14224),(#14225,#14226,#14227,#14228)),.UNSPECIFIED.,.F.,
.F.,.F.,(4,1,1,1,1,4),(4,4),(-2.572615857416E-2,0.E0,3.333333333333E-1,
6.666666666667E-1,1.E0,1.025724512279E0),(-2.000000858630E-2,1.020000437901E0),
.UNSPECIFIED.);
#14230=ORIENTED_EDGE('4555',*,*,#14190,.T.);
#14231=ORIENTED_EDGE('4564',*,*,#14090,.T.);
#14233=ORIENTED_EDGE('4558',*,*,#14232,.F.);
#14235=ORIENTED_EDGE('4563',*,*,#14234,.F.);
#14236=EDGE_LOOP('3753',(#14230,#14231,#14233,#14235));
#14237=FACE_OUTER_BOUND('3753',#14236,.F.);
#14238=ADVANCED_FACE('3753',(#14237),#14229,.F.);
#14239=CARTESIAN_POINT('',(-2.4765E1,1.715E0,5.885E0));
#14240=DIRECTION('',(-1.E0,0.E0,0.E0));
#14241=DIRECTION('',(0.E0,0.E0,1.E0));
#14242=AXIS2_PLACEMENT_3D('',#14239,#14240,#14241);
#14243=CYLINDRICAL_SURFACE('3736',#14242,3.5E-1);
#14244=ORIENTED_EDGE('4572',*,*,#14177,.F.);
#14246=ORIENTED_EDGE('4576',*,*,#14245,.F.);
#14247=ORIENTED_EDGE('4558',*,*,#14232,.T.);
#14248=ORIENTED_EDGE('4575',*,*,#14110,.T.);
#14249=EDGE_LOOP('3736',(#14244,#14246,#14247,#14248));
#14250=FACE_OUTER_BOUND('3736',#14249,.F.);
#14251=ADVANCED_FACE('3736',(#14250),#14243,.T.);
#14252=CARTESIAN_POINT('',(-2.4765E1,1.800233405355E0,5.545536796380E0));
#14253=DIRECTION('',(0.E0,-2.435240152993E-1,9.698948674844E-1));
#14254=DIRECTION('',(0.E0,9.698948674844E-1,2.435240152993E-1));
#14255=AXIS2_PLACEMENT_3D('',#14252,#14253,#14254);
#14256=PLANE('3737',#14255);
#14258=ORIENTED_EDGE('4573',*,*,#14257,.T.);
#14260=ORIENTED_EDGE('4577',*,*,#14259,.F.);
#14262=ORIENTED_EDGE('4559',*,*,#14261,.F.);
#14263=ORIENTED_EDGE('4576',*,*,#14245,.T.);
#14264=EDGE_LOOP('3737',(#14258,#14260,#14262,#14263));
#14265=FACE_OUTER_BOUND('3737',#14264,.F.);
#14266=ADVANCED_FACE('3737',(#14265),#14256,.F.);
#14267=CARTESIAN_POINT('',(-2.4385E1,1.967176200765E0,5.639005256626E0));
#14268=DIRECTION('',(1.E0,0.E0,0.E0));
#14269=DIRECTION('',(0.E0,9.698948674844E-1,2.435240152993E-1));
#14270=AXIS2_PLACEMENT_3D('',#14267,#14268,#14269);
#14271=PLANE('3758',#14270);
#14273=ORIENTED_EDGE('4566',*,*,#14272,.T.);
#14275=ORIENTED_EDGE('4581',*,*,#14274,.T.);
#14276=ORIENTED_EDGE('4573',*,*,#14257,.F.);
#14277=ORIENTED_EDGE('4582',*,*,#14175,.F.);
#14278=EDGE_LOOP('3758',(#14273,#14275,#14276,#14277));
#14279=FACE_OUTER_BOUND('3758',#14278,.F.);
#14280=ADVANCED_FACE('3758',(#14279),#14271,.T.);
#14281=CARTESIAN_POINT('',(-2.4765E1,1.775881003825E0,5.642526283129E0));
#14282=DIRECTION('',(0.E0,-2.435240152993E-1,9.698948674844E-1));
#14283=DIRECTION('',(0.E0,9.698948674844E-1,2.435240152993E-1));
#14284=AXIS2_PLACEMENT_3D('',#14281,#14282,#14283);
#14285=PLANE('3733',#14284);
#14286=ORIENTED_EDGE('4566',*,*,#14272,.F.);
#14287=ORIENTED_EDGE('4569',*,*,#14192,.F.);
#14289=ORIENTED_EDGE('4556',*,*,#14288,.T.);
#14291=ORIENTED_EDGE('4570',*,*,#14290,.T.);
#14292=EDGE_LOOP('3733',(#14286,#14287,#14289,#14291));
#14293=FACE_OUTER_BOUND('3733',#14292,.F.);
#14294=ADVANCED_FACE('3733',(#14293),#14285,.T.);
#14295=CARTESIAN_POINT('',(-2.464885248376E1,1.967176200765E0,
5.639005256626E0));
#14296=DIRECTION('',(9.989165707625E-1,-4.513591707484E-2,-1.133285691963E-2));
#14297=DIRECTION('',(4.653691713197E-2,9.688440550276E-1,2.432601742611E-1));
#14298=AXIS2_PLACEMENT_3D('',#14295,#14296,#14297);
#14299=PLANE('3752',#14298);
#14300=ORIENTED_EDGE('4556',*,*,#14288,.F.);
#14301=ORIENTED_EDGE('4563',*,*,#14234,.T.);
#14302=ORIENTED_EDGE('4559',*,*,#14261,.T.);
#14304=ORIENTED_EDGE('4562',*,*,#14303,.F.);
#14305=EDGE_LOOP('3752',(#14300,#14301,#14302,#14304));
#14306=FACE_OUTER_BOUND('3752',#14305,.F.);
#14307=ADVANCED_FACE('3752',(#14306),#14299,.F.);
#14308=CARTESIAN_POINT('',(-2.464046105126E1,2.129234911728E0,
5.733267812946E0));
#14309=CARTESIAN_POINT('',(-2.464046105126E1,2.138282000779E0,
5.699802252043E0));
#14310=CARTESIAN_POINT('',(-2.464046105126E1,2.147329089829E0,
5.666336691140E0));
#14311=CARTESIAN_POINT('',(-2.464046105126E1,2.156376178880E0,
5.632871130237E0));
#14312=CARTESIAN_POINT('',(-2.464039031511E1,2.130697038978E0,
5.733663184954E0));
#14313=CARTESIAN_POINT('',(-2.464039031511E1,2.139542987943E0,
5.700143234011E0));
#14314=CARTESIAN_POINT('',(-2.464039031511E1,2.148388936909E0,
5.666623283068E0));
#14315=CARTESIAN_POINT('',(-2.464039031511E1,2.157234885875E0,
5.633103332125E0));
#14316=CARTESIAN_POINT('',(-2.463961180655E1,2.146824059862E0,
5.737867733514E0));
#14317=CARTESIAN_POINT('',(-2.463961180655E1,2.153451467078E0,
5.703769376517E0));
#14318=CARTESIAN_POINT('',(-2.463961180655E1,2.160078874293E0,
5.669671019519E0));
#14319=CARTESIAN_POINT('',(-2.463961180655E1,2.166706281508E0,
5.635572662522E0));
#14320=CARTESIAN_POINT('',(-2.463811995775E1,2.178383045960E0,
5.742825374513E0));
#14321=CARTESIAN_POINT('',(-2.463811995775E1,2.180668986219E0,
5.708045010986E0));
#14322=CARTESIAN_POINT('',(-2.463811995775E1,2.182954926479E0,
5.673264647459E0));
#14323=CARTESIAN_POINT('',(-2.463811995775E1,2.185240866738E0,
5.638484283933E0));
#14324=CARTESIAN_POINT('',(-2.463594087180E1,2.224010120914E0,
5.741704628273E0));
#14325=CARTESIAN_POINT('',(-2.463594087180E1,2.220019293042E0,
5.707078442157E0));
#14326=CARTESIAN_POINT('',(-2.463594087180E1,2.216028465170E0,
5.672452256041E0));
#14327=CARTESIAN_POINT('',(-2.463594087180E1,2.212037637298E0,
5.637826069925E0));
#14328=CARTESIAN_POINT('',(-2.463381394089E1,2.268692807409E0,
5.732417053011E0));
#14329=CARTESIAN_POINT('',(-2.463381394089E1,2.258555127850E0,
5.699068528381E0));
#14330=CARTESIAN_POINT('',(-2.463381394089E1,2.248417448292E0,
5.665720003752E0));
#14331=CARTESIAN_POINT('',(-2.463381394089E1,2.238279768734E0,
5.632371479123E0));
#14332=CARTESIAN_POINT('',(-2.463179460935E1,2.310978883586E0,
5.715267153582E0));
#14333=CARTESIAN_POINT('',(-2.463179460935E1,2.295024046219E0,
5.684277884774E0));
#14334=CARTESIAN_POINT('',(-2.463179460935E1,2.279069208853E0,
5.653288615966E0));
#14335=CARTESIAN_POINT('',(-2.463179460935E1,2.263114371486E0,
5.622299347159E0));
#14336=CARTESIAN_POINT('',(-2.463055064660E1,2.337298402771E0,
5.698559317605E0));
#14337=CARTESIAN_POINT('',(-2.463055064660E1,2.317722874851E0,
5.669868491389E0));
#14338=CARTESIAN_POINT('',(-2.463055064660E1,2.298147346931E0,
5.641177665173E0));
#14339=CARTESIAN_POINT('',(-2.463055064660E1,2.278571819011E0,
5.612486838956E0));
#14340=CARTESIAN_POINT('',(-2.462994444627E1,2.349857929104E0,
5.688806272289E0));
#14341=CARTESIAN_POINT('',(-2.462994444627E1,2.328554628043E0,
5.661457140759E0));
#14342=CARTESIAN_POINT('',(-2.462994444627E1,2.307251326981E0,
5.634108009229E0));
#14343=CARTESIAN_POINT('',(-2.462994444627E1,2.285948025920E0,
5.606758877700E0));
#14344=CARTESIAN_POINT('',(-2.462991563137E1,2.350454254206E0,
5.688338856934E0));
#14345=CARTESIAN_POINT('',(-2.462991563137E1,2.329068918642E0,
5.661054026213E0));
#14346=CARTESIAN_POINT('',(-2.462991563137E1,2.307683583078E0,
5.633769195491E0));
#14347=CARTESIAN_POINT('',(-2.462991563137E1,2.286298247514E0,
5.606484364770E0));
#14348=B_SPLINE_SURFACE_WITH_KNOTS('3751',3,3,((#14308,#14309,#14310,#14311),(
#14312,#14313,#14314,#14315),(#14316,#14317,#14318,#14319),(#14320,#14321,
#14322,#14323),(#14324,#14325,#14326,#14327),(#14328,#14329,#14330,#14331),(
#14332,#14333,#14334,#14335),(#14336,#14337,#14338,#14339),(#14340,#14341,
#14342,#14343),(#14344,#14345,#14346,#14347)),.UNSPECIFIED.,.F.,.F.,.F.,(4,1,1,
1,1,1,1,4),(4,4),(-1.999417528078E-2,0.E0,2.E-1,4.E-1,6.E-1,8.E-1,1.E0,
1.010006501834E0),(-2.000679864078E-2,1.020000590439E0),.UNSPECIFIED.);
#14350=ORIENTED_EDGE('4557',*,*,#14349,.F.);
#14351=ORIENTED_EDGE('4562',*,*,#14303,.T.);
#14353=ORIENTED_EDGE('4560',*,*,#14352,.T.);
#14355=ORIENTED_EDGE('4561',*,*,#14354,.F.);
#14356=EDGE_LOOP('3751',(#14350,#14351,#14353,#14355));
#14357=FACE_OUTER_BOUND('3751',#14356,.F.);
#14358=ADVANCED_FACE('3751',(#14357),#14348,.T.);
#14359=CARTESIAN_POINT('',(-2.4765E1,2.195E0,5.49E0));
#14360=DIRECTION('',(-1.E0,0.E0,0.E0));
#14361=DIRECTION('',(0.E0,0.E0,1.E0));
#14362=AXIS2_PLACEMENT_3D('',#14359,#14360,#14361);
#14363=CYLINDRICAL_SURFACE('3734',#14362,2.5E-1);
#14365=ORIENTED_EDGE('4567',*,*,#14364,.F.);
#14366=ORIENTED_EDGE('4570',*,*,#14290,.F.);
#14367=ORIENTED_EDGE('4557',*,*,#14349,.T.);
#14369=ORIENTED_EDGE('4571',*,*,#14368,.T.);
#14370=EDGE_LOOP('3734',(#14365,#14366,#14367,#14369));
#14371=FACE_OUTER_BOUND('3734',#14370,.F.);
#14372=ADVANCED_FACE('3734',(#14371),#14363,.T.);
#14373=CARTESIAN_POINT('',(-2.4385E1,2.235689466546E0,5.685817178287E0));
#14374=DIRECTION('',(1.E0,0.E0,0.E0));
#14375=DIRECTION('',(0.E0,9.698948674844E-1,2.435240152993E-1));
#14376=AXIS2_PLACEMENT_3D('',#14373,#14374,#14375);
#14377=PLANE('3757',#14376);
#14378=ORIENTED_EDGE('4567',*,*,#14364,.T.);
#14380=ORIENTED_EDGE('4580',*,*,#14379,.T.);
#14382=ORIENTED_EDGE('4574',*,*,#14381,.F.);
#14383=ORIENTED_EDGE('4581',*,*,#14274,.F.);
#14384=EDGE_LOOP('3757',(#14378,#14380,#14382,#14383));
#14385=FACE_OUTER_BOUND('3757',#14384,.F.);
#14386=ADVANCED_FACE('3757',(#14385),#14377,.T.);
#14387=CARTESIAN_POINT('',(-2.4385E1,2.445731707317E0,5.549444183449E0));
#14388=DIRECTION('',(1.E0,0.E0,0.E0));
#14389=DIRECTION('',(0.E0,7.925891126474E-1,-6.097560975610E-1));
#14390=AXIS2_PLACEMENT_3D('',#14387,#14388,#14389);
#14391=PLANE('3756',#14390);
#14393=ORIENTED_EDGE('4609',*,*,#14392,.T.);
#14395=ORIENTED_EDGE('4607',*,*,#14394,.F.);
#14396=ORIENTED_EDGE('4580',*,*,#14379,.F.);
#14398=ORIENTED_EDGE('4599',*,*,#14397,.T.);
#14399=EDGE_LOOP('3756',(#14393,#14395,#14396,#14398));
#14400=FACE_OUTER_BOUND('3756',#14399,.F.);
#14401=ADVANCED_FACE('3756',(#14400),#14391,.T.);
#14402=CARTESIAN_POINT('',(-2.4465E1,2.431846154845E0,5.560126641929E0));
#14403=DIRECTION('',(0.E0,6.097560975610E-1,7.925891126474E-1));
#14404=DIRECTION('',(1.E0,1.647381220470E-14,-1.057253092584E-14));
#14405=AXIS2_PLACEMENT_3D('',#14402,#14403,#14404);
#14406=CYLINDRICAL_SURFACE('3768',#14405,8.E-2);
#14408=ORIENTED_EDGE('4593',*,*,#14407,.T.);
#14410=ORIENTED_EDGE('4614',*,*,#14409,.T.);
#14412=ORIENTED_EDGE('4601',*,*,#14411,.F.);
#14413=ORIENTED_EDGE('4609',*,*,#14392,.F.);
#14414=EDGE_LOOP('3768',(#14408,#14410,#14412,#14413));
#14415=FACE_OUTER_BOUND('3768',#14414,.F.);
#14416=ADVANCED_FACE('3768',(#14415),#14406,.T.);
#14417=CARTESIAN_POINT('',(-2.4765E1,2.347439024390E0,5.688147278162E0));
#14418=DIRECTION('',(0.E0,6.097560975610E-1,7.925891126474E-1));
#14419=DIRECTION('',(0.E0,7.925891126474E-1,-6.097560975610E-1));
#14420=AXIS2_PLACEMENT_3D('',#14417,#14418,#14419);
#14421=PLANE('3735',#14420);
#14423=ORIENTED_EDGE('4592',*,*,#14422,.F.);
#14425=ORIENTED_EDGE('4597',*,*,#14424,.F.);
#14427=ORIENTED_EDGE('4596',*,*,#14426,.F.);
#14429=ORIENTED_EDGE('4595',*,*,#14428,.F.);
#14431=ORIENTED_EDGE('4594',*,*,#14430,.F.);
#14432=ORIENTED_EDGE('4593',*,*,#14407,.F.);
#14433=ORIENTED_EDGE('4599',*,*,#14397,.F.);
#14434=ORIENTED_EDGE('4571',*,*,#14368,.F.);
#14436=ORIENTED_EDGE('4598',*,*,#14435,.T.);
#14437=EDGE_LOOP('3735',(#14423,#14425,#14427,#14429,#14431,#14432,#14433,
#14434,#14436));
#14438=FACE_OUTER_BOUND('3735',#14437,.F.);
#14439=ADVANCED_FACE('3735',(#14438),#14421,.T.);
#14440=CARTESIAN_POINT('',(-2.454454139862E1,2.429433943139E0,
5.561982409026E0));
#14441=DIRECTION('',(1.387778780781E-14,6.097560975610E-1,7.925891126474E-1));
#14442=DIRECTION('',(-9.328388682923E-1,2.855649690657E-1,-2.196913613360E-1));
#14443=AXIS2_PLACEMENT_3D('',#14440,#14441,#14442);
#14444=CYLINDRICAL_SURFACE('3763',#14443,8.E-2);
#14445=ORIENTED_EDGE('4592',*,*,#14422,.T.);
#14447=ORIENTED_EDGE('4608',*,*,#14446,.T.);
#14449=ORIENTED_EDGE('4600',*,*,#14448,.F.);
#14451=ORIENTED_EDGE('4610',*,*,#14450,.F.);
#14452=EDGE_LOOP('3763',(#14445,#14447,#14449,#14451));
#14453=FACE_OUTER_BOUND('3763',#14452,.F.);
#14454=ADVANCED_FACE('3763',(#14453),#14444,.T.);
#14455=CARTESIAN_POINT('',(-2.462381651526E1,2.445731707317E0,
5.549444183449E0));
#14456=DIRECTION('',(9.992760944775E-1,-3.015264633361E-2,2.319708871360E-2));
#14457=DIRECTION('',(3.804322549030E-2,7.920153530117E-1,-6.093146917546E-1));
#14458=AXIS2_PLACEMENT_3D('',#14455,#14456,#14457);
#14459=PLANE('3750',#14458);
#14460=ORIENTED_EDGE('4608',*,*,#14446,.F.);
#14461=ORIENTED_EDGE('4598',*,*,#14435,.F.);
#14462=ORIENTED_EDGE('4561',*,*,#14354,.T.);
#14464=ORIENTED_EDGE('4606',*,*,#14463,.T.);
#14465=EDGE_LOOP('3750',(#14460,#14461,#14462,#14464));
#14466=FACE_OUTER_BOUND('3750',#14465,.F.);
#14467=ADVANCED_FACE('3750',(#14466),#14459,.F.);
#14468=CARTESIAN_POINT('',(-2.4765E1,2.286463414634E0,5.608888366897E0));
#14469=DIRECTION('',(0.E0,6.097560975610E-1,7.925891126474E-1));
#14470=DIRECTION('',(0.E0,7.925891126474E-1,-6.097560975610E-1));
#14471=AXIS2_PLACEMENT_3D('',#14468,#14469,#14470);
#14472=PLANE('3739',#14471);
#14473=ORIENTED_EDGE('4600',*,*,#14448,.T.);
#14474=ORIENTED_EDGE('4606',*,*,#14463,.F.);
#14476=ORIENTED_EDGE('4578',*,*,#14475,.T.);
#14477=ORIENTED_EDGE('4607',*,*,#14394,.T.);
#14478=ORIENTED_EDGE('4601',*,*,#14411,.T.);
#14480=ORIENTED_EDGE('4602',*,*,#14479,.T.);
#14482=ORIENTED_EDGE('4603',*,*,#14481,.T.);
#14484=ORIENTED_EDGE('4604',*,*,#14483,.T.);
#14486=ORIENTED_EDGE('4605',*,*,#14485,.T.);
#14487=EDGE_LOOP('3739',(#14473,#14474,#14476,#14477,#14478,#14480,#14482,
#14484,#14486));
#14488=FACE_OUTER_BOUND('3739',#14487,.F.);
#14489=ADVANCED_FACE('3739',(#14488),#14472,.F.);
#14490=CARTESIAN_POINT('',(-2.4765E1,2.195E0,5.49E0));
#14491=DIRECTION('',(-1.E0,0.E0,0.E0));
#14492=DIRECTION('',(0.E0,0.E0,1.E0));
#14493=AXIS2_PLACEMENT_3D('',#14490,#14491,#14492);
#14494=CYLINDRICAL_SURFACE('3738',#14493,1.5E-1);
#14495=ORIENTED_EDGE('4574',*,*,#14381,.T.);
#14496=ORIENTED_EDGE('4578',*,*,#14475,.F.);
#14497=ORIENTED_EDGE('4560',*,*,#14352,.F.);
#14498=ORIENTED_EDGE('4577',*,*,#14259,.T.);
#14499=EDGE_LOOP('3738',(#14495,#14496,#14497,#14498));
#14500=FACE_OUTER_BOUND('3738',#14499,.F.);
#14501=ADVANCED_FACE('3738',(#14500),#14494,.F.);
#14502=CARTESIAN_POINT('',(-2.441052731580E1,2.494893587534E0,
5.511622876354E0));
#14503=DIRECTION('',(9.292994262121E-1,2.927247131986E-1,-2.251995087132E-1));
#14504=DIRECTION('',(-3.693271942897E-1,7.365526076052E-1,-5.666459915927E-1));
#14505=AXIS2_PLACEMENT_3D('',#14502,#14503,#14504);
#14506=PLANE('3767',#14505);
#14507=ORIENTED_EDGE('4594',*,*,#14430,.T.);
#14509=ORIENTED_EDGE('4613',*,*,#14508,.T.);
#14510=ORIENTED_EDGE('4602',*,*,#14479,.F.);
#14511=ORIENTED_EDGE('4614',*,*,#14409,.F.);
#14512=EDGE_LOOP('3767',(#14507,#14509,#14510,#14511));
#14513=FACE_OUTER_BOUND('3767',#14512,.F.);
#14514=ADVANCED_FACE('3767',(#14513),#14506,.T.);
#14515=CARTESIAN_POINT('',(-2.450474253980E1,2.511105066110E0,
5.499151032173E0));
#14516=DIRECTION('',(-1.110223024625E-14,6.097560975610E-1,7.925891126474E-1));
#14517=DIRECTION('',(9.292994262121E-1,2.927247131986E-1,-2.251995087132E-1));
#14518=AXIS2_PLACEMENT_3D('',#14515,#14516,#14517);
#14519=CYLINDRICAL_SURFACE('3766',#14518,8.E-2);
#14520=ORIENTED_EDGE('4595',*,*,#14428,.T.);
#14522=ORIENTED_EDGE('4612',*,*,#14521,.T.);
#14523=ORIENTED_EDGE('4603',*,*,#14481,.F.);
#14524=ORIENTED_EDGE('4613',*,*,#14508,.F.);
#14525=EDGE_LOOP('3766',(#14520,#14522,#14523,#14524));
#14526=FACE_OUTER_BOUND('3766',#14525,.F.);
#14527=ADVANCED_FACE('3766',(#14526),#14519,.T.);
#14528=CARTESIAN_POINT('',(-2.450474253980E1,2.511105066110E0,
5.499151032173E0));
#14529=DIRECTION('',(0.E0,6.097560975610E-1,7.925891126474E-1));
#14530=DIRECTION('',(-4.611045295588E-8,7.925891126474E-1,-6.097560975610E-1));
#14531=AXIS2_PLACEMENT_3D('',#14528,#14529,#14530);
#14532=CYLINDRICAL_SURFACE('3765',#14531,8.E-2);
#14533=ORIENTED_EDGE('4596',*,*,#14426,.T.);
#14535=ORIENTED_EDGE('4611',*,*,#14534,.T.);
#14536=ORIENTED_EDGE('4604',*,*,#14483,.F.);
#14537=ORIENTED_EDGE('4612',*,*,#14521,.F.);
#14538=EDGE_LOOP('3765',(#14533,#14535,#14536,#14537));
#14539=FACE_OUTER_BOUND('3765',#14538,.F.);
#14540=ADVANCED_FACE('3765',(#14539),#14532,.T.);
#14541=CARTESIAN_POINT('',(-2.459926907867E1,2.493114702150E0,
5.512991411692E0));
#14542=DIRECTION('',(-9.328388682923E-1,2.855649690657E-1,-2.196913613360E-1));
#14543=DIRECTION('',(-3.602938325911E-1,-7.393579308628E-1,5.688041879831E-1));
#14544=AXIS2_PLACEMENT_3D('',#14541,#14542,#14543);
#14545=PLANE('3764',#14544);
#14546=ORIENTED_EDGE('4597',*,*,#14424,.T.);
#14547=ORIENTED_EDGE('4610',*,*,#14450,.T.);
#14548=ORIENTED_EDGE('4605',*,*,#14485,.F.);
#14549=ORIENTED_EDGE('4611',*,*,#14534,.F.);
#14550=EDGE_LOOP('3764',(#14546,#14547,#14548,#14549));
#14551=FACE_OUTER_BOUND('3764',#14550,.F.);
#14552=ADVANCED_FACE('3764',(#14551),#14545,.T.);
#14553=CARTESIAN_POINT('',(-2.525E1,2.7E0,7.093205080757E0));
#14554=DIRECTION('',(0.E0,5.E-1,-8.660254037844E-1));
#14555=DIRECTION('',(1.E0,0.E0,0.E0));
#14556=AXIS2_PLACEMENT_3D('',#14553,#14554,#14555);
#14557=PLANE('4011',#14556);
#14558=ORIENTED_EDGE('4402',*,*,#8681,.T.);
#14559=ORIENTED_EDGE('4410',*,*,#8747,.T.);
#14560=ORIENTED_EDGE('4384',*,*,#8633,.F.);
#14561=ORIENTED_EDGE('4408',*,*,#8649,.F.);
#14562=EDGE_LOOP('4011',(#14558,#14559,#14560,#14561));
#14563=FACE_OUTER_BOUND('4011',#14562,.F.);
#14564=ADVANCED_FACE('4011',(#14563),#14557,.T.);
#14565=CARTESIAN_POINT('',(-2.525E1,2.7E0,7.42E0));
#14566=DIRECTION('',(0.E0,-7.071067811865E-1,-7.071067811865E-1));
#14567=DIRECTION('',(1.E0,0.E0,0.E0));
#14568=AXIS2_PLACEMENT_3D('',#14565,#14566,#14567);
#14569=PLANE('4002',#14568);
#14570=ORIENTED_EDGE('4185',*,*,#7673,.T.);
#14571=ORIENTED_EDGE('4193',*,*,#7695,.F.);
#14572=ORIENTED_EDGE('4166',*,*,#7715,.F.);
#14573=ORIENTED_EDGE('4419',*,*,#8652,.T.);
#14574=EDGE_LOOP('4002',(#14570,#14571,#14572,#14573));
#14575=FACE_OUTER_BOUND('4002',#14574,.F.);
#14576=ADVANCED_FACE('4002',(#14575),#14569,.F.);
#14577=CARTESIAN_POINT('',(-2.E0,2.7E0,7.52E0));
#14578=DIRECTION('',(0.E0,0.E0,-1.E0));
#14579=DIRECTION('',(0.E0,1.E0,0.E0));
#14580=AXIS2_PLACEMENT_3D('',#14577,#14578,#14579);
#14581=PLANE('3633',#14580);
#14582=ORIENTED_EDGE('4361',*,*,#7745,.F.);
#14583=ORIENTED_EDGE('4159',*,*,#8655,.T.);
#14584=ORIENTED_EDGE('4365',*,*,#7711,.T.);
#14586=ORIENTED_EDGE('4320',*,*,#14585,.T.);
#14588=ORIENTED_EDGE('4362',*,*,#14587,.F.);
#14590=ORIENTED_EDGE('4313',*,*,#14589,.F.);
#14591=EDGE_LOOP('3633',(#14582,#14583,#14584,#14586,#14588,#14590));
#14592=FACE_OUTER_BOUND('3633',#14591,.F.);
#14593=ADVANCED_FACE('3633',(#14592),#14581,.T.);
#14594=CARTESIAN_POINT('',(2.E0,2.95E0,7.52E0));
#14595=DIRECTION('',(-7.071067811865E-1,-7.071067811865E-1,0.E0));
#14596=DIRECTION('',(0.E0,0.E0,1.E0));
#14597=AXIS2_PLACEMENT_3D('',#14594,#14595,#14596);
#14598=PLANE('3682',#14597);
#14599=ORIENTED_EDGE('4317',*,*,#7709,.T.);
#14601=ORIENTED_EDGE('4319',*,*,#14600,.T.);
#14603=ORIENTED_EDGE('4318',*,*,#14602,.F.);
#14604=ORIENTED_EDGE('4320',*,*,#14585,.F.);
#14605=EDGE_LOOP('3682',(#14599,#14601,#14603,#14604));
#14606=FACE_OUTER_BOUND('3682',#14605,.F.);
#14607=ADVANCED_FACE('3682',(#14606),#14598,.F.);
#14608=CARTESIAN_POINT('',(-2.E0,2.95E0,8.22E0));
#14609=DIRECTION('',(0.E0,7.071067811865E-1,7.071067811865E-1));
#14610=DIRECTION('',(1.E0,0.E0,0.E0));
#14611=AXIS2_PLACEMENT_3D('',#14608,#14609,#14610);
#14612=PLANE('3681',#14611);
#14613=ORIENTED_EDGE('4314',*,*,#7727,.F.);
#14615=ORIENTED_EDGE('4316',*,*,#14614,.T.);
#14617=ORIENTED_EDGE('4315',*,*,#14616,.T.);
#14618=ORIENTED_EDGE('4319',*,*,#14600,.F.);
#14619=EDGE_LOOP('3681',(#14613,#14615,#14617,#14618));
#14620=FACE_OUTER_BOUND('3681',#14619,.F.);
#14621=ADVANCED_FACE('3681',(#14620),#14612,.T.);
#14622=CARTESIAN_POINT('',(-2.E0,2.95E0,7.52E0));
#14623=DIRECTION('',(-7.071067811865E-1,7.071067811865E-1,0.E0));
#14624=DIRECTION('',(0.E0,0.E0,1.E0));
#14625=AXIS2_PLACEMENT_3D('',#14622,#14623,#14624);
#14626=PLANE('3680',#14625);
#14627=ORIENTED_EDGE('4311',*,*,#7747,.F.);
#14628=ORIENTED_EDGE('4313',*,*,#14589,.T.);
#14630=ORIENTED_EDGE('4312',*,*,#14629,.T.);
#14631=ORIENTED_EDGE('4316',*,*,#14614,.F.);
#14632=EDGE_LOOP('3680',(#14627,#14628,#14630,#14631));
#14633=FACE_OUTER_BOUND('3680',#14632,.F.);
#14634=ADVANCED_FACE('3680',(#14633),#14626,.T.);
#14635=CARTESIAN_POINT('',(-2.E0,3.35E0,7.52E0));
#14636=DIRECTION('',(0.E0,1.E0,0.E0));
#14637=DIRECTION('',(0.E0,0.E0,1.E0));
#14638=AXIS2_PLACEMENT_3D('',#14635,#14636,#14637);
#14639=PLANE('3634',#14638);
#14640=ORIENTED_EDGE('4312',*,*,#14629,.F.);
#14641=ORIENTED_EDGE('4362',*,*,#14587,.T.);
#14642=ORIENTED_EDGE('4318',*,*,#14602,.T.);
#14643=ORIENTED_EDGE('4315',*,*,#14616,.F.);
#14644=EDGE_LOOP('3634',(#14640,#14641,#14642,#14643));
#14645=FACE_OUTER_BOUND('3634',#14644,.F.);
#14646=ADVANCED_FACE('3634',(#14645),#14639,.T.);
#14647=CARTESIAN_POINT('',(2.525E1,2.7E0,-7.42E0));
#14648=DIRECTION('',(0.E0,-7.071067811865E-1,7.071067811865E-1));
#14649=DIRECTION('',(-1.E0,0.E0,0.E0));
#14650=AXIS2_PLACEMENT_3D('',#14647,#14648,#14649);
#14651=PLANE('3606',#14650);
#14652=ORIENTED_EDGE('4188',*,*,#7477,.T.);
#14653=ORIENTED_EDGE('4195',*,*,#7499,.F.);
#14655=ORIENTED_EDGE('4083',*,*,#14654,.T.);
#14656=ORIENTED_EDGE('4414',*,*,#8457,.T.);
#14657=EDGE_LOOP('3606',(#14652,#14653,#14655,#14656));
#14658=FACE_OUTER_BOUND('3606',#14657,.F.);
#14659=ADVANCED_FACE('3606',(#14658),#14651,.F.);
#14660=CARTESIAN_POINT('',(2.525E1,2.55E0,-6.42E0));
#14661=DIRECTION('',(0.E0,-1.E0,0.E0));
#14662=DIRECTION('',(0.E0,0.E0,-1.E0));
#14663=AXIS2_PLACEMENT_3D('',#14660,#14661,#14662);
#14664=CONICAL_SURFACE('3607',#14663,1.15E0,4.5E1);
#14665=ORIENTED_EDGE('4081',*,*,#7513,.F.);
#14667=ORIENTED_EDGE('4084',*,*,#14666,.F.);
#14668=ORIENTED_EDGE('4082',*,*,#8459,.T.);
#14669=ORIENTED_EDGE('4083',*,*,#14654,.F.);
#14670=EDGE_LOOP('3607',(#14665,#14667,#14668,#14669));
#14671=FACE_OUTER_BOUND('3607',#14670,.F.);
#14672=ADVANCED_FACE('3607',(#14671),#14664,.T.);
#14673=CARTESIAN_POINT('',(2.625E1,2.7E0,6.42E0));
#14674=DIRECTION('',(-7.071067811865E-1,-7.071067811865E-1,0.E0));
#14675=DIRECTION('',(0.E0,0.E0,-1.E0));
#14676=AXIS2_PLACEMENT_3D('',#14673,#14674,#14675);
#14677=PLANE('4008',#14676);
#14678=ORIENTED_EDGE('4129',*,*,#7547,.F.);
#14679=ORIENTED_EDGE('4134',*,*,#8461,.T.);
#14680=ORIENTED_EDGE('4084',*,*,#14666,.T.);
#14681=ORIENTED_EDGE('4136',*,*,#7525,.F.);
#14682=EDGE_LOOP('4008',(#14678,#14679,#14680,#14681));
#14683=FACE_OUTER_BOUND('4008',#14682,.F.);
#14684=ADVANCED_FACE('4008',(#14683),#14677,.F.);
#14685=CARTESIAN_POINT('',(2.655E1,3.35E0,-2.4875E0));
#14686=DIRECTION('',(-1.E0,0.E0,0.E0));
#14687=DIRECTION('',(0.E0,-1.E0,0.E0));
#14688=AXIS2_PLACEMENT_3D('',#14685,#14686,#14687);
#14689=PLANE('3622',#14688);
#14690=ORIENTED_EDGE('4333',*,*,#7543,.F.);
#14692=ORIENTED_EDGE('4254',*,*,#14691,.T.);
#14693=ORIENTED_EDGE('4334',*,*,#7581,.T.);
#14694=ORIENTED_EDGE('4126',*,*,#8464,.F.);
#14695=EDGE_LOOP('3622',(#14690,#14692,#14693,#14694));
#14696=FACE_OUTER_BOUND('3622',#14695,.F.);
#14697=ADVANCED_FACE('3622',(#14696),#14689,.T.);
#14698=CARTESIAN_POINT('',(2.655E1,2.95E0,-2.4875E0));
#14699=DIRECTION('',(-7.071067811865E-1,7.071067811865E-1,0.E0));
#14700=DIRECTION('',(0.E0,0.E0,1.E0));
#14701=AXIS2_PLACEMENT_3D('',#14698,#14699,#14700);
#14702=PLANE('3663',#14701);
#14703=ORIENTED_EDGE('4254',*,*,#14691,.F.);
#14705=ORIENTED_EDGE('4256',*,*,#14704,.T.);
#14707=ORIENTED_EDGE('4255',*,*,#14706,.T.);
#14709=ORIENTED_EDGE('4259',*,*,#14708,.F.);
#14710=EDGE_LOOP('3663',(#14703,#14705,#14707,#14709));
#14711=FACE_OUTER_BOUND('3663',#14710,.F.);
#14712=ADVANCED_FACE('3663',(#14711),#14702,.T.);
#14713=CARTESIAN_POINT('',(2.75E1,2.95E0,-2.4875E0));
#14714=DIRECTION('',(0.E0,7.071067811865E-1,-7.071067811865E-1));
#14715=DIRECTION('',(-1.E0,0.E0,0.E0));
#14716=AXIS2_PLACEMENT_3D('',#14713,#14714,#14715);
#14717=PLANE('3662',#14716);
#14718=ORIENTED_EDGE('4251',*,*,#7541,.F.);
#14719=ORIENTED_EDGE('4253',*,*,#7565,.T.);
#14721=ORIENTED_EDGE('4252',*,*,#14720,.T.);
#14722=ORIENTED_EDGE('4256',*,*,#14704,.F.);
#14723=EDGE_LOOP('3662',(#14718,#14719,#14721,#14722));
#14724=FACE_OUTER_BOUND('3662',#14723,.F.);
#14725=ADVANCED_FACE('3662',(#14724),#14717,.T.);
#14726=CARTESIAN_POINT('',(2.75E1,3.35E0,-2.4875E0));
#14727=DIRECTION('',(0.E0,1.E0,0.E0));
#14728=DIRECTION('',(-1.E0,0.E0,0.E0));
#14729=AXIS2_PLACEMENT_3D('',#14726,#14727,#14728);
#14730=PLANE('3621',#14729);
#14731=ORIENTED_EDGE('4252',*,*,#14720,.F.);
#14732=ORIENTED_EDGE('4332',*,*,#7563,.T.);
#14734=ORIENTED_EDGE('4258',*,*,#14733,.T.);
#14735=ORIENTED_EDGE('4255',*,*,#14706,.F.);
#14736=EDGE_LOOP('3621',(#14731,#14732,#14734,#14735));
#14737=FACE_OUTER_BOUND('3621',#14736,.F.);
#14738=ADVANCED_FACE('3621',(#14737),#14730,.T.);
#14739=CARTESIAN_POINT('',(2.75E1,2.95E0,2.4875E0));
#14740=DIRECTION('',(0.E0,-7.071067811865E-1,-7.071067811865E-1));
#14741=DIRECTION('',(-1.E0,0.E0,0.E0));
#14742=AXIS2_PLACEMENT_3D('',#14739,#14740,#14741);
#14743=PLANE('3664',#14742);
#14744=ORIENTED_EDGE('4257',*,*,#7583,.T.);
#14745=ORIENTED_EDGE('4259',*,*,#14708,.T.);
#14746=ORIENTED_EDGE('4258',*,*,#14733,.F.);
#14747=ORIENTED_EDGE('4260',*,*,#7561,.F.);
#14748=EDGE_LOOP('3664',(#14744,#14745,#14746,#14747));
#14749=FACE_OUTER_BOUND('3664',#14748,.F.);
#14750=ADVANCED_FACE('3664',(#14749),#14743,.F.);
#14751=CARTESIAN_POINT('',(2.4765E1,-1.6E-1,-5.715E0));
#14752=DIRECTION('',(0.E0,-1.E0,0.E0));
#14753=DIRECTION('',(-1.E0,0.E0,0.E0));
#14754=AXIS2_PLACEMENT_3D('',#14751,#14752,#14753);
#14755=SPHERICAL_SURFACE('3971',#14754,3.81E-1);
#14756=ORIENTED_EDGE('5137',*,*,#6944,.F.);
#14758=ORIENTED_EDGE('5249',*,*,#14757,.F.);
#14760=ORIENTED_EDGE('5041',*,*,#14759,.T.);
#14762=ORIENTED_EDGE('5250',*,*,#14761,.T.);
#14763=EDGE_LOOP('3971',(#14756,#14758,#14760,#14762));
#14764=FACE_OUTER_BOUND('3971',#14763,.F.);
#14765=ADVANCED_FACE('3971',(#14764),#14755,.T.);
#14766=CARTESIAN_POINT('',(2.4765E1,-1.6E-1,-5.715E0));
#14767=DIRECTION('',(0.E0,-1.E0,0.E0));
#14768=DIRECTION('',(-1.E0,0.E0,0.E0));
#14769=AXIS2_PLACEMENT_3D('',#14766,#14767,#14768);
#14770=SPHERICAL_SURFACE('3972',#14769,3.81E-1);
#14771=ORIENTED_EDGE('5138',*,*,#6946,.F.);
#14772=ORIENTED_EDGE('5250',*,*,#14761,.F.);
#14774=ORIENTED_EDGE('5042',*,*,#14773,.T.);
#14775=ORIENTED_EDGE('5249',*,*,#14757,.T.);
#14776=EDGE_LOOP('3972',(#14771,#14772,#14774,#14775));
#14777=FACE_OUTER_BOUND('3972',#14776,.F.);
#14778=ADVANCED_FACE('3972',(#14777),#14770,.T.);
#14779=CARTESIAN_POINT('',(2.75E1,-5.E-1,-7.5E0));
#14780=DIRECTION('',(0.E0,1.E0,0.E0));
#14781=DIRECTION('',(0.E0,0.E0,1.E0));
#14782=AXIS2_PLACEMENT_3D('',#14779,#14780,#14781);
#14783=PLANE('3973',#14782);
#14784=ORIENTED_EDGE('5041',*,*,#14759,.F.);
#14785=ORIENTED_EDGE('5042',*,*,#14773,.F.);
#14786=EDGE_LOOP('3973',(#14784,#14785));
#14787=FACE_OUTER_BOUND('3973',#14786,.F.);
#14788=ADVANCED_FACE('3973',(#14787),#14783,.F.);
#14789=CARTESIAN_POINT('',(2.4765E1,-1.6E-1,5.715E0));
#14790=DIRECTION('',(0.E0,-1.E0,0.E0));
#14791=DIRECTION('',(-1.E0,0.E0,0.E0));
#14792=AXIS2_PLACEMENT_3D('',#14789,#14790,#14791);
#14793=SPHERICAL_SURFACE('3968',#14792,3.81E-1);
#14794=ORIENTED_EDGE('5135',*,*,#6950,.F.);
#14796=ORIENTED_EDGE('5247',*,*,#14795,.F.);
#14798=ORIENTED_EDGE('5039',*,*,#14797,.T.);
#14800=ORIENTED_EDGE('5248',*,*,#14799,.T.);
#14801=EDGE_LOOP('3968',(#14794,#14796,#14798,#14800));
#14802=FACE_OUTER_BOUND('3968',#14801,.F.);
#14803=ADVANCED_FACE('3968',(#14802),#14793,.T.);
#14804=CARTESIAN_POINT('',(2.4765E1,-1.6E-1,5.715E0));
#14805=DIRECTION('',(0.E0,-1.E0,0.E0));
#14806=DIRECTION('',(-1.E0,0.E0,0.E0));
#14807=AXIS2_PLACEMENT_3D('',#14804,#14805,#14806);
#14808=SPHERICAL_SURFACE('3969',#14807,3.81E-1);
#14809=ORIENTED_EDGE('5136',*,*,#6952,.F.);
#14810=ORIENTED_EDGE('5248',*,*,#14799,.F.);
#14812=ORIENTED_EDGE('5040',*,*,#14811,.T.);
#14813=ORIENTED_EDGE('5247',*,*,#14795,.T.);
#14814=EDGE_LOOP('3969',(#14809,#14810,#14812,#14813));
#14815=FACE_OUTER_BOUND('3969',#14814,.F.);
#14816=ADVANCED_FACE('3969',(#14815),#14808,.T.);
#14817=CARTESIAN_POINT('',(2.75E1,-5.E-1,-7.5E0));
#14818=DIRECTION('',(0.E0,1.E0,0.E0));
#14819=DIRECTION('',(0.E0,0.E0,1.E0));
#14820=AXIS2_PLACEMENT_3D('',#14817,#14818,#14819);
#14821=PLANE('3970',#14820);
#14822=ORIENTED_EDGE('5039',*,*,#14797,.F.);
#14823=ORIENTED_EDGE('5040',*,*,#14811,.F.);
#14824=EDGE_LOOP('3970',(#14822,#14823));
#14825=FACE_OUTER_BOUND('3970',#14824,.F.);
#14826=ADVANCED_FACE('3970',(#14825),#14821,.F.);
#14827=CARTESIAN_POINT('',(-2.4765E1,-1.6E-1,-5.715E0));
#14828=DIRECTION('',(0.E0,-1.E0,0.E0));
#14829=DIRECTION('',(-1.E0,0.E0,0.E0));
#14830=AXIS2_PLACEMENT_3D('',#14827,#14828,#14829);
#14831=SPHERICAL_SURFACE('3965',#14830,3.81E-1);
#14832=ORIENTED_EDGE('5133',*,*,#6956,.F.);
#14834=ORIENTED_EDGE('5245',*,*,#14833,.F.);
#14836=ORIENTED_EDGE('5037',*,*,#14835,.T.);
#14838=ORIENTED_EDGE('5246',*,*,#14837,.T.);
#14839=EDGE_LOOP('3965',(#14832,#14834,#14836,#14838));
#14840=FACE_OUTER_BOUND('3965',#14839,.F.);
#14841=ADVANCED_FACE('3965',(#14840),#14831,.T.);
#14842=CARTESIAN_POINT('',(-2.4765E1,-1.6E-1,-5.715E0));
#14843=DIRECTION('',(0.E0,-1.E0,0.E0));
#14844=DIRECTION('',(-1.E0,0.E0,0.E0));
#14845=AXIS2_PLACEMENT_3D('',#14842,#14843,#14844);
#14846=SPHERICAL_SURFACE('3966',#14845,3.81E-1);
#14847=ORIENTED_EDGE('5134',*,*,#6958,.F.);
#14848=ORIENTED_EDGE('5246',*,*,#14837,.F.);
#14850=ORIENTED_EDGE('5038',*,*,#14849,.T.);
#14851=ORIENTED_EDGE('5245',*,*,#14833,.T.);
#14852=EDGE_LOOP('3966',(#14847,#14848,#14850,#14851));
#14853=FACE_OUTER_BOUND('3966',#14852,.F.);
#14854=ADVANCED_FACE('3966',(#14853),#14846,.T.);
#14855=CARTESIAN_POINT('',(2.75E1,-5.E-1,-7.5E0));
#14856=DIRECTION('',(0.E0,1.E0,0.E0));
#14857=DIRECTION('',(0.E0,0.E0,1.E0));
#14858=AXIS2_PLACEMENT_3D('',#14855,#14856,#14857);
#14859=PLANE('3967',#14858);
#14860=ORIENTED_EDGE('5037',*,*,#14835,.F.);
#14861=ORIENTED_EDGE('5038',*,*,#14849,.F.);
#14862=EDGE_LOOP('3967',(#14860,#14861));
#14863=FACE_OUTER_BOUND('3967',#14862,.F.);
#14864=ADVANCED_FACE('3967',(#14863),#14859,.F.);
#14865=CARTESIAN_POINT('',(-2.4765E1,-1.6E-1,5.715E0));
#14866=DIRECTION('',(0.E0,-1.E0,0.E0));
#14867=DIRECTION('',(-1.E0,0.E0,0.E0));
#14868=AXIS2_PLACEMENT_3D('',#14865,#14866,#14867);
#14869=SPHERICAL_SURFACE('3962',#14868,3.81E-1);
#14870=ORIENTED_EDGE('5131',*,*,#6962,.F.);
#14872=ORIENTED_EDGE('5243',*,*,#14871,.F.);
#14874=ORIENTED_EDGE('5035',*,*,#14873,.T.);
#14876=ORIENTED_EDGE('5244',*,*,#14875,.T.);
#14877=EDGE_LOOP('3962',(#14870,#14872,#14874,#14876));
#14878=FACE_OUTER_BOUND('3962',#14877,.F.);
#14879=ADVANCED_FACE('3962',(#14878),#14869,.T.);
#14880=CARTESIAN_POINT('',(-2.4765E1,-1.6E-1,5.715E0));
#14881=DIRECTION('',(0.E0,-1.E0,0.E0));
#14882=DIRECTION('',(-1.E0,0.E0,0.E0));
#14883=AXIS2_PLACEMENT_3D('',#14880,#14881,#14882);
#14884=SPHERICAL_SURFACE('3963',#14883,3.81E-1);
#14885=ORIENTED_EDGE('5132',*,*,#6964,.F.);
#14886=ORIENTED_EDGE('5244',*,*,#14875,.F.);
#14888=ORIENTED_EDGE('5036',*,*,#14887,.T.);
#14889=ORIENTED_EDGE('5243',*,*,#14871,.T.);
#14890=EDGE_LOOP('3963',(#14885,#14886,#14888,#14889));
#14891=FACE_OUTER_BOUND('3963',#14890,.F.);
#14892=ADVANCED_FACE('3963',(#14891),#14884,.T.);
#14893=CARTESIAN_POINT('',(2.75E1,-5.E-1,-7.5E0));
#14894=DIRECTION('',(0.E0,1.E0,0.E0));
#14895=DIRECTION('',(0.E0,0.E0,1.E0));
#14896=AXIS2_PLACEMENT_3D('',#14893,#14894,#14895);
#14897=PLANE('3964',#14896);
#14898=ORIENTED_EDGE('5035',*,*,#14873,.F.);
#14899=ORIENTED_EDGE('5036',*,*,#14887,.F.);
#14900=EDGE_LOOP('3964',(#14898,#14899));
#14901=FACE_OUTER_BOUND('3964',#14900,.F.);
#14902=ADVANCED_FACE('3964',(#14901),#14897,.F.);
#14903=CLOSED_SHELL('',(#7108,#7123,#7143,#7157,#7172,#7185,#7199,#7219,#7237,
#7257,#7271,#7285,#7299,#7319,#7333,#7353,#7367,#7387,#7401,#7421,#7435,#7455,
#7469,#7489,#7503,#7517,#7531,#7551,#7569,#7589,#7603,#7617,#7631,#7651,#7665,
#7685,#7699,#7719,#7733,#7753,#7767,#7787,#7800,#7815,#7829,#7846,#7859,#7871,
#7884,#7899,#7914,#7949,#7961,#7974,#7989,#8002,#8015,#8027,#8040,#8053,#8065,
#8080,#8095,#8108,#8125,#8139,#8153,#8166,#8178,#8193,#8214,#8226,#8243,#8257,
#8271,#8284,#8296,#8308,#8323,#8338,#8351,#8368,#8382,#8396,#8409,#8421,#8436,
#8473,#8486,#8499,#8511,#8526,#8541,#8554,#8571,#8585,#8599,#8612,#8624,#8639,
#8660,#8672,#8686,#8768,#8788,#8802,#9016,#9031,#9050,#9063,#9082,#9095,#9108,
#9186,#9205,#9218,#9236,#9249,#9261,#9274,#9292,#9305,#9323,#9336,#9348,#9361,
#9379,#9392,#9410,#9423,#9435,#9448,#9466,#9479,#9497,#9510,#9522,#9535,#9553,
#9566,#9584,#9597,#9609,#9622,#9640,#9653,#9671,#9684,#9696,#9709,#9723,#9737,
#9751,#9763,#9777,#9791,#9805,#9819,#9832,#9844,#9857,#9875,#9888,#9906,#9919,
#9931,#9944,#9962,#9975,#9993,#10006,#10018,#10031,#10049,#10062,#10080,#10093,
#10105,#10118,#10136,#10149,#10167,#10180,#10192,#10205,#10223,#10236,#10254,
#10267,#10279,#10292,#10309,#10322,#10334,#10346,#10358,#10373,#10386,#10400,
#10414,#10427,#10445,#10458,#10476,#10488,#10501,#10513,#10527,#10541,#10553,
#10567,#10580,#10592,#10604,#10616,#10637,#10651,#10671,#10684,#10697,#10710,
#10723,#10738,#10752,#10767,#10781,#10796,#10809,#10850,#10863,#10914,#10928,
#10942,#10955,#10980,#10995,#11019,#11031,#11044,#11057,#11070,#11083,#11096,
#11108,#11129,#11143,#11163,#11176,#11189,#11202,#11215,#11230,#11244,#11286,
#11299,#11314,#11328,#11342,#11355,#11406,#11420,#11434,#11449,#11464,#11487,
#11502,#11515,#11537,#11549,#11562,#11575,#11588,#11600,#11621,#11635,#11655,
#11668,#11681,#11694,#11707,#11722,#11736,#11751,#11765,#11780,#11793,#11834,
#11847,#11898,#11912,#11926,#11939,#11964,#11979,#12003,#12015,#12028,#12041,
#12054,#12067,#12080,#12092,#12113,#12127,#12147,#12160,#12173,#12186,#12199,
#12214,#12228,#12270,#12283,#12298,#12312,#12326,#12339,#12390,#12404,#12418,
#12433,#12448,#12471,#12486,#12499,#12521,#12533,#12546,#12559,#12572,#12584,
#12605,#12619,#12639,#12652,#12665,#12678,#12691,#12706,#12720,#12735,#12749,
#12764,#12777,#12818,#12831,#12882,#12896,#12910,#12923,#12948,#12963,#12987,
#12999,#13012,#13025,#13038,#13051,#13064,#13076,#13097,#13111,#13131,#13144,
#13157,#13170,#13183,#13198,#13212,#13254,#13267,#13282,#13296,#13310,#13323,
#13374,#13388,#13402,#13417,#13432,#13455,#13470,#13483,#13505,#13517,#13530,
#13543,#13556,#13568,#13589,#13603,#13623,#13636,#13649,#13662,#13675,#13690,
#13704,#13719,#13733,#13748,#13761,#13802,#13815,#13866,#13880,#13894,#13907,
#13932,#13947,#13971,#13983,#13996,#14009,#14022,#14035,#14048,#14060,#14081,
#14095,#14115,#14128,#14141,#14154,#14167,#14182,#14196,#14238,#14251,#14266,
#14280,#14294,#14307,#14358,#14372,#14386,#14401,#14416,#14439,#14454,#14467,
#14489,#14501,#14514,#14527,#14540,#14552,#14564,#14576,#14593,#14607,#14621,
#14634,#14646,#14659,#14672,#14684,#14697,#14712,#14725,#14738,#14750,#14765,
#14778,#14788,#14803,#14816,#14826,#14841,#14854,#14864,#14879,#14892,#14902));
#14904=MANIFOLD_SOLID_BREP('',#14903);
#14905=(LENGTH_UNIT()NAMED_UNIT(*)SI_UNIT(.MILLI.,.METRE.));
#14906=DIMENSIONAL_EXPONENTS(0.E0,0.E0,0.E0,0.E0,0.E0,0.E0,0.E0);
#14907=(NAMED_UNIT(*)PLANE_ANGLE_UNIT()SI_UNIT($,.RADIAN.));
#14908=PLANE_ANGLE_MEASURE_WITH_UNIT(PLANE_ANGLE_MEASURE(1.745329251994E-2),
#14907);
#14909=(CONVERSION_BASED_UNIT('DEGREE',#14908)NAMED_UNIT(#14906)PLANE_ANGLE_UNIT());
#14910=(NAMED_UNIT(*)SI_UNIT($,.STERADIAN.)SOLID_ANGLE_UNIT());
#14911=UNCERTAINTY_MEASURE_WITH_UNIT(LENGTH_MEASURE(1.319769922459E-4),#14905,
'closure',
'Maximum model space distance between geometric entities at asserted connectivities');
#14912=(GEOMETRIC_REPRESENTATION_CONTEXT(3)GLOBAL_UNCERTAINTY_ASSIGNED_CONTEXT((
#14911))GLOBAL_UNIT_ASSIGNED_CONTEXT((#14905,#14909,#14910))REPRESENTATION_CONTEXT('ID1','3'));
#14914=APPLICATION_CONTEXT(
'CONFIGURATION CONTROLLED 3D DESIGNS OF MECHANICAL PARTS AND ASSEMBLIES');
#14915=APPLICATION_PROTOCOL_DEFINITION('international standard',
'config_control_design',1994,#14914);
#14916=DESIGN_CONTEXT('',#14914,'design');
#14917=MECHANICAL_CONTEXT('',#14914,'mechanical');
#14918=PRODUCT('74221','74221','NOT SPECIFIED',(#14917));
#14919=PRODUCT_DEFINITION_FORMATION_WITH_SPECIFIED_SOURCE('3','LAST_VERSION',
#14918,.MADE.);
#14923=PRODUCT_CATEGORY('part','');
#14924=PRODUCT_RELATED_PRODUCT_CATEGORY('detail','',(#14918));
#14925=PRODUCT_CATEGORY_RELATIONSHIP('','',#14923,#14924);
#14926=SECURITY_CLASSIFICATION_LEVEL('unclassified');
#14927=SECURITY_CLASSIFICATION('','',#14926);
#14928=CC_DESIGN_SECURITY_CLASSIFICATION(#14927,(#14919));
#14929=APPROVAL_STATUS('approved');
#14930=APPROVAL(#14929,'');
#14931=CC_DESIGN_APPROVAL(#14930,(#14927,#14919,#14920));
#14932=CALENDAR_DATE(109,8,7);
#14933=COORDINATED_UNIVERSAL_TIME_OFFSET(5,30,.AHEAD.);
#14934=LOCAL_TIME(13,13,1.6E1,#14933);
#14935=DATE_AND_TIME(#14932,#14934);
#14936=APPROVAL_DATE_TIME(#14935,#14930);
#14937=DATE_TIME_ROLE('creation_date');
#14938=CC_DESIGN_DATE_AND_TIME_ASSIGNMENT(#14935,#14937,(#14920));
#14939=DATE_TIME_ROLE('classification_date');
#14940=CC_DESIGN_DATE_AND_TIME_ASSIGNMENT(#14935,#14939,(#14927));
#14941=PERSON('UNSPECIFIED','UNSPECIFIED',$,$,$,$);
#14942=ORGANIZATION('UNSPECIFIED','UNSPECIFIED','UNSPECIFIED');
#14943=PERSON_AND_ORGANIZATION(#14941,#14942);
#14944=APPROVAL_ROLE('approver');
#14945=APPROVAL_PERSON_ORGANIZATION(#14943,#14930,#14944);
#14946=PERSON_AND_ORGANIZATION_ROLE('creator');
#14947=CC_DESIGN_PERSON_AND_ORGANIZATION_ASSIGNMENT(#14943,#14946,(#14919,
#14920));
#14948=PERSON_AND_ORGANIZATION_ROLE('design_supplier');
#14949=CC_DESIGN_PERSON_AND_ORGANIZATION_ASSIGNMENT(#14943,#14948,(#14919));
#14950=PERSON_AND_ORGANIZATION_ROLE('classification_officer');
#14951=CC_DESIGN_PERSON_AND_ORGANIZATION_ASSIGNMENT(#14943,#14950,(#14927));
#14952=PERSON_AND_ORGANIZATION_ROLE('design_owner');
#14953=CC_DESIGN_PERSON_AND_ORGANIZATION_ASSIGNMENT(#14943,#14952,(#14918));
#321=CIRCLE('4073',#320,1.3E0);
#326=CIRCLE('4074',#325,1.E0);
#339=CIRCLE('4051',#338,1.3E0);
#396=CIRCLE('4052',#395,1.3E0);
#541=CIRCLE('4050',#540,1.3E0);
#598=CIRCLE('4049',#597,1.3E0);
#847=CIRCLE('4077',#846,1.3E0);
#852=CIRCLE('4078',#851,1.E0);
#1109=CIRCLE('4085',#1108,1.3E0);
#1118=CIRCLE('4086',#1117,1.E0);
#1347=CIRCLE('5201',#1346,2.E-1);
#1416=CIRCLE('4065',#1415,2.E-1);
#1433=CIRCLE('5199',#1432,2.E-1);
#1458=CIRCLE('5200',#1457,2.E-1);
#1587=CIRCLE('5197',#1586,2.E-1);
#1612=CIRCLE('5198',#1611,2.E-1);
#1641=CIRCLE('5183',#1640,2.E-1);
#1666=CIRCLE('5184',#1665,2.E-1);
#1695=CIRCLE('5144',#1694,2.E-1);
#1720=CIRCLE('5143',#1719,2.E-1);
#1749=CIRCLE('5152',#1748,2.E-1);
#1774=CIRCLE('5151',#1773,2.E-1);
#1803=CIRCLE('5166',#1802,2.E-1);
#1828=CIRCLE('5165',#1827,2.E-1);
#1857=CIRCLE('5168',#1856,2.E-1);
#1882=CIRCLE('5167',#1881,2.E-1);
#1903=CIRCLE('4063',#1902,3.E-1);
#1908=CIRCLE('4066',#1907,2.E-1);
#1913=CIRCLE('4064',#1912,5.E-1);
#1926=CIRCLE('4113',#1925,5.E-1);
#1935=CIRCLE('4114',#1934,6.732050807569E-1);
#1968=CIRCLE('4107',#1967,5.E-1);
#1973=CIRCLE('4108',#1972,6.732050807569E-1);
#1990=CIRCLE('4059',#1989,3.E-1);
#1995=CIRCLE('4071',#1994,2.E-1);
#2000=CIRCLE('4060',#1999,5.E-1);
#2009=CIRCLE('4072',#2008,2.E-1);
#2022=CIRCLE('4070',#2021,2.E-1);
#2039=CIRCLE('5171',#2038,2.E-1);
#2064=CIRCLE('5172',#2063,2.E-1);
#2093=CIRCLE('5169',#2092,2.E-1);
#2118=CIRCLE('5170',#2117,2.E-1);
#2147=CIRCLE('5153',#2146,2.E-1);
#2172=CIRCLE('5154',#2171,2.E-1);
#2201=CIRCLE('5145',#2200,2.E-1);
#2226=CIRCLE('5146',#2225,2.E-1);
#2255=CIRCLE('5186',#2254,2.E-1);
#2280=CIRCLE('5185',#2279,2.E-1);
#2309=CIRCLE('5202',#2308,2.E-1);
#2354=CIRCLE('4053',#2353,3.E-1);
#2359=CIRCLE('4067',#2358,2.E-1);
#2364=CIRCLE('4054',#2363,5.E-1);
#2373=CIRCLE('4068',#2372,2.E-1);
#2382=CIRCLE('4057',#2381,3.E-1);
#2387=CIRCLE('4069',#2386,2.E-1);
#2392=CIRCLE('4058',#2391,5.E-1);
#2417=CIRCLE('5203',#2416,2.E-1);
#2434=CIRCLE('5204',#2433,2.E-1);
#2467=CIRCLE('4103',#2466,5.E-1);
#2472=CIRCLE('4104',#2471,6.732050807569E-1);
#2509=CIRCLE('4097',#2508,5.E-1);
#2514=CIRCLE('4098',#2513,6.732050807569E-1);
#2611=CIRCLE('5010',#2610,7.E-2);
#2620=CIRCLE('5011',#2619,7.E-2);
#2625=CIRCLE('4985',#2624,3.5E-1);
#2634=CIRCLE('4992',#2633,2.5E-1);
#2677=B_SPLINE_CURVE_WITH_KNOTS('4975',3,(#2671,#2672,#2673,#2674,#2675,#2676),
.UNSPECIFIED.,.F.,.F.,(4,1,1,4),(0.E0,3.333333333333E-1,6.666666666667E-1,1.E0),
.UNSPECIFIED.);
#2688=B_SPLINE_CURVE_WITH_KNOTS('4978',3,(#2682,#2683,#2684,#2685,#2686,#2687),
.UNSPECIFIED.,.F.,.F.,(4,1,1,4),(0.E0,3.333333333333E-1,6.666666666667E-1,1.E0),
.UNSPECIFIED.);
#2709=B_SPLINE_CURVE_WITH_KNOTS('4977',3,(#2693,#2694,#2695,#2696,#2697,#2698,
#2699,#2700,#2701,#2702,#2703,#2704,#2705,#2706,#2707,#2708),.UNSPECIFIED.,.F.,
.F.,(4,1,1,1,1,1,1,1,1,1,1,1,1,4),(0.E0,7.692307692308E-2,1.538461538462E-1,
2.307692307692E-1,3.076923076923E-1,3.846153846154E-1,4.615384615385E-1,
5.384615384615E-1,6.153846153846E-1,6.923076923077E-1,7.692307692308E-1,
8.461538461538E-1,9.230769230769E-1,1.E0),.UNSPECIFIED.);
#2732=B_SPLINE_CURVE_WITH_KNOTS('4980',3,(#2714,#2715,#2716,#2717,#2718,#2719,
#2720,#2721,#2722,#2723,#2724,#2725,#2726,#2727,#2728,#2729,#2730,#2731),
.UNSPECIFIED.,.F.,.F.,(4,1,1,1,1,1,1,1,1,1,1,1,1,1,1,4),(0.E0,6.666666666667E-2,
1.333333333333E-1,2.E-1,2.666666666667E-1,3.333333333333E-1,4.E-1,
4.666666666667E-1,5.333333333333E-1,6.E-1,6.666666666667E-1,7.333333333333E-1,
8.E-1,8.666666666667E-1,9.333333333333E-1,1.E0),.UNSPECIFIED.);
#2741=CIRCLE('4987',#2740,1.5E-1);
#2750=CIRCLE('4994',#2749,2.5E-1);
#2759=CIRCLE('5020',#2758,8.E-2);
#2768=CIRCLE('5024',#2767,8.E-2);
#2773=CIRCLE('5023',#2772,8.E-2);
#2782=CIRCLE('5021',#2781,8.E-2);
#2803=CIRCLE('5012',#2802,8.E-2);
#2820=CIRCLE('5013',#2819,8.E-2);
#2829=CIRCLE('5015',#2828,8.E-2);
#2834=CIRCLE('5016',#2833,8.E-2);
#2927=CIRCLE('4950',#2926,7.E-2);
#2936=CIRCLE('4951',#2935,7.E-2);
#2945=CIRCLE('4925',#2944,2.5E-1);
#2954=CIRCLE('4932',#2953,3.5E-1);
#2965=B_SPLINE_CURVE_WITH_KNOTS('4915',3,(#2959,#2960,#2961,#2962,#2963,#2964),
.UNSPECIFIED.,.F.,.F.,(4,1,1,4),(0.E0,3.333333333333E-1,6.666666666667E-1,1.E0),
.UNSPECIFIED.);
#2976=B_SPLINE_CURVE_WITH_KNOTS('4918',3,(#2970,#2971,#2972,#2973,#2974,#2975),
.UNSPECIFIED.,.F.,.F.,(4,1,1,4),(0.E0,3.333333333333E-1,6.666666666667E-1,1.E0),
.UNSPECIFIED.);
#3031=B_SPLINE_CURVE_WITH_KNOTS('4917',3,(#3013,#3014,#3015,#3016,#3017,#3018,
#3019,#3020,#3021,#3022,#3023,#3024,#3025,#3026,#3027,#3028,#3029,#3030),
.UNSPECIFIED.,.F.,.F.,(4,1,1,1,1,1,1,1,1,1,1,1,1,1,1,4),(0.E0,6.666666666667E-2,
1.333333333333E-1,2.E-1,2.666666666667E-1,3.333333333333E-1,4.E-1,
4.666666666667E-1,5.333333333333E-1,6.E-1,6.666666666667E-1,7.333333333333E-1,
8.E-1,8.666666666667E-1,9.333333333333E-1,1.E0),.UNSPECIFIED.);
#3052=B_SPLINE_CURVE_WITH_KNOTS('4920',3,(#3036,#3037,#3038,#3039,#3040,#3041,
#3042,#3043,#3044,#3045,#3046,#3047,#3048,#3049,#3050,#3051),.UNSPECIFIED.,.F.,
.F.,(4,1,1,1,1,1,1,1,1,1,1,1,1,4),(0.E0,7.692307692308E-2,1.538461538462E-1,
2.307692307692E-1,3.076923076923E-1,3.846153846154E-1,4.615384615385E-1,
5.384615384615E-1,6.153846153846E-1,6.923076923077E-1,7.692307692308E-1,
8.461538461538E-1,9.230769230769E-1,1.E0),.UNSPECIFIED.);
#3061=CIRCLE('4927',#3060,2.5E-1);
#3070=CIRCLE('4934',#3069,1.5E-1);
#3083=CIRCLE('4952',#3082,8.E-2);
#3092=CIRCLE('4956',#3091,8.E-2);
#3097=CIRCLE('4955',#3096,8.E-2);
#3106=CIRCLE('4953',#3105,8.E-2);
#3131=CIRCLE('4960',#3130,8.E-2);
#3148=CIRCLE('4961',#3147,8.E-2);
#3157=CIRCLE('4963',#3156,8.E-2);
#3162=CIRCLE('4964',#3161,8.E-2);
#3251=CIRCLE('4890',#3250,7.E-2);
#3260=CIRCLE('4891',#3259,7.E-2);
#3265=CIRCLE('4865',#3264,3.5E-1);
#3274=CIRCLE('4872',#3273,2.5E-1);
#3317=B_SPLINE_CURVE_WITH_KNOTS('4855',3,(#3311,#3312,#3313,#3314,#3315,#3316),
.UNSPECIFIED.,.F.,.F.,(4,1,1,4),(0.E0,3.333333333333E-1,6.666666666667E-1,1.E0),
.UNSPECIFIED.);
#3328=B_SPLINE_CURVE_WITH_KNOTS('4858',3,(#3322,#3323,#3324,#3325,#3326,#3327),
.UNSPECIFIED.,.F.,.F.,(4,1,1,4),(0.E0,3.333333333333E-1,6.666666666667E-1,1.E0),
.UNSPECIFIED.);
#3349=B_SPLINE_CURVE_WITH_KNOTS('4857',3,(#3333,#3334,#3335,#3336,#3337,#3338,
#3339,#3340,#3341,#3342,#3343,#3344,#3345,#3346,#3347,#3348),.UNSPECIFIED.,.F.,
.F.,(4,1,1,1,1,1,1,1,1,1,1,1,1,4),(0.E0,7.692307692308E-2,1.538461538462E-1,
2.307692307692E-1,3.076923076923E-1,3.846153846154E-1,4.615384615385E-1,
5.384615384615E-1,6.153846153846E-1,6.923076923077E-1,7.692307692308E-1,
8.461538461538E-1,9.230769230769E-1,1.E0),.UNSPECIFIED.);
#3372=B_SPLINE_CURVE_WITH_KNOTS('4860',3,(#3354,#3355,#3356,#3357,#3358,#3359,
#3360,#3361,#3362,#3363,#3364,#3365,#3366,#3367,#3368,#3369,#3370,#3371),
.UNSPECIFIED.,.F.,.F.,(4,1,1,1,1,1,1,1,1,1,1,1,1,1,1,4),(0.E0,6.666666666667E-2,
1.333333333333E-1,2.E-1,2.666666666667E-1,3.333333333333E-1,4.E-1,
4.666666666667E-1,5.333333333333E-1,6.E-1,6.666666666667E-1,7.333333333333E-1,
8.E-1,8.666666666667E-1,9.333333333333E-1,1.E0),.UNSPECIFIED.);
#3381=CIRCLE('4867',#3380,1.5E-1);
#3390=CIRCLE('4874',#3389,2.5E-1);
#3399=CIRCLE('4900',#3398,8.E-2);
#3408=CIRCLE('4904',#3407,8.E-2);
#3413=CIRCLE('4903',#3412,8.E-2);
#3422=CIRCLE('4901',#3421,8.E-2);
#3443=CIRCLE('4892',#3442,8.E-2);
#3460=CIRCLE('4893',#3459,8.E-2);
#3469=CIRCLE('4895',#3468,8.E-2);
#3474=CIRCLE('4896',#3473,8.E-2);
#3567=CIRCLE('4830',#3566,7.E-2);
#3576=CIRCLE('4831',#3575,7.E-2);
#3585=CIRCLE('4805',#3584,2.5E-1);
#3594=CIRCLE('4812',#3593,3.5E-1);
#3605=B_SPLINE_CURVE_WITH_KNOTS('4795',3,(#3599,#3600,#3601,#3602,#3603,#3604),
.UNSPECIFIED.,.F.,.F.,(4,1,1,4),(0.E0,3.333333333333E-1,6.666666666667E-1,1.E0),
.UNSPECIFIED.);
#3616=B_SPLINE_CURVE_WITH_KNOTS('4798',3,(#3610,#3611,#3612,#3613,#3614,#3615),
.UNSPECIFIED.,.F.,.F.,(4,1,1,4),(0.E0,3.333333333333E-1,6.666666666667E-1,1.E0),
.UNSPECIFIED.);
#3671=B_SPLINE_CURVE_WITH_KNOTS('4797',3,(#3653,#3654,#3655,#3656,#3657,#3658,
#3659,#3660,#3661,#3662,#3663,#3664,#3665,#3666,#3667,#3668,#3669,#3670),
.UNSPECIFIED.,.F.,.F.,(4,1,1,1,1,1,1,1,1,1,1,1,1,1,1,4),(0.E0,6.666666666667E-2,
1.333333333333E-1,2.E-1,2.666666666667E-1,3.333333333333E-1,4.E-1,
4.666666666667E-1,5.333333333333E-1,6.E-1,6.666666666667E-1,7.333333333333E-1,
8.E-1,8.666666666667E-1,9.333333333333E-1,1.E0),.UNSPECIFIED.);
#3692=B_SPLINE_CURVE_WITH_KNOTS('4800',3,(#3676,#3677,#3678,#3679,#3680,#3681,
#3682,#3683,#3684,#3685,#3686,#3687,#3688,#3689,#3690,#3691),.UNSPECIFIED.,.F.,
.F.,(4,1,1,1,1,1,1,1,1,1,1,1,1,4),(0.E0,7.692307692308E-2,1.538461538462E-1,
2.307692307692E-1,3.076923076923E-1,3.846153846154E-1,4.615384615385E-1,
5.384615384615E-1,6.153846153846E-1,6.923076923077E-1,7.692307692308E-1,
8.461538461538E-1,9.230769230769E-1,1.E0),.UNSPECIFIED.);
#3701=CIRCLE('4807',#3700,2.5E-1);
#3710=CIRCLE('4814',#3709,1.5E-1);
#3723=CIRCLE('4832',#3722,8.E-2);
#3732=CIRCLE('4836',#3731,8.E-2);
#3737=CIRCLE('4835',#3736,8.E-2);
#3746=CIRCLE('4833',#3745,8.E-2);
#3771=CIRCLE('4840',#3770,8.E-2);
#3788=CIRCLE('4841',#3787,8.E-2);
#3797=CIRCLE('4843',#3796,8.E-2);
#3802=CIRCLE('4844',#3801,8.E-2);
#3891=CIRCLE('4770',#3890,7.E-2);
#3900=CIRCLE('4771',#3899,7.E-2);
#3905=CIRCLE('4745',#3904,3.5E-1);
#3914=CIRCLE('4752',#3913,2.5E-1);
#3957=B_SPLINE_CURVE_WITH_KNOTS('4735',3,(#3951,#3952,#3953,#3954,#3955,#3956),
.UNSPECIFIED.,.F.,.F.,(4,1,1,4),(0.E0,3.333333333333E-1,6.666666666667E-1,1.E0),
.UNSPECIFIED.);
#3968=B_SPLINE_CURVE_WITH_KNOTS('4738',3,(#3962,#3963,#3964,#3965,#3966,#3967),
.UNSPECIFIED.,.F.,.F.,(4,1,1,4),(0.E0,3.333333333333E-1,6.666666666667E-1,1.E0),
.UNSPECIFIED.);
#3989=B_SPLINE_CURVE_WITH_KNOTS('4737',3,(#3973,#3974,#3975,#3976,#3977,#3978,
#3979,#3980,#3981,#3982,#3983,#3984,#3985,#3986,#3987,#3988),.UNSPECIFIED.,.F.,
.F.,(4,1,1,1,1,1,1,1,1,1,1,1,1,4),(0.E0,7.692307692308E-2,1.538461538462E-1,
2.307692307692E-1,3.076923076923E-1,3.846153846154E-1,4.615384615385E-1,
5.384615384615E-1,6.153846153846E-1,6.923076923077E-1,7.692307692308E-1,
8.461538461538E-1,9.230769230769E-1,1.E0),.UNSPECIFIED.);
#4012=B_SPLINE_CURVE_WITH_KNOTS('4740',3,(#3994,#3995,#3996,#3997,#3998,#3999,
#4000,#4001,#4002,#4003,#4004,#4005,#4006,#4007,#4008,#4009,#4010,#4011),
.UNSPECIFIED.,.F.,.F.,(4,1,1,1,1,1,1,1,1,1,1,1,1,1,1,4),(0.E0,6.666666666667E-2,
1.333333333333E-1,2.E-1,2.666666666667E-1,3.333333333333E-1,4.E-1,
4.666666666667E-1,5.333333333333E-1,6.E-1,6.666666666667E-1,7.333333333333E-1,
8.E-1,8.666666666667E-1,9.333333333333E-1,1.E0),.UNSPECIFIED.);
#4021=CIRCLE('4747',#4020,1.5E-1);
#4030=CIRCLE('4754',#4029,2.5E-1);
#4039=CIRCLE('4780',#4038,8.E-2);
#4048=CIRCLE('4784',#4047,8.E-2);
#4053=CIRCLE('4783',#4052,8.E-2);
#4062=CIRCLE('4781',#4061,8.E-2);
#4083=CIRCLE('4772',#4082,8.E-2);
#4100=CIRCLE('4773',#4099,8.E-2);
#4109=CIRCLE('4775',#4108,8.E-2);
#4114=CIRCLE('4776',#4113,8.E-2);
#4207=CIRCLE('4710',#4206,7.E-2);
#4216=CIRCLE('4711',#4215,7.E-2);
#4225=CIRCLE('4685',#4224,2.5E-1);
#4234=CIRCLE('4692',#4233,3.5E-1);
#4245=B_SPLINE_CURVE_WITH_KNOTS('4675',3,(#4239,#4240,#4241,#4242,#4243,#4244),
.UNSPECIFIED.,.F.,.F.,(4,1,1,4),(0.E0,3.333333333333E-1,6.666666666667E-1,1.E0),
.UNSPECIFIED.);
#4256=B_SPLINE_CURVE_WITH_KNOTS('4678',3,(#4250,#4251,#4252,#4253,#4254,#4255),
.UNSPECIFIED.,.F.,.F.,(4,1,1,4),(0.E0,3.333333333333E-1,6.666666666667E-1,1.E0),
.UNSPECIFIED.);
#4311=B_SPLINE_CURVE_WITH_KNOTS('4677',3,(#4293,#4294,#4295,#4296,#4297,#4298,
#4299,#4300,#4301,#4302,#4303,#4304,#4305,#4306,#4307,#4308,#4309,#4310),
.UNSPECIFIED.,.F.,.F.,(4,1,1,1,1,1,1,1,1,1,1,1,1,1,1,4),(0.E0,6.666666666667E-2,
1.333333333333E-1,2.E-1,2.666666666667E-1,3.333333333333E-1,4.E-1,
4.666666666667E-1,5.333333333333E-1,6.E-1,6.666666666667E-1,7.333333333333E-1,
8.E-1,8.666666666667E-1,9.333333333333E-1,1.E0),.UNSPECIFIED.);
#4332=B_SPLINE_CURVE_WITH_KNOTS('4680',3,(#4316,#4317,#4318,#4319,#4320,#4321,
#4322,#4323,#4324,#4325,#4326,#4327,#4328,#4329,#4330,#4331),.UNSPECIFIED.,.F.,
.F.,(4,1,1,1,1,1,1,1,1,1,1,1,1,4),(0.E0,7.692307692308E-2,1.538461538462E-1,
2.307692307692E-1,3.076923076923E-1,3.846153846154E-1,4.615384615385E-1,
5.384615384615E-1,6.153846153846E-1,6.923076923077E-1,7.692307692308E-1,
8.461538461538E-1,9.230769230769E-1,1.E0),.UNSPECIFIED.);
#4341=CIRCLE('4687',#4340,2.5E-1);
#4350=CIRCLE('4694',#4349,1.5E-1);
#4363=CIRCLE('4712',#4362,8.E-2);
#4372=CIRCLE('4716',#4371,8.E-2);
#4377=CIRCLE('4715',#4376,8.E-2);
#4386=CIRCLE('4713',#4385,8.E-2);
#4411=CIRCLE('4720',#4410,8.E-2);
#4428=CIRCLE('4721',#4427,8.E-2);
#4437=CIRCLE('4723',#4436,8.E-2);
#4442=CIRCLE('4724',#4441,8.E-2);
#4531=CIRCLE('4650',#4530,7.E-2);
#4540=CIRCLE('4651',#4539,7.E-2);
#4545=CIRCLE('4625',#4544,3.5E-1);
#4554=CIRCLE('4632',#4553,2.5E-1);
#4597=B_SPLINE_CURVE_WITH_KNOTS('4615',3,(#4591,#4592,#4593,#4594,#4595,#4596),
.UNSPECIFIED.,.F.,.F.,(4,1,1,4),(0.E0,3.333333333333E-1,6.666666666667E-1,1.E0),
.UNSPECIFIED.);
#4608=B_SPLINE_CURVE_WITH_KNOTS('4618',3,(#4602,#4603,#4604,#4605,#4606,#4607),
.UNSPECIFIED.,.F.,.F.,(4,1,1,4),(0.E0,3.333333333333E-1,6.666666666667E-1,1.E0),
.UNSPECIFIED.);
#4629=B_SPLINE_CURVE_WITH_KNOTS('4617',3,(#4613,#4614,#4615,#4616,#4617,#4618,
#4619,#4620,#4621,#4622,#4623,#4624,#4625,#4626,#4627,#4628),.UNSPECIFIED.,.F.,
.F.,(4,1,1,1,1,1,1,1,1,1,1,1,1,4),(0.E0,7.692307692308E-2,1.538461538462E-1,
2.307692307692E-1,3.076923076923E-1,3.846153846154E-1,4.615384615385E-1,
5.384615384615E-1,6.153846153846E-1,6.923076923077E-1,7.692307692308E-1,
8.461538461538E-1,9.230769230769E-1,1.E0),.UNSPECIFIED.);
#4652=B_SPLINE_CURVE_WITH_KNOTS('4620',3,(#4634,#4635,#4636,#4637,#4638,#4639,
#4640,#4641,#4642,#4643,#4644,#4645,#4646,#4647,#4648,#4649,#4650,#4651),
.UNSPECIFIED.,.F.,.F.,(4,1,1,1,1,1,1,1,1,1,1,1,1,1,1,4),(0.E0,6.666666666667E-2,
1.333333333333E-1,2.E-1,2.666666666667E-1,3.333333333333E-1,4.E-1,
4.666666666667E-1,5.333333333333E-1,6.E-1,6.666666666667E-1,7.333333333333E-1,
8.E-1,8.666666666667E-1,9.333333333333E-1,1.E0),.UNSPECIFIED.);
#4661=CIRCLE('4627',#4660,1.5E-1);
#4670=CIRCLE('4634',#4669,2.5E-1);
#4679=CIRCLE('4660',#4678,8.E-2);
#4688=CIRCLE('4664',#4687,8.E-2);
#4693=CIRCLE('4663',#4692,8.E-2);
#4702=CIRCLE('4661',#4701,8.E-2);
#4723=CIRCLE('4652',#4722,8.E-2);
#4740=CIRCLE('4653',#4739,8.E-2);
#4749=CIRCLE('4655',#4748,8.E-2);
#4754=CIRCLE('4656',#4753,8.E-2);
#4847=CIRCLE('4590',#4846,7.E-2);
#4856=CIRCLE('4591',#4855,7.E-2);
#4865=CIRCLE('4565',#4864,2.5E-1);
#4874=CIRCLE('4572',#4873,3.5E-1);
#4885=B_SPLINE_CURVE_WITH_KNOTS('4555',3,(#4879,#4880,#4881,#4882,#4883,#4884),
.UNSPECIFIED.,.F.,.F.,(4,1,1,4),(0.E0,3.333333333333E-1,6.666666666667E-1,1.E0),
.UNSPECIFIED.);
#4896=B_SPLINE_CURVE_WITH_KNOTS('4558',3,(#4890,#4891,#4892,#4893,#4894,#4895),
.UNSPECIFIED.,.F.,.F.,(4,1,1,4),(0.E0,3.333333333333E-1,6.666666666667E-1,1.E0),
.UNSPECIFIED.);
#4951=B_SPLINE_CURVE_WITH_KNOTS('4557',3,(#4933,#4934,#4935,#4936,#4937,#4938,
#4939,#4940,#4941,#4942,#4943,#4944,#4945,#4946,#4947,#4948,#4949,#4950),
.UNSPECIFIED.,.F.,.F.,(4,1,1,1,1,1,1,1,1,1,1,1,1,1,1,4),(0.E0,6.666666666667E-2,
1.333333333333E-1,2.E-1,2.666666666667E-1,3.333333333333E-1,4.E-1,
4.666666666667E-1,5.333333333333E-1,6.E-1,6.666666666667E-1,7.333333333333E-1,
8.E-1,8.666666666667E-1,9.333333333333E-1,1.E0),.UNSPECIFIED.);
#4972=B_SPLINE_CURVE_WITH_KNOTS('4560',3,(#4956,#4957,#4958,#4959,#4960,#4961,
#4962,#4963,#4964,#4965,#4966,#4967,#4968,#4969,#4970,#4971),.UNSPECIFIED.,.F.,
.F.,(4,1,1,1,1,1,1,1,1,1,1,1,1,4),(0.E0,7.692307692308E-2,1.538461538462E-1,
2.307692307692E-1,3.076923076923E-1,3.846153846154E-1,4.615384615385E-1,
5.384615384615E-1,6.153846153846E-1,6.923076923077E-1,7.692307692308E-1,
8.461538461538E-1,9.230769230769E-1,1.E0),.UNSPECIFIED.);
#4981=CIRCLE('4567',#4980,2.5E-1);
#4990=CIRCLE('4574',#4989,1.5E-1);
#5003=CIRCLE('4592',#5002,8.E-2);
#5012=CIRCLE('4596',#5011,8.E-2);
#5017=CIRCLE('4595',#5016,8.E-2);
#5026=CIRCLE('4593',#5025,8.E-2);
#5051=CIRCLE('4600',#5050,8.E-2);
#5068=CIRCLE('4601',#5067,8.E-2);
#5077=CIRCLE('4603',#5076,8.E-2);
#5082=CIRCLE('4604',#5081,8.E-2);
#5203=CIRCLE('4081',#5202,1.3E0);
#5208=CIRCLE('4082',#5207,1.E0);
#5277=CIRCLE('5137',#5276,3.457759390125E-1);
#5282=CIRCLE('5138',#5281,3.457759390125E-1);
#5287=CIRCLE('5250',#5286,3.81E-1);
#5292=CIRCLE('5249',#5291,3.81E-1);
#5297=CIRCLE('5041',#5296,1.719331265347E-1);
#5302=CIRCLE('5042',#5301,1.719331265347E-1);
#5307=CIRCLE('5135',#5306,3.457759390125E-1);
#5312=CIRCLE('5136',#5311,3.457759390125E-1);
#5317=CIRCLE('5248',#5316,3.81E-1);
#5322=CIRCLE('5247',#5321,3.81E-1);
#5327=CIRCLE('5039',#5326,1.719331265347E-1);
#5332=CIRCLE('5040',#5331,1.719331265347E-1);
#5337=CIRCLE('5133',#5336,3.457759390125E-1);
#5342=CIRCLE('5134',#5341,3.457759390125E-1);
#5347=CIRCLE('5246',#5346,3.81E-1);
#5352=CIRCLE('5245',#5351,3.81E-1);
#5357=CIRCLE('5037',#5356,1.719331265347E-1);
#5362=CIRCLE('5038',#5361,1.719331265347E-1);
#5367=CIRCLE('5131',#5366,3.457759390125E-1);
#5372=CIRCLE('5132',#5371,3.457759390125E-1);
#5377=CIRCLE('5244',#5376,3.81E-1);
#5382=CIRCLE('5243',#5381,3.81E-1);
#5387=CIRCLE('5035',#5386,1.719331265347E-1);
#5392=CIRCLE('5036',#5391,1.719331265347E-1);
#6862=EDGE_CURVE('4217',#5403,#5647,#4,.T.);
#6864=EDGE_CURVE('4232',#5640,#5647,#304,.T.);
#6866=EDGE_CURVE('4208',#5639,#5640,#8,.T.);
#6868=EDGE_CURVE('4228',#5639,#5643,#690,.T.);
#6870=EDGE_CURVE('4218',#5643,#5563,#12,.T.);
#6872=EDGE_CURVE('4172',#5559,#5563,#678,.T.);
#6874=EDGE_CURVE('4160',#5559,#5560,#16,.T.);
#6876=EDGE_CURVE('4176',#5560,#5567,#650,.T.);
#6878=EDGE_CURVE('4189',#5567,#5603,#20,.T.);
#6880=EDGE_CURVE('4200',#5599,#5603,#638,.T.);
#6882=EDGE_CURVE('4180',#5599,#5600,#24,.T.);
#6884=EDGE_CURVE('4204',#5600,#5607,#610,.T.);
#6886=EDGE_CURVE('4190',#5607,#5396,#28,.T.);
#6888=EDGE_CURVE('4049',#5395,#5396,#598,.T.);
#6890=EDGE_CURVE('4131',#5395,#5519,#32,.T.);
#6892=EDGE_CURVE('4139',#5519,#5508,#585,.T.);
#6894=EDGE_CURVE('4125',#5507,#5508,#569,.T.);
#6896=EDGE_CURVE('4137',#5515,#5507,#553,.T.);
#6898=EDGE_CURVE('4132',#5515,#5400,#36,.T.);
#6900=EDGE_CURVE('4050',#5399,#5400,#541,.T.);
#6902=EDGE_CURVE('4191',#5399,#5615,#40,.T.);
#6904=EDGE_CURVE('4201',#5615,#5588,#528,.T.);
#6906=EDGE_CURVE('4177',#5587,#5588,#512,.T.);
#6908=EDGE_CURVE('4197',#5611,#5587,#496,.T.);
#6910=EDGE_CURVE('4192',#5611,#5575,#44,.T.);
#6912=EDGE_CURVE('4173',#5575,#5548,#484,.T.);
#6914=EDGE_CURVE('4157',#5547,#5548,#468,.T.);
#6916=EDGE_CURVE('4169',#5571,#5547,#452,.T.);
#6918=EDGE_CURVE('4219',#5571,#5651,#48,.T.);
#6920=EDGE_CURVE('4225',#5651,#5627,#440,.T.);
#6922=EDGE_CURVE('4205',#5627,#5628,#424,.T.);
#6924=EDGE_CURVE('4229',#5655,#5628,#408,.T.);
#6926=EDGE_CURVE('4220',#5655,#5408,#52,.T.);
#6928=EDGE_CURVE('4052',#5407,#5408,#396,.T.);
#6930=EDGE_CURVE('4147',#5407,#5535,#56,.T.);
#6932=EDGE_CURVE('4153',#5535,#5527,#383,.T.);
#6934=EDGE_CURVE('4141',#5527,#5528,#367,.T.);
#6936=EDGE_CURVE('4155',#5539,#5528,#351,.T.);
#6938=EDGE_CURVE('4148',#5539,#5404,#60,.T.);
#6940=EDGE_CURVE('4051',#5403,#5404,#339,.T.);
#6944=EDGE_CURVE('5137',#6855,#6856,#5277,.T.);
#6946=EDGE_CURVE('5138',#6856,#6855,#5282,.T.);
#6950=EDGE_CURVE('5135',#6851,#6852,#5307,.T.);
#6952=EDGE_CURVE('5136',#6852,#6851,#5312,.T.);
#6956=EDGE_CURVE('5133',#6847,#6848,#5337,.T.);
#6958=EDGE_CURVE('5134',#6848,#6847,#5342,.T.);
#6962=EDGE_CURVE('5131',#6843,#6844,#5367,.T.);
#6964=EDGE_CURVE('5132',#6844,#6843,#5372,.T.);
#6968=EDGE_CURVE('5141',#5675,#6627,#64,.T.);
#6970=EDGE_CURVE('5261',#6627,#6615,#68,.T.);
#6972=EDGE_CURVE('5139',#5676,#6615,#72,.T.);
#6974=EDGE_CURVE('4235',#5675,#5676,#76,.T.);
#6978=EDGE_CURVE('5140',#6611,#5680,#80,.T.);
#6980=EDGE_CURVE('5254',#6611,#6623,#84,.T.);
#6982=EDGE_CURVE('5142',#6623,#5679,#88,.T.);
#6984=EDGE_CURVE('4236',#5679,#5680,#92,.T.);
#6988=EDGE_CURVE('5149',#5883,#6651,#96,.T.);
#6990=EDGE_CURVE('5262',#6651,#6639,#100,.T.);
#6992=EDGE_CURVE('5147',#5884,#6639,#104,.T.);
#6994=EDGE_CURVE('4433',#5883,#5884,#108,.T.);
#6998=EDGE_CURVE('5148',#6635,#5888,#112,.T.);
#7000=EDGE_CURVE('5253',#6635,#6647,#116,.T.);
#7002=EDGE_CURVE('5150',#6647,#5887,#120,.T.);
#7004=EDGE_CURVE('4434',#5887,#5888,#124,.T.);
#7008=EDGE_CURVE('5159',#5923,#6675,#128,.T.);
#7010=EDGE_CURVE('5263',#6675,#6663,#132,.T.);
#7012=EDGE_CURVE('5157',#5924,#6663,#136,.T.);
#7014=EDGE_CURVE('4455',#5923,#5924,#140,.T.);
#7018=EDGE_CURVE('5158',#6659,#5928,#144,.T.);
#7020=EDGE_CURVE('5252',#6659,#6671,#148,.T.);
#7022=EDGE_CURVE('5160',#6671,#5927,#152,.T.);
#7024=EDGE_CURVE('4456',#5927,#5928,#156,.T.);
#7028=EDGE_CURVE('5163',#5931,#6699,#160,.T.);
#7030=EDGE_CURVE('5264',#6699,#6687,#164,.T.);
#7032=EDGE_CURVE('5161',#5932,#6687,#168,.T.);
#7034=EDGE_CURVE('4457',#5931,#5932,#172,.T.);
#7038=EDGE_CURVE('5162',#6683,#5936,#176,.T.);
#7040=EDGE_CURVE('5251',#6683,#6695,#180,.T.);
#7042=EDGE_CURVE('5164',#6695,#5935,#184,.T.);
#7044=EDGE_CURVE('4458',#5935,#5936,#188,.T.);
#7048=EDGE_CURVE('5179',#5980,#6711,#192,.T.);
#7050=EDGE_CURVE('5260',#6711,#6723,#196,.T.);
#7052=EDGE_CURVE('5181',#5979,#6723,#200,.T.);
#7054=EDGE_CURVE('4495',#5979,#5980,#204,.T.);
#7058=EDGE_CURVE('5182',#6719,#5983,#208,.T.);
#7060=EDGE_CURVE('5255',#6719,#6707,#212,.T.);
#7062=EDGE_CURVE('5180',#6707,#5984,#216,.T.);
#7064=EDGE_CURVE('4496',#5983,#5984,#220,.T.);
#7068=EDGE_CURVE('5189',#6020,#6735,#224,.T.);
#7070=EDGE_CURVE('5259',#6735,#6747,#228,.T.);
#7072=EDGE_CURVE('5191',#6019,#6747,#232,.T.);
#7074=EDGE_CURVE('4517',#6019,#6020,#236,.T.);
#7078=EDGE_CURVE('5192',#6743,#6023,#240,.T.);
#7080=EDGE_CURVE('5256',#6743,#6731,#244,.T.);
#7082=EDGE_CURVE('5190',#6731,#6024,#248,.T.);
#7084=EDGE_CURVE('4518',#6023,#6024,#252,.T.);
#7088=EDGE_CURVE('5193',#6028,#6759,#256,.T.);
#7090=EDGE_CURVE('5258',#6759,#6771,#260,.T.);
#7092=EDGE_CURVE('5195',#6027,#6771,#264,.T.);
#7094=EDGE_CURVE('4519',#6027,#6028,#268,.T.);
#7098=EDGE_CURVE('5196',#6767,#6031,#272,.T.);
#7100=EDGE_CURVE('5257',#6767,#6755,#276,.T.);
#7102=EDGE_CURVE('5194',#6755,#6032,#280,.T.);
#7104=EDGE_CURVE('4520',#6031,#6032,#284,.T.);
#7114=EDGE_CURVE('4210',#5647,#5648,#288,.T.);
#7117=EDGE_CURVE('4089',#5444,#5403,#334,.T.);
#7119=EDGE_CURVE('4221',#5444,#5648,#312,.T.);
#7130=EDGE_CURVE('4214',#5660,#5648,#308,.T.);
#7132=EDGE_CURVE('4231',#5660,#5636,#292,.T.);
#7134=EDGE_CURVE('4356',#5636,#5779,#296,.T.);
#7136=EDGE_CURVE('4301',#5779,#5780,#718,.T.);
#7138=EDGE_CURVE('4358',#5780,#5640,#300,.T.);
#7151=EDGE_CURVE('4075',#5444,#5448,#330,.T.);
#7153=EDGE_CURVE('4427',#5448,#5660,#316,.T.);
#7163=EDGE_CURVE('4073',#5443,#5444,#321,.T.);
#7165=EDGE_CURVE('4076',#5447,#5443,#782,.T.);
#7167=EDGE_CURVE('4074',#5447,#5448,#326,.T.);
#7180=EDGE_CURVE('4090',#5443,#5404,#343,.T.);
#7191=EDGE_CURVE('4144',#5539,#5540,#347,.T.);
#7193=EDGE_CURVE('4152',#5540,#5443,#786,.T.);
#7207=EDGE_CURVE('4355',#5528,#5774,#355,.T.);
#7209=EDGE_CURVE('4297',#5774,#5770,#802,.T.);
#7211=EDGE_CURVE('4354',#5770,#5532,#359,.T.);
#7213=EDGE_CURVE('4156',#5532,#5544,#363,.T.);
#7215=EDGE_CURVE('4146',#5544,#5540,#774,.T.);
#7225=EDGE_CURVE('4352',#5527,#5763,#379,.T.);
#7227=EDGE_CURVE('4293',#5763,#5767,#830,.T.);
#7229=EDGE_CURVE('4351',#5767,#5776,#818,.T.);
#7231=EDGE_CURVE('4300',#5774,#5776,#806,.T.);
#7243=EDGE_CURVE('4143',#5535,#5536,#387,.T.);
#7245=EDGE_CURVE('4145',#5542,#5536,#834,.T.);
#7247=EDGE_CURVE('4154',#5531,#5542,#371,.T.);
#7249=EDGE_CURVE('4353',#5764,#5531,#375,.T.);
#7251=EDGE_CURVE('4291',#5763,#5764,#822,.T.);
#7265=EDGE_CURVE('4091',#5452,#5407,#391,.T.);
#7267=EDGE_CURVE('4151',#5452,#5536,#838,.T.);
#7279=EDGE_CURVE('4092',#5451,#5408,#400,.T.);
#7281=EDGE_CURVE('4077',#5451,#5452,#847,.T.);
#7291=EDGE_CURVE('4212',#5655,#5656,#404,.T.);
#7293=EDGE_CURVE('4224',#5656,#5451,#872,.T.);
#7307=EDGE_CURVE('4349',#5628,#5756,#412,.T.);
#7309=EDGE_CURVE('4287',#5756,#5758,#892,.T.);
#7311=EDGE_CURVE('4350',#5758,#5632,#416,.T.);
#7313=EDGE_CURVE('4230',#5632,#5664,#420,.T.);
#7315=EDGE_CURVE('4216',#5664,#5656,#860,.T.);
#7325=EDGE_CURVE('4348',#5627,#5747,#436,.T.);
#7327=EDGE_CURVE('4285',#5747,#5756,#912,.T.);
#7339=EDGE_CURVE('4211',#5651,#5652,#444,.T.);
#7341=EDGE_CURVE('4215',#5662,#5652,#948,.T.);
#7343=EDGE_CURVE('4226',#5631,#5662,#428,.T.);
#7345=EDGE_CURVE('4346',#5748,#5631,#432,.T.);
#7347=EDGE_CURVE('4281',#5747,#5748,#920,.T.);
#7361=EDGE_CURVE('4163',#5571,#5572,#448,.T.);
#7363=EDGE_CURVE('4223',#5572,#5652,#952,.T.);
#7375=EDGE_CURVE('4344',#5547,#5740,#456,.T.);
#7377=EDGE_CURVE('4277',#5740,#5742,#968,.T.);
#7379=EDGE_CURVE('4345',#5742,#5551,#460,.T.);
#7381=EDGE_CURVE('4170',#5551,#5582,#464,.T.);
#7383=EDGE_CURVE('4167',#5582,#5572,#956,.T.);
#7395=EDGE_CURVE('4343',#5548,#5731,#480,.T.);
#7397=EDGE_CURVE('4275',#5740,#5731,#988,.T.);
#7407=EDGE_CURVE('4164',#5575,#5576,#492,.T.);
#7409=EDGE_CURVE('4168',#5584,#5576,#1016,.T.);
#7411=EDGE_CURVE('4174',#5552,#5584,#472,.T.);
#7413=EDGE_CURVE('4341',#5732,#5552,#476,.T.);
#7415=EDGE_CURVE('4271',#5731,#5732,#996,.T.);
#7427=EDGE_CURVE('4183',#5611,#5612,#488,.T.);
#7429=EDGE_CURVE('4196',#5612,#5576,#1020,.T.);
#7443=EDGE_CURVE('4339',#5587,#5724,#500,.T.);
#7445=EDGE_CURVE('4267',#5724,#5726,#1040,.T.);
#7447=EDGE_CURVE('4340',#5726,#5591,#504,.T.);
#7449=EDGE_CURVE('4198',#5591,#5622,#508,.T.);
#7451=EDGE_CURVE('4187',#5622,#5612,#1008,.T.);
#7463=EDGE_CURVE('4338',#5588,#5715,#524,.T.);
#7465=EDGE_CURVE('4265',#5724,#5715,#1060,.T.);
#7475=EDGE_CURVE('4184',#5615,#5616,#532,.T.);
#7477=EDGE_CURVE('4188',#5624,#5616,#5190,.T.);
#7479=EDGE_CURVE('4202',#5592,#5624,#516,.T.);
#7481=EDGE_CURVE('4336',#5716,#5592,#520,.T.);
#7483=EDGE_CURVE('4261',#5715,#5716,#1068,.T.);
#7497=EDGE_CURVE('4093',#5460,#5399,#536,.T.);
#7499=EDGE_CURVE('4195',#5460,#5616,#5194,.T.);
#7511=EDGE_CURVE('4094',#5459,#5400,#545,.T.);
#7513=EDGE_CURVE('4081',#5459,#5460,#5203,.T.);
#7523=EDGE_CURVE('4127',#5515,#5516,#549,.T.);
#7525=EDGE_CURVE('4136',#5516,#5459,#5228,.T.);
#7539=EDGE_CURVE('4331',#5507,#5699,#557,.T.);
#7541=EDGE_CURVE('4251',#5699,#5700,#5244,.T.);
#7543=EDGE_CURVE('4333',#5700,#5511,#561,.T.);
#7545=EDGE_CURVE('4138',#5511,#5522,#565,.T.);
#7547=EDGE_CURVE('4129',#5522,#5516,#5216,.T.);
#7559=EDGE_CURVE('4335',#5508,#5710,#581,.T.);
#7561=EDGE_CURVE('4260',#5710,#5712,#5272,.T.);
#7563=EDGE_CURVE('4332',#5703,#5712,#5256,.T.);
#7565=EDGE_CURVE('4253',#5699,#5703,#5248,.T.);
#7575=EDGE_CURVE('4128',#5519,#5520,#589,.T.);
#7577=EDGE_CURVE('4130',#5524,#5520,#1126,.T.);
#7579=EDGE_CURVE('4140',#5512,#5524,#573,.T.);
#7581=EDGE_CURVE('4334',#5706,#5512,#577,.T.);
#7583=EDGE_CURVE('4257',#5710,#5706,#5260,.T.);
#7597=EDGE_CURVE('4095',#5468,#5395,#593,.T.);
#7599=EDGE_CURVE('4135',#5468,#5520,#1130,.T.);
#7611=EDGE_CURVE('4096',#5467,#5396,#602,.T.);
#7613=EDGE_CURVE('4085',#5467,#5468,#1109,.T.);
#7623=EDGE_CURVE('4182',#5607,#5608,#606,.T.);
#7625=EDGE_CURVE('4194',#5608,#5467,#1104,.T.);
#7639=EDGE_CURVE('4369',#5818,#5600,#614,.T.);
#7641=EDGE_CURVE('4327',#5822,#5818,#1150,.T.);
#7643=EDGE_CURVE('4370',#5596,#5822,#618,.T.);
#7645=EDGE_CURVE('4203',#5620,#5596,#622,.T.);
#7647=EDGE_CURVE('4186',#5620,#5608,#1096,.T.);
#7657=EDGE_CURVE('4368',#5812,#5599,#634,.T.);
#7659=EDGE_CURVE('4324',#5812,#5818,#1166,.T.);
#7671=EDGE_CURVE('4181',#5603,#5604,#642,.T.);
#7673=EDGE_CURVE('4185',#5618,#5604,#5126,.T.);
#7675=EDGE_CURVE('4199',#5618,#5595,#626,.T.);
#7677=EDGE_CURVE('4366',#5595,#5811,#630,.T.);
#7679=EDGE_CURVE('4321',#5811,#5812,#1178,.T.);
#7693=EDGE_CURVE('4162',#5567,#5568,#646,.T.);
#7695=EDGE_CURVE('4193',#5568,#5604,#5130,.T.);
#7707=EDGE_CURVE('4364',#5802,#5560,#654,.T.);
#7709=EDGE_CURVE('4317',#5806,#5802,#5146,.T.);
#7711=EDGE_CURVE('4365',#5556,#5806,#658,.T.);
#7713=EDGE_CURVE('4175',#5580,#5556,#662,.T.);
#7715=EDGE_CURVE('4166',#5580,#5568,#5134,.T.);
#7725=EDGE_CURVE('4363',#5796,#5559,#674,.T.);
#7727=EDGE_CURVE('4314',#5796,#5802,#5162,.T.);
#7739=EDGE_CURVE('4161',#5563,#5564,#686,.T.);
#7741=EDGE_CURVE('4165',#5578,#5564,#1214,.T.);
#7743=EDGE_CURVE('4171',#5578,#5555,#666,.T.);
#7745=EDGE_CURVE('4361',#5555,#5795,#670,.T.);
#7747=EDGE_CURVE('4311',#5795,#5796,#5174,.T.);
#7759=EDGE_CURVE('4209',#5643,#5644,#682,.T.);
#7761=EDGE_CURVE('4222',#5644,#5564,#1218,.T.);
#7775=EDGE_CURVE('4359',#5786,#5639,#694,.T.);
#7777=EDGE_CURVE('4307',#5790,#5786,#734,.T.);
#7779=EDGE_CURVE('4360',#5635,#5790,#698,.T.);
#7781=EDGE_CURVE('4227',#5658,#5635,#702,.T.);
#7783=EDGE_CURVE('4213',#5658,#5644,#1206,.T.);
#7796=EDGE_CURVE('4304',#5786,#5780,#706,.T.);
#7807=EDGE_CURVE('4306',#5780,#5784,#710,.T.);
#7809=EDGE_CURVE('4305',#5788,#5784,#714,.T.);
#7811=EDGE_CURVE('4309',#5786,#5788,#738,.T.);
#7822=EDGE_CURVE('4303',#5779,#5783,#722,.T.);
#7824=EDGE_CURVE('4302',#5783,#5784,#726,.T.);
#7836=EDGE_CURVE('4310',#5790,#5792,#746,.T.);
#7838=EDGE_CURVE('4357',#5792,#5783,#750,.T.);
#7842=EDGE_CURVE('4207',#5635,#5636,#730,.T.);
#7854=EDGE_CURVE('4308',#5792,#5788,#742,.T.);
#7880=EDGE_CURVE('4421',#5658,#5660,#754,.T.);
#7891=EDGE_CURVE('4424',#5660,#5860,#758,.T.);
#7893=EDGE_CURVE('4395',#5864,#5860,#1314,.T.);
#7895=EDGE_CURVE('4426',#5658,#5864,#1222,.T.);
#7906=EDGE_CURVE('4389',#5660,#5850,#770,.T.);
#7908=EDGE_CURVE('4401',#5850,#5859,#2480,.T.);
#7910=EDGE_CURVE('4393',#5859,#5860,#1318,.T.);
#7922=EDGE_CURVE('4150',#5544,#5447,#778,.T.);
#7925=EDGE_CURVE('4142',#5531,#5532,#762,.T.);
#7928=EDGE_CURVE('4149',#5456,#5542,#842,.T.);
#7930=EDGE_CURVE('4078',#5455,#5456,#852,.T.);
#7932=EDGE_CURVE('4428',#5664,#5455,#864,.T.);
#7934=EDGE_CURVE('4390',#5852,#5664,#766,.T.);
#7936=EDGE_CURVE('4404',#5852,#5480,#2530,.T.);
#7938=EDGE_CURVE('4098',#5479,#5480,#2514,.T.);
#7940=EDGE_CURVE('4100',#5479,#5482,#2496,.T.);
#7942=EDGE_CURVE('4104',#5488,#5482,#2472,.T.);
#7944=EDGE_CURVE('4407',#5488,#5850,#2484,.T.);
#7970=EDGE_CURVE('4294',#5764,#5770,#790,.T.);
#7981=EDGE_CURVE('4299',#5770,#5772,#814,.T.);
#7983=EDGE_CURVE('4295',#5768,#5772,#794,.T.);
#7985=EDGE_CURVE('4296',#5764,#5768,#798,.T.);
#7997=EDGE_CURVE('4298',#5776,#5772,#810,.T.);
#8008=EDGE_CURVE('4292',#5767,#5768,#826,.T.);
#8035=EDGE_CURVE('4079',#5452,#5456,#856,.T.);
#8047=EDGE_CURVE('4080',#5455,#5451,#868,.T.);
#8071=EDGE_CURVE('4423',#5868,#5664,#876,.T.);
#8073=EDGE_CURVE('4396',#5867,#5868,#1486,.T.);
#8075=EDGE_CURVE('4399',#5852,#5867,#2522,.T.);
#8086=EDGE_CURVE('4422',#5662,#5664,#880,.T.);
#8088=EDGE_CURVE('4425',#5872,#5662,#932,.T.);
#8090=EDGE_CURVE('4398',#5872,#5868,#1490,.T.);
#8104=EDGE_CURVE('4206',#5631,#5632,#884,.T.);
#8117=EDGE_CURVE('4290',#5758,#5760,#904,.T.);
#8119=EDGE_CURVE('4347',#5752,#5760,#888,.T.);
#8121=EDGE_CURVE('4283',#5748,#5752,#924,.T.);
#8132=EDGE_CURVE('4289',#5756,#5754,#896,.T.);
#8134=EDGE_CURVE('4288',#5754,#5760,#900,.T.);
#8145=EDGE_CURVE('4284',#5751,#5754,#908,.T.);
#8149=EDGE_CURVE('4286',#5751,#5747,#916,.T.);
#8159=EDGE_CURVE('4282',#5751,#5752,#928,.T.);
#8185=EDGE_CURVE('4392',#5856,#5662,#944,.T.);
#8187=EDGE_CURVE('4400',#5856,#5871,#2534,.T.);
#8189=EDGE_CURVE('4397',#5871,#5872,#1494,.T.);
#8199=EDGE_CURVE('4430',#5582,#5662,#960,.T.);
#8202=EDGE_CURVE('4158',#5551,#5552,#936,.T.);
#8205=EDGE_CURVE('4420',#5622,#5584,#1012,.T.);
#8207=EDGE_CURVE('4374',#5832,#5622,#940,.T.);
#8209=EDGE_CURVE('4403',#5832,#5856,#2538,.T.);
#8233=EDGE_CURVE('4280',#5742,#5744,#980,.T.);
#8235=EDGE_CURVE('4342',#5744,#5736,#964,.T.);
#8237=EDGE_CURVE('4273',#5732,#5736,#1000,.T.);
#8250=EDGE_CURVE('4279',#5740,#5738,#972,.T.);
#8252=EDGE_CURVE('4278',#5738,#5744,#976,.T.);
#8263=EDGE_CURVE('4274',#5738,#5735,#984,.T.);
#8267=EDGE_CURVE('4276',#5735,#5731,#992,.T.);
#8279=EDGE_CURVE('4272',#5735,#5736,#1004,.T.);
#8314=EDGE_CURVE('4417',#5848,#5622,#1024,.T.);
#8316=EDGE_CURVE('4379',#5847,#5848,#1498,.T.);
#8318=EDGE_CURVE('4382',#5832,#5847,#2542,.T.);
#8329=EDGE_CURVE('4412',#5622,#5624,#1028,.T.);
#8331=EDGE_CURVE('4415',#5844,#5624,#1080,.T.);
#8333=EDGE_CURVE('4380',#5848,#5844,#1502,.T.);
#8345=EDGE_CURVE('4178',#5591,#5592,#1032,.T.);
#8358=EDGE_CURVE('4270',#5726,#5728,#1052,.T.);
#8360=EDGE_CURVE('4337',#5728,#5720,#1036,.T.);
#8362=EDGE_CURVE('4263',#5716,#5720,#1072,.T.);
#8375=EDGE_CURVE('4269',#5724,#5722,#1044,.T.);
#8377=EDGE_CURVE('4268',#5722,#5728,#1048,.T.);
#8388=EDGE_CURVE('4264',#5722,#5719,#1056,.T.);
#8392=EDGE_CURVE('4266',#5719,#5715,#1064,.T.);
#8404=EDGE_CURVE('4262',#5719,#5720,#1076,.T.);
#8428=EDGE_CURVE('4372',#5828,#5624,#1088,.T.);
#8430=EDGE_CURVE('4381',#5828,#5843,#1943,.T.);
#8432=EDGE_CURVE('4378',#5843,#5844,#1506,.T.);
#8442=EDGE_CURVE('4413',#5620,#5471,#1100,.T.);
#8444=EDGE_CURVE('4371',#5620,#5826,#1084,.T.);
#8446=EDGE_CURVE('4387',#5826,#5496,#2333,.T.);
#8448=EDGE_CURVE('4108',#5495,#5496,#1973,.T.);
#8450=EDGE_CURVE('4110',#5495,#5498,#1955,.T.);
#8452=EDGE_CURVE('4114',#5504,#5498,#1935,.T.);
#8454=EDGE_CURVE('4385',#5504,#5828,#1947,.T.);
#8457=EDGE_CURVE('4414',#5464,#5624,#5198,.T.);
#8459=EDGE_CURVE('4082',#5463,#5464,#5208,.T.);
#8461=EDGE_CURVE('4134',#5522,#5463,#5220,.T.);
#8464=EDGE_CURVE('4126',#5511,#5512,#1092,.T.);
#8467=EDGE_CURVE('4133',#5472,#5524,#1134,.T.);
#8469=EDGE_CURVE('4086',#5471,#5472,#1118,.T.);
#8481=EDGE_CURVE('4088',#5467,#5471,#1113,.T.);
#8495=EDGE_CURVE('4087',#5468,#5472,#1122,.T.);
#8517=EDGE_CURVE('4416',#5620,#5836,#1138,.T.);
#8519=EDGE_CURVE('4375',#5835,#5836,#1298,.T.);
#8521=EDGE_CURVE('4383',#5826,#5835,#2325,.T.);
#8532=EDGE_CURVE('4411',#5618,#5620,#1142,.T.);
#8534=EDGE_CURVE('4418',#5618,#5840,#1194,.T.);
#8536=EDGE_CURVE('4377',#5840,#5836,#1302,.T.);
#8550=EDGE_CURVE('4179',#5595,#5596,#1146,.T.);
#8563=EDGE_CURVE('4330',#5822,#5824,#1162,.T.);
#8565=EDGE_CURVE('4367',#5815,#5824,#1190,.T.);
#8567=EDGE_CURVE('4323',#5811,#5815,#1182,.T.);
#8578=EDGE_CURVE('4329',#5818,#5820,#1154,.T.);
#8580=EDGE_CURVE('4328',#5824,#5820,#1158,.T.);
#8592=EDGE_CURVE('4326',#5812,#5816,#1170,.T.);
#8594=EDGE_CURVE('4325',#5816,#5820,#1174,.T.);
#8607=EDGE_CURVE('4322',#5815,#5816,#1186,.T.);
#8631=EDGE_CURVE('4373',#5618,#5830,#1202,.T.);
#8633=EDGE_CURVE('4384',#5830,#5839,#5118,.T.);
#8635=EDGE_CURVE('4376',#5839,#5840,#1306,.T.);
#8645=EDGE_CURVE('4429',#5658,#5578,#1210,.T.);
#8647=EDGE_CURVE('4391',#5658,#5854,#1198,.T.);
#8649=EDGE_CURVE('4408',#5854,#5830,#5122,.T.);
#8652=EDGE_CURVE('4419',#5580,#5618,#5138,.T.);
#8655=EDGE_CURVE('4159',#5555,#5556,#5142,.T.);
#8679=EDGE_CURVE('4394',#5863,#5864,#1310,.T.);
#8681=EDGE_CURVE('4402',#5854,#5863,#5110,.T.);
#8692=EDGE_CURVE('4521',#6035,#6036,#1226,.T.);
#8694=EDGE_CURVE('4523',#6040,#6036,#1230,.T.);
#8696=EDGE_CURVE('4522',#6039,#6040,#1234,.T.);
#8698=EDGE_CURVE('4536',#5987,#6039,#2292,.T.);
#8700=EDGE_CURVE('4497',#5987,#5988,#1238,.T.);
#8702=EDGE_CURVE('4499',#5992,#5988,#1242,.T.);
#8704=EDGE_CURVE('4498',#5991,#5992,#1246,.T.);
#8706=EDGE_CURVE('4504',#5687,#5991,#2238,.T.);
#8708=EDGE_CURVE('4238',#5687,#5688,#1250,.T.);
#8710=EDGE_CURVE('4239',#5688,#5684,#1254,.T.);
#8712=EDGE_CURVE('4237',#5683,#5684,#1258,.T.);
#8714=EDGE_CURVE('4442',#5895,#5683,#2188,.T.);
#8716=EDGE_CURVE('4436',#5895,#5896,#1262,.T.);
#8718=EDGE_CURVE('4437',#5896,#5892,#1266,.T.);
#8720=EDGE_CURVE('4435',#5891,#5892,#1270,.T.);
#8722=EDGE_CURVE('4476',#5943,#5891,#2134,.T.);
#8724=EDGE_CURVE('4460',#5943,#5944,#1274,.T.);
#8726=EDGE_CURVE('4461',#5944,#5940,#1278,.T.);
#8728=EDGE_CURVE('4459',#5939,#5940,#1282,.T.);
#8730=EDGE_CURVE('4475',#5951,#5939,#2080,.T.);
#8732=EDGE_CURVE('4463',#5951,#5952,#1286,.T.);
#8734=EDGE_CURVE('4464',#5952,#5948,#1290,.T.);
#8736=EDGE_CURVE('4462',#5947,#5948,#1294,.T.);
#8738=EDGE_CURVE('4474',#5432,#5947,#2026,.T.);
#8740=EDGE_CURVE('4121',#5492,#5432,#1985,.T.);
#8742=EDGE_CURVE('4388',#5835,#5492,#2329,.T.);
#8747=EDGE_CURVE('4410',#5863,#5839,#5114,.T.);
#8752=EDGE_CURVE('4409',#5486,#5859,#2492,.T.);
#8754=EDGE_CURVE('4120',#5486,#5424,#2458,.T.);
#8756=EDGE_CURVE('4538',#6043,#5424,#2396,.T.);
#8758=EDGE_CURVE('4524',#6043,#6044,#1322,.T.);
#8760=EDGE_CURVE('4526',#6048,#6044,#1326,.T.);
#8762=EDGE_CURVE('4525',#6047,#6048,#1330,.T.);
#8764=EDGE_CURVE('4537',#6035,#6047,#2446,.T.);
#8774=EDGE_CURVE('5084',#6735,#6736,#1334,.T.);
#8777=EDGE_CURVE('4540',#6003,#6020,#1338,.T.);
#8779=EDGE_CURVE('4539',#6036,#6003,#1342,.T.);
#8782=EDGE_CURVE('5201',#6738,#6035,#1347,.T.);
#8784=EDGE_CURVE('5085',#6736,#6738,#1351,.T.);
#8795=EDGE_CURVE('5273',#6736,#6748,#1403,.T.);
#8797=EDGE_CURVE('5088',#6747,#6748,#2300,.T.);
#8808=EDGE_CURVE('5205',#5412,#6764,#1411,.T.);
#8810=EDGE_CURVE('5094',#6764,#6756,#1428,.T.);
#8812=EDGE_CURVE('5271',#6768,#6756,#1355,.T.);
#8814=EDGE_CURVE('5098',#6776,#6768,#1462,.T.);
#8816=EDGE_CURVE('5206',#6776,#6740,#2337,.T.);
#8818=EDGE_CURVE('5086',#6740,#6732,#1582,.T.);
#8820=EDGE_CURVE('5270',#6744,#6732,#1359,.T.);
#8822=EDGE_CURVE('5090',#6752,#6744,#1616,.T.);
#8824=EDGE_CURVE('5207',#6752,#6716,#1624,.T.);
#8826=EDGE_CURVE('5078',#6716,#6708,#1636,.T.);
#8828=EDGE_CURVE('5269',#6720,#6708,#1363,.T.);
#8830=EDGE_CURVE('5082',#6728,#6720,#1670,.T.);
#8832=EDGE_CURVE('5187',#6728,#6632,#1678,.T.);
#8834=EDGE_CURVE('5050',#6632,#6624,#1690,.T.);
#8836=EDGE_CURVE('5268',#6612,#6624,#1367,.T.);
#8838=EDGE_CURVE('5046',#6620,#6612,#1724,.T.);
#8840=EDGE_CURVE('5155',#6620,#6656,#1736,.T.);
#8842=EDGE_CURVE('5058',#6656,#6648,#1744,.T.);
#8844=EDGE_CURVE('5267',#6636,#6648,#1371,.T.);
#8846=EDGE_CURVE('5054',#6644,#6636,#1778,.T.);
#8848=EDGE_CURVE('5173',#6644,#6680,#1790,.T.);
#8850=EDGE_CURVE('5066',#6680,#6672,#1798,.T.);
#8852=EDGE_CURVE('5266',#6660,#6672,#1375,.T.);
#8854=EDGE_CURVE('5062',#6668,#6660,#1832,.T.);
#8856=EDGE_CURVE('5174',#6668,#6704,#1844,.T.);
#8858=EDGE_CURVE('5074',#6704,#6696,#1852,.T.);
#8860=EDGE_CURVE('5265',#6684,#6696,#1379,.T.);
#8862=EDGE_CURVE('5070',#6692,#6684,#1886,.T.);
#8864=EDGE_CURVE('5175',#6692,#5438,#1898,.T.);
#8866=EDGE_CURVE('4063',#5438,#5434,#1903,.T.);
#8868=EDGE_CURVE('4061',#5434,#5427,#2004,.T.);
#8870=EDGE_CURVE('4059',#5427,#5428,#1990,.T.);
#8872=EDGE_CURVE('5176',#5428,#6690,#2017,.T.);
#8874=EDGE_CURVE('5069',#6688,#6690,#2034,.T.);
#8876=EDGE_CURVE('5278',#6700,#6688,#1383,.T.);
#8878=EDGE_CURVE('5073',#6700,#6702,#2068,.T.);
#8880=EDGE_CURVE('5177',#6702,#6666,#2076,.T.);
#8882=EDGE_CURVE('5061',#6664,#6666,#2088,.T.);
#8884=EDGE_CURVE('5277',#6676,#6664,#1387,.T.);
#8886=EDGE_CURVE('5065',#6676,#6678,#2122,.T.);
#8888=EDGE_CURVE('5178',#6678,#6642,#2130,.T.);
#8890=EDGE_CURVE('5053',#6640,#6642,#2142,.T.);
#8892=EDGE_CURVE('5276',#6652,#6640,#1391,.T.);
#8894=EDGE_CURVE('5057',#6652,#6654,#2176,.T.);
#8896=EDGE_CURVE('5156',#6654,#6618,#2184,.T.);
#8898=EDGE_CURVE('5045',#6616,#6618,#2196,.T.);
#8900=EDGE_CURVE('5275',#6628,#6616,#1395,.T.);
#8902=EDGE_CURVE('5049',#6628,#6630,#2230,.T.);
#8904=EDGE_CURVE('5188',#6630,#6726,#2242,.T.);
#8906=EDGE_CURVE('5081',#6724,#6726,#2250,.T.);
#8908=EDGE_CURVE('5274',#6712,#6724,#1399,.T.);
#8910=EDGE_CURVE('5077',#6712,#6714,#2284,.T.);
#8912=EDGE_CURVE('5208',#6714,#6750,#2296,.T.);
#8914=EDGE_CURVE('5089',#6748,#6750,#2304,.T.);
#8918=EDGE_CURVE('5209',#6738,#6774,#2450,.T.);
#8920=EDGE_CURVE('5097',#6772,#6774,#2429,.T.);
#8922=EDGE_CURVE('5272',#6760,#6772,#1407,.T.);
#8924=EDGE_CURVE('5093',#6760,#6762,#2421,.T.);
#8926=EDGE_CURVE('5210',#6762,#5422,#2400,.T.);
#8928=EDGE_CURVE('4057',#5422,#5418,#2382,.T.);
#8930=EDGE_CURVE('4055',#5418,#5411,#2368,.T.);
#8932=EDGE_CURVE('4053',#5411,#5412,#2354,.T.);
#8936=EDGE_CURVE('5125',#6835,#6836,#2550,.T.);
#8938=EDGE_CURVE('5130',#6835,#6839,#2598,.T.);
#8940=EDGE_CURVE('5126',#6839,#6840,#2578,.T.);
#8942=EDGE_CURVE('5129',#6836,#6840,#2570,.T.);
#8946=EDGE_CURVE('5123',#6827,#6828,#2870,.T.);
#8948=EDGE_CURVE('5128',#6831,#6827,#2914,.T.);
#8950=EDGE_CURVE('5124',#6831,#6832,#2894,.T.);
#8952=EDGE_CURVE('5127',#6832,#6828,#2890,.T.);
#8956=EDGE_CURVE('5117',#6819,#6820,#3190,.T.);
#8958=EDGE_CURVE('5122',#6819,#6823,#3238,.T.);
#8960=EDGE_CURVE('5118',#6823,#6824,#3218,.T.);
#8962=EDGE_CURVE('5121',#6820,#6824,#3210,.T.);
#8966=EDGE_CURVE('5115',#6811,#6812,#3510,.T.);
#8968=EDGE_CURVE('5120',#6815,#6811,#3554,.T.);
#8970=EDGE_CURVE('5116',#6815,#6816,#3534,.T.);
#8972=EDGE_CURVE('5119',#6816,#6812,#3530,.T.);
#8976=EDGE_CURVE('5109',#6803,#6804,#3830,.T.);
#8978=EDGE_CURVE('5114',#6803,#6807,#3878,.T.);
#8980=EDGE_CURVE('5110',#6807,#6808,#3858,.T.);
#8982=EDGE_CURVE('5113',#6804,#6808,#3850,.T.);
#8986=EDGE_CURVE('5107',#6795,#6796,#4150,.T.);
#8988=EDGE_CURVE('5112',#6799,#6795,#4194,.T.);
#8990=EDGE_CURVE('5108',#6799,#6800,#4174,.T.);
#8992=EDGE_CURVE('5111',#6800,#6796,#4170,.T.);
#8996=EDGE_CURVE('5101',#6787,#6788,#4470,.T.);
#8998=EDGE_CURVE('5106',#6787,#6791,#4518,.T.);
#9000=EDGE_CURVE('5102',#6791,#6792,#4498,.T.);
#9002=EDGE_CURVE('5105',#6788,#6792,#4490,.T.);
#9006=EDGE_CURVE('5099',#6779,#6780,#4790,.T.);
#9008=EDGE_CURVE('5104',#6783,#6779,#4834,.T.);
#9010=EDGE_CURVE('5100',#6783,#6784,#4814,.T.);
#9012=EDGE_CURVE('5103',#6784,#6780,#4810,.T.);
#9022=EDGE_CURVE('5199',#6764,#6059,#1433,.T.);
#9025=EDGE_CURVE('4065',#5412,#5416,#1416,.T.);
#9027=EDGE_CURVE('4533',#5416,#6059,#1420,.T.);
#9037=EDGE_CURVE('5091',#6755,#6756,#1424,.T.);
#9041=EDGE_CURVE('4530',#6059,#6060,#1482,.T.);
#9043=EDGE_CURVE('4550',#6015,#6060,#1437,.T.);
#9045=EDGE_CURVE('4549',#6032,#6015,#1441,.T.);
#9058=EDGE_CURVE('5095',#6767,#6768,#1445,.T.);
#9071=EDGE_CURVE('4553',#6031,#6016,#1449,.T.);
#9073=EDGE_CURVE('4554',#6016,#6064,#1453,.T.);
#9075=EDGE_CURVE('4531',#6063,#6064,#1474,.T.);
#9077=EDGE_CURVE('5200',#6776,#6063,#1458,.T.);
#9090=EDGE_CURVE('4516',#6015,#6016,#1466,.T.);
#9101=EDGE_CURVE('4532',#6064,#6060,#1478,.T.);
#9114=EDGE_CURVE('4527',#6051,#6052,#1470,.T.);
#9116=EDGE_CURVE('4534',#6063,#6051,#2341,.T.);
#9122=EDGE_CURVE('4117',#5476,#5416,#2349,.T.);
#9124=EDGE_CURVE('4406',#5867,#5476,#2526,.T.);
#9129=EDGE_CURVE('4405',#5847,#5871,#2546,.T.);
#9134=EDGE_CURVE('4386',#5502,#5843,#1951,.T.);
#9136=EDGE_CURVE('4124',#5502,#5440,#1917,.T.);
#9138=EDGE_CURVE('4473',#5963,#5440,#1894,.T.);
#9140=EDGE_CURVE('4468',#5963,#5964,#1510,.T.);
#9142=EDGE_CURVE('4470',#5968,#5964,#1514,.T.);
#9144=EDGE_CURVE('4469',#5967,#5968,#1518,.T.);
#9146=EDGE_CURVE('4472',#5955,#5967,#1840,.T.);
#9148=EDGE_CURVE('4465',#5955,#5956,#1522,.T.);
#9150=EDGE_CURVE('4467',#5960,#5956,#1526,.T.);
#9152=EDGE_CURVE('4466',#5959,#5960,#1530,.T.);
#9154=EDGE_CURVE('4471',#5899,#5959,#1786,.T.);
#9156=EDGE_CURVE('4438',#5899,#5900,#1534,.T.);
#9158=EDGE_CURVE('4440',#5904,#5900,#1538,.T.);
#9160=EDGE_CURVE('4439',#5903,#5904,#1542,.T.);
#9162=EDGE_CURVE('4441',#5691,#5903,#1732,.T.);
#9164=EDGE_CURVE('4240',#5691,#5692,#1546,.T.);
#9166=EDGE_CURVE('4242',#5696,#5692,#1550,.T.);
#9168=EDGE_CURVE('4241',#5695,#5696,#1554,.T.);
#9170=EDGE_CURVE('4503',#5999,#5695,#1682,.T.);
#9172=EDGE_CURVE('4501',#5999,#6000,#1558,.T.);
#9174=EDGE_CURVE('4502',#6000,#5996,#1562,.T.);
#9176=EDGE_CURVE('4500',#5995,#5996,#1566,.T.);
#9178=EDGE_CURVE('4535',#6055,#5995,#1628,.T.);
#9180=EDGE_CURVE('4528',#6055,#6056,#1570,.T.);
#9182=EDGE_CURVE('4529',#6056,#6052,#1574,.T.);
#9192=EDGE_CURVE('5083',#6731,#6732,#1578,.T.);
#9195=EDGE_CURVE('5197',#6740,#6051,#1587,.T.);
#9198=EDGE_CURVE('4542',#6007,#6052,#1591,.T.);
#9200=EDGE_CURVE('4541',#6024,#6007,#1595,.T.);
#9213=EDGE_CURVE('5087',#6743,#6744,#1599,.T.);
#9226=EDGE_CURVE('4545',#6023,#6008,#1603,.T.);
#9228=EDGE_CURVE('4546',#6008,#6056,#1607,.T.);
#9231=EDGE_CURVE('5198',#6752,#6055,#1612,.T.);
#9244=EDGE_CURVE('4514',#6007,#6008,#1620,.T.);
#9267=EDGE_CURVE('5183',#6716,#5995,#1641,.T.);
#9280=EDGE_CURVE('5075',#6707,#6708,#1632,.T.);
#9285=EDGE_CURVE('4508',#5975,#5996,#1645,.T.);
#9287=EDGE_CURVE('4507',#5984,#5975,#1649,.T.);
#9300=EDGE_CURVE('5079',#6719,#6720,#1653,.T.);
#9313=EDGE_CURVE('4511',#5983,#5976,#1657,.T.);
#9315=EDGE_CURVE('4512',#5976,#6000,#1661,.T.);
#9318=EDGE_CURVE('5184',#6728,#5999,#1666,.T.);
#9331=EDGE_CURVE('4494',#5975,#5976,#1674,.T.);
#9354=EDGE_CURVE('5144',#6632,#5695,#1695,.T.);
#9367=EDGE_CURVE('5047',#6623,#6624,#1686,.T.);
#9372=EDGE_CURVE('4250',#5672,#5696,#1699,.T.);
#9374=EDGE_CURVE('4249',#5679,#5672,#1703,.T.);
#9385=EDGE_CURVE('5043',#6611,#6612,#1707,.T.);
#9400=EDGE_CURVE('4245',#5680,#5671,#1711,.T.);
#9402=EDGE_CURVE('4246',#5671,#5692,#1715,.T.);
#9405=EDGE_CURVE('5143',#6620,#5691,#1720,.T.);
#9418=EDGE_CURVE('4234',#5671,#5672,#1728,.T.);
#9443=EDGE_CURVE('5152',#6656,#5903,#1749,.T.);
#9454=EDGE_CURVE('5055',#6647,#6648,#1740,.T.);
#9459=EDGE_CURVE('4450',#5880,#5904,#1753,.T.);
#9461=EDGE_CURVE('4449',#5887,#5880,#1757,.T.);
#9472=EDGE_CURVE('5051',#6635,#6636,#1761,.T.);
#9487=EDGE_CURVE('4445',#5888,#5879,#1765,.T.);
#9489=EDGE_CURVE('4446',#5879,#5900,#1769,.T.);
#9492=EDGE_CURVE('5151',#6644,#5899,#1774,.T.);
#9505=EDGE_CURVE('4432',#5879,#5880,#1782,.T.);
#9530=EDGE_CURVE('5166',#6680,#5959,#1803,.T.);
#9541=EDGE_CURVE('5063',#6671,#6672,#1794,.T.);
#9546=EDGE_CURVE('4484',#5912,#5960,#1807,.T.);
#9548=EDGE_CURVE('4483',#5927,#5912,#1811,.T.);
#9559=EDGE_CURVE('5059',#6659,#6660,#1815,.T.);
#9574=EDGE_CURVE('4479',#5928,#5911,#1819,.T.);
#9576=EDGE_CURVE('4480',#5911,#5956,#1823,.T.);
#9579=EDGE_CURVE('5165',#6668,#5955,#1828,.T.);
#9592=EDGE_CURVE('4452',#5911,#5912,#1836,.T.);
#9617=EDGE_CURVE('5168',#6704,#5967,#1857,.T.);
#9628=EDGE_CURVE('5071',#6695,#6696,#1848,.T.);
#9633=EDGE_CURVE('4492',#5920,#5968,#1861,.T.);
#9635=EDGE_CURVE('4491',#5935,#5920,#1865,.T.);
#9646=EDGE_CURVE('5067',#6683,#6684,#1869,.T.);
#9661=EDGE_CURVE('4487',#5936,#5919,#1873,.T.);
#9663=EDGE_CURVE('4488',#5919,#5964,#1877,.T.);
#9666=EDGE_CURVE('5167',#6692,#5963,#1882,.T.);
#9679=EDGE_CURVE('4454',#5919,#5920,#1890,.T.);
#9704=EDGE_CURVE('4066',#5438,#5440,#1908,.T.);
#9717=EDGE_CURVE('4064',#5440,#5436,#1913,.T.);
#9719=EDGE_CURVE('4072',#5434,#5436,#2009,.T.);
#9731=EDGE_CURVE('4113',#5502,#5500,#1926,.T.);
#9733=EDGE_CURVE('4123',#5500,#5436,#1921,.T.);
#9744=EDGE_CURVE('4116',#5502,#5504,#1930,.T.);
#9747=EDGE_CURVE('4115',#5500,#5498,#1939,.T.);
#9770=EDGE_CURVE('4112',#5495,#5491,#1959,.T.);
#9772=EDGE_CURVE('4111',#5491,#5500,#1963,.T.);
#9783=EDGE_CURVE('4107',#5491,#5492,#1968,.T.);
#9787=EDGE_CURVE('4109',#5492,#5496,#1977,.T.);
#9797=EDGE_CURVE('4060',#5431,#5432,#2000,.T.);
#9799=EDGE_CURVE('4122',#5491,#5431,#1981,.T.);
#9812=EDGE_CURVE('4071',#5427,#5431,#1995,.T.);
#9815=EDGE_CURVE('4070',#5428,#5432,#2022,.T.);
#9827=EDGE_CURVE('4062',#5436,#5431,#2013,.T.);
#9850=EDGE_CURVE('5171',#6690,#5947,#2039,.T.);
#9863=EDGE_CURVE('5068',#6687,#6688,#2030,.T.);
#9868=EDGE_CURVE('4485',#5948,#5915,#2043,.T.);
#9870=EDGE_CURVE('4486',#5915,#5932,#2047,.T.);
#9883=EDGE_CURVE('5072',#6699,#6700,#2051,.T.);
#9896=EDGE_CURVE('4490',#5916,#5931,#2055,.T.);
#9898=EDGE_CURVE('4489',#5952,#5916,#2059,.T.);
#9901=EDGE_CURVE('5172',#6702,#5951,#2064,.T.);
#9914=EDGE_CURVE('4453',#5915,#5916,#2072,.T.);
#9937=EDGE_CURVE('5169',#6666,#5939,#2093,.T.);
#9950=EDGE_CURVE('5060',#6663,#6664,#2084,.T.);
#9955=EDGE_CURVE('4477',#5940,#5907,#2097,.T.);
#9957=EDGE_CURVE('4478',#5907,#5924,#2101,.T.);
#9970=EDGE_CURVE('5064',#6675,#6676,#2105,.T.);
#9983=EDGE_CURVE('4482',#5908,#5923,#2109,.T.);
#9985=EDGE_CURVE('4481',#5944,#5908,#2113,.T.);
#9988=EDGE_CURVE('5170',#6678,#5943,#2118,.T.);
#10001=EDGE_CURVE('4451',#5907,#5908,#2126,.T.);
#10024=EDGE_CURVE('5153',#6642,#5891,#2147,.T.);
#10037=EDGE_CURVE('5052',#6639,#6640,#2138,.T.);
#10042=EDGE_CURVE('4443',#5892,#5875,#2151,.T.);
#10044=EDGE_CURVE('4444',#5875,#5884,#2155,.T.);
#10057=EDGE_CURVE('5056',#6651,#6652,#2159,.T.);
#10070=EDGE_CURVE('4448',#5876,#5883,#2163,.T.);
#10072=EDGE_CURVE('4447',#5896,#5876,#2167,.T.);
#10075=EDGE_CURVE('5154',#6654,#5895,#2172,.T.);
#10088=EDGE_CURVE('4431',#5875,#5876,#2180,.T.);
#10111=EDGE_CURVE('5145',#6618,#5683,#2201,.T.);
#10124=EDGE_CURVE('5044',#6615,#6616,#2192,.T.);
#10129=EDGE_CURVE('4243',#5684,#5667,#2205,.T.);
#10131=EDGE_CURVE('4244',#5667,#5676,#2209,.T.);
#10144=EDGE_CURVE('5048',#6627,#6628,#2213,.T.);
#10157=EDGE_CURVE('4248',#5668,#5675,#2217,.T.);
#10159=EDGE_CURVE('4247',#5688,#5668,#2221,.T.);
#10162=EDGE_CURVE('5146',#6630,#5687,#2226,.T.);
#10175=EDGE_CURVE('4233',#5667,#5668,#2234,.T.);
#10200=EDGE_CURVE('5186',#6726,#5991,#2255,.T.);
#10211=EDGE_CURVE('5080',#6723,#6724,#2246,.T.);
#10216=EDGE_CURVE('4509',#5992,#5972,#2259,.T.);
#10218=EDGE_CURVE('4510',#5972,#5979,#2263,.T.);
#10229=EDGE_CURVE('5076',#6711,#6712,#2267,.T.);
#10244=EDGE_CURVE('4506',#5971,#5980,#2271,.T.);
#10246=EDGE_CURVE('4505',#5988,#5971,#2275,.T.);
#10249=EDGE_CURVE('5185',#6714,#5987,#2280,.T.);
#10262=EDGE_CURVE('4493',#5971,#5972,#2288,.T.);
#10287=EDGE_CURVE('5202',#6750,#6039,#2309,.T.);
#10302=EDGE_CURVE('4543',#6040,#6004,#2313,.T.);
#10304=EDGE_CURVE('4544',#6004,#6019,#2317,.T.);
#10317=EDGE_CURVE('4513',#6003,#6004,#2321,.T.);
#10364=EDGE_CURVE('4054',#5415,#5416,#2364,.T.);
#10366=EDGE_CURVE('4118',#5475,#5415,#2345,.T.);
#10368=EDGE_CURVE('4097',#5475,#5476,#2509,.T.);
#10380=EDGE_CURVE('4067',#5411,#5415,#2359,.T.);
#10393=EDGE_CURVE('4068',#5418,#5420,#2373,.T.);
#10395=EDGE_CURVE('4056',#5420,#5415,#2377,.T.);
#10407=EDGE_CURVE('4069',#5422,#5424,#2387,.T.);
#10409=EDGE_CURVE('4058',#5424,#5420,#2392,.T.);
#10420=EDGE_CURVE('5203',#6762,#6043,#2417,.T.);
#10433=EDGE_CURVE('5092',#6759,#6760,#2404,.T.);
#10436=EDGE_CURVE('4548',#6011,#6028,#2408,.T.);
#10438=EDGE_CURVE('4547',#6044,#6011,#2412,.T.);
#10453=EDGE_CURVE('5096',#6771,#6772,#2425,.T.);
#10466=EDGE_CURVE('5204',#6774,#6047,#2434,.T.);
#10469=EDGE_CURVE('4551',#6048,#6012,#2438,.T.);
#10471=EDGE_CURVE('4552',#6012,#6027,#2442,.T.);
#10496=EDGE_CURVE('4515',#6011,#6012,#2454,.T.);
#10521=EDGE_CURVE('4103',#5486,#5484,#2467,.T.);
#10523=EDGE_CURVE('4119',#5484,#5420,#2462,.T.);
#10534=EDGE_CURVE('4106',#5488,#5486,#2488,.T.);
#10537=EDGE_CURVE('4105',#5484,#5482,#2476,.T.);
#10560=EDGE_CURVE('4102',#5479,#5475,#2500,.T.);
#10562=EDGE_CURVE('4101',#5475,#5484,#2504,.T.);
#10576=EDGE_CURVE('4099',#5476,#5480,#2518,.T.);
#10623=EDGE_CURVE('5240',#6836,#6533,#2554,.T.);
#10625=EDGE_CURVE('4995',#6533,#6548,#2670,.T.);
#10627=EDGE_CURVE('5008',#6548,#6560,#2558,.T.);
#10629=EDGE_CURVE('5011',#6564,#6560,#2620,.T.);
#10631=EDGE_CURVE('5009',#6556,#6564,#2562,.T.);
#10633=EDGE_CURVE('5242',#6835,#6556,#2566,.T.);
#10644=EDGE_CURVE('5239',#6840,#6528,#2594,.T.);
#10646=EDGE_CURVE('4984',#6528,#6533,#2574,.T.);
#10658=EDGE_CURVE('5241',#6839,#6555,#2582,.T.);
#10660=EDGE_CURVE('5007',#6555,#6563,#2586,.T.);
#10662=EDGE_CURVE('5010',#6559,#6563,#2611,.T.);
#10664=EDGE_CURVE('5006',#6540,#6559,#2590,.T.);
#10666=EDGE_CURVE('4988',#6528,#6540,#2638,.T.);
#10679=EDGE_CURVE('4999',#6555,#6556,#2602,.T.);
#10690=EDGE_CURVE('5005',#6563,#6564,#2615,.T.);
#10703=EDGE_CURVE('5004',#6559,#6560,#2606,.T.);
#10718=EDGE_CURVE('5003',#6540,#6548,#2629,.T.);
#10729=EDGE_CURVE('4985',#6539,#6540,#2625,.T.);
#10732=EDGE_CURVE('4992',#6547,#6548,#2634,.T.);
#10734=EDGE_CURVE('5002',#6539,#6547,#2654,.T.);
#10745=EDGE_CURVE('4989',#6527,#6539,#2650,.T.);
#10747=EDGE_CURVE('4975',#6527,#6528,#2677,.T.);
#10758=EDGE_CURVE('4986',#6539,#6542,#2642,.T.);
#10760=EDGE_CURVE('4990',#6530,#6542,#2736,.T.);
#10762=EDGE_CURVE('4976',#6527,#6530,#2646,.T.);
#10775=EDGE_CURVE('4993',#6547,#6550,#2658,.T.);
#10777=EDGE_CURVE('5001',#6542,#6550,#2745,.T.);
#10788=EDGE_CURVE('4996',#6532,#6547,#2662,.T.);
#10790=EDGE_CURVE('4979',#6532,#6535,#2666,.T.);
#10792=EDGE_CURVE('4997',#6535,#6550,#2754,.T.);
#10804=EDGE_CURVE('4978',#6532,#6533,#2688,.T.);
#10844=EDGE_CURVE('4983',#6527,#6532,#2681,.T.);
#10857=EDGE_CURVE('4982',#6530,#6535,#2692,.T.);
#10905=EDGE_CURVE('4977',#6530,#6531,#2709,.T.);
#10907=EDGE_CURVE('4981',#6531,#6536,#2713,.T.);
#10909=EDGE_CURVE('4980',#6535,#6536,#2732,.T.);
#10920=EDGE_CURVE('4987',#6542,#6544,#2741,.T.);
#10922=EDGE_CURVE('4991',#6531,#6544,#2811,.T.);
#10936=EDGE_CURVE('4994',#6550,#6552,#2750,.T.);
#10938=EDGE_CURVE('5000',#6544,#6552,#2846,.T.);
#10951=EDGE_CURVE('4998',#6536,#6552,#2790,.T.);
#10961=EDGE_CURVE('5020',#6581,#6582,#2759,.T.);
#10963=EDGE_CURVE('5025',#6592,#6581,#2763,.T.);
#10965=EDGE_CURVE('5024',#6590,#6592,#2768,.T.);
#10967=EDGE_CURVE('5023',#6588,#6590,#2773,.T.);
#10969=EDGE_CURVE('5022',#6586,#6588,#2777,.T.);
#10971=EDGE_CURVE('5021',#6585,#6586,#2782,.T.);
#10973=EDGE_CURVE('5027',#6552,#6585,#2786,.T.);
#10976=EDGE_CURVE('5026',#6536,#6582,#2794,.T.);
#10986=EDGE_CURVE('5012',#6567,#6568,#2803,.T.);
#10988=EDGE_CURVE('5030',#6567,#6581,#2798,.T.);
#10991=EDGE_CURVE('5028',#6568,#6582,#2842,.T.);
#11002=EDGE_CURVE('5018',#6531,#6568,#2807,.T.);
#11005=EDGE_CURVE('5019',#6544,#6571,#2815,.T.);
#11007=EDGE_CURVE('5013',#6571,#6572,#2820,.T.);
#11009=EDGE_CURVE('5014',#6572,#6574,#2824,.T.);
#11011=EDGE_CURVE('5015',#6574,#6576,#2829,.T.);
#11013=EDGE_CURVE('5016',#6576,#6578,#2834,.T.);
#11015=EDGE_CURVE('5017',#6578,#6567,#2838,.T.);
#11037=EDGE_CURVE('5029',#6571,#6585,#2850,.T.);
#11053=EDGE_CURVE('5031',#6572,#6586,#2854,.T.);
#11066=EDGE_CURVE('5032',#6574,#6588,#2858,.T.);
#11079=EDGE_CURVE('5033',#6576,#6590,#2862,.T.);
#11092=EDGE_CURVE('5034',#6578,#6592,#2866,.T.);
#11115=EDGE_CURVE('5235',#6828,#6462,#2874,.T.);
#11117=EDGE_CURVE('4928',#6462,#6474,#2958,.T.);
#11119=EDGE_CURVE('4947',#6474,#6497,#2878,.T.);
#11121=EDGE_CURVE('4950',#6493,#6497,#2927,.T.);
#11123=EDGE_CURVE('4946',#6489,#6493,#2882,.T.);
#11125=EDGE_CURVE('5237',#6827,#6489,#2886,.T.);
#11136=EDGE_CURVE('5236',#6832,#6467,#2910,.T.);
#11138=EDGE_CURVE('4924',#6462,#6467,#2969,.T.);
#11150=EDGE_CURVE('5238',#6831,#6490,#2898,.T.);
#11152=EDGE_CURVE('4948',#6490,#6494,#2902,.T.);
#11154=EDGE_CURVE('4951',#6498,#6494,#2936,.T.);
#11156=EDGE_CURVE('4949',#6482,#6498,#2906,.T.);
#11158=EDGE_CURVE('4935',#6467,#6482,#2980,.T.);
#11171=EDGE_CURVE('4939',#6489,#6490,#2918,.T.);
#11182=EDGE_CURVE('4944',#6493,#6494,#2922,.T.);
#11197=EDGE_CURVE('4945',#6497,#6498,#2931,.T.);
#11210=EDGE_CURVE('4943',#6474,#6482,#2940,.T.);
#11221=EDGE_CURVE('4925',#6473,#6474,#2945,.T.);
#11223=EDGE_CURVE('4942',#6473,#6481,#2949,.T.);
#11225=EDGE_CURVE('4932',#6481,#6482,#2954,.T.);
#11238=EDGE_CURVE('4915',#6461,#6462,#2965,.T.);
#11240=EDGE_CURVE('4929',#6461,#6473,#3004,.T.);
#11280=EDGE_CURVE('4918',#6466,#6467,#2976,.T.);
#11282=EDGE_CURVE('4923',#6461,#6466,#3012,.T.);
#11293=EDGE_CURVE('4936',#6466,#6481,#2992,.T.);
#11305=EDGE_CURVE('4933',#6481,#6484,#2984,.T.);
#11307=EDGE_CURVE('4937',#6469,#6484,#3170,.T.);
#11309=EDGE_CURVE('4919',#6466,#6469,#2988,.T.);
#11320=EDGE_CURVE('4926',#6473,#6476,#3000,.T.);
#11322=EDGE_CURVE('4941',#6476,#6484,#2996,.T.);
#11336=EDGE_CURVE('4916',#6461,#6464,#3008,.T.);
#11338=EDGE_CURVE('4930',#6464,#6476,#3056,.T.);
#11351=EDGE_CURVE('4922',#6464,#6469,#3035,.T.);
#11397=EDGE_CURVE('4917',#6464,#6465,#3031,.T.);
#11400=EDGE_CURVE('4920',#6469,#6470,#3052,.T.);
#11402=EDGE_CURVE('4921',#6465,#6470,#3126,.T.);
#11412=EDGE_CURVE('4927',#6476,#6478,#3061,.T.);
#11416=EDGE_CURVE('4931',#6465,#6478,#3114,.T.);
#11427=EDGE_CURVE('4940',#6478,#6486,#3065,.T.);
#11429=EDGE_CURVE('4934',#6484,#6486,#3070,.T.);
#11440=EDGE_CURVE('4969',#6505,#6519,#3074,.T.);
#11442=EDGE_CURVE('4967',#6486,#6519,#3143,.T.);
#11445=EDGE_CURVE('4959',#6478,#6505,#3110,.T.);
#11455=EDGE_CURVE('4953',#6505,#6506,#3106,.T.);
#11457=EDGE_CURVE('4974',#6506,#6520,#3078,.T.);
#11459=EDGE_CURVE('4961',#6519,#6520,#3148,.T.);
#11470=EDGE_CURVE('4952',#6501,#6502,#3083,.T.);
#11472=EDGE_CURVE('4957',#6512,#6501,#3087,.T.);
#11474=EDGE_CURVE('4956',#6510,#6512,#3092,.T.);
#11476=EDGE_CURVE('4955',#6508,#6510,#3097,.T.);
#11478=EDGE_CURVE('4954',#6506,#6508,#3101,.T.);
#11483=EDGE_CURVE('4958',#6465,#6502,#3118,.T.);
#11494=EDGE_CURVE('4968',#6502,#6516,#3122,.T.);
#11496=EDGE_CURVE('4960',#6515,#6516,#3131,.T.);
#11498=EDGE_CURVE('4970',#6501,#6515,#3186,.T.);
#11511=EDGE_CURVE('4966',#6470,#6516,#3135,.T.);
#11523=EDGE_CURVE('4938',#6470,#6486,#3139,.T.);
#11527=EDGE_CURVE('4962',#6520,#6522,#3152,.T.);
#11529=EDGE_CURVE('4963',#6522,#6524,#3157,.T.);
#11531=EDGE_CURVE('4964',#6524,#6526,#3162,.T.);
#11533=EDGE_CURVE('4965',#6526,#6515,#3166,.T.);
#11556=EDGE_CURVE('4973',#6508,#6522,#3174,.T.);
#11569=EDGE_CURVE('4972',#6510,#6524,#3178,.T.);
#11582=EDGE_CURVE('4971',#6512,#6526,#3182,.T.);
#11607=EDGE_CURVE('5232',#6820,#6401,#3194,.T.);
#11609=EDGE_CURVE('4875',#6401,#6416,#3310,.T.);
#11611=EDGE_CURVE('4888',#6416,#6428,#3198,.T.);
#11613=EDGE_CURVE('4891',#6432,#6428,#3260,.T.);
#11615=EDGE_CURVE('4889',#6424,#6432,#3202,.T.);
#11617=EDGE_CURVE('5234',#6819,#6424,#3206,.T.);
#11628=EDGE_CURVE('5231',#6824,#6396,#3234,.T.);
#11630=EDGE_CURVE('4864',#6396,#6401,#3214,.T.);
#11642=EDGE_CURVE('5233',#6823,#6423,#3222,.T.);
#11644=EDGE_CURVE('4887',#6423,#6431,#3226,.T.);
#11646=EDGE_CURVE('4890',#6427,#6431,#3251,.T.);
#11648=EDGE_CURVE('4886',#6408,#6427,#3230,.T.);
#11650=EDGE_CURVE('4868',#6396,#6408,#3278,.T.);
#11663=EDGE_CURVE('4879',#6423,#6424,#3242,.T.);
#11674=EDGE_CURVE('4885',#6431,#6432,#3255,.T.);
#11687=EDGE_CURVE('4884',#6427,#6428,#3246,.T.);
#11702=EDGE_CURVE('4883',#6408,#6416,#3269,.T.);
#11713=EDGE_CURVE('4865',#6407,#6408,#3265,.T.);
#11716=EDGE_CURVE('4872',#6415,#6416,#3274,.T.);
#11718=EDGE_CURVE('4882',#6407,#6415,#3294,.T.);
#11729=EDGE_CURVE('4869',#6395,#6407,#3290,.T.);
#11731=EDGE_CURVE('4855',#6395,#6396,#3317,.T.);
#11742=EDGE_CURVE('4866',#6407,#6410,#3282,.T.);
#11744=EDGE_CURVE('4870',#6398,#6410,#3376,.T.);
#11746=EDGE_CURVE('4856',#6395,#6398,#3286,.T.);
#11759=EDGE_CURVE('4873',#6415,#6418,#3298,.T.);
#11761=EDGE_CURVE('4881',#6410,#6418,#3385,.T.);
#11772=EDGE_CURVE('4876',#6400,#6415,#3302,.T.);
#11774=EDGE_CURVE('4859',#6400,#6403,#3306,.T.);
#11776=EDGE_CURVE('4877',#6403,#6418,#3394,.T.);
#11788=EDGE_CURVE('4858',#6400,#6401,#3328,.T.);
#11828=EDGE_CURVE('4863',#6395,#6400,#3321,.T.);
#11841=EDGE_CURVE('4862',#6398,#6403,#3332,.T.);
#11889=EDGE_CURVE('4857',#6398,#6399,#3349,.T.);
#11891=EDGE_CURVE('4861',#6399,#6404,#3353,.T.);
#11893=EDGE_CURVE('4860',#6403,#6404,#3372,.T.);
#11904=EDGE_CURVE('4867',#6410,#6412,#3381,.T.);
#11906=EDGE_CURVE('4871',#6399,#6412,#3451,.T.);
#11920=EDGE_CURVE('4874',#6418,#6420,#3390,.T.);
#11922=EDGE_CURVE('4880',#6412,#6420,#3486,.T.);
#11935=EDGE_CURVE('4878',#6404,#6420,#3430,.T.);
#11945=EDGE_CURVE('4900',#6449,#6450,#3399,.T.);
#11947=EDGE_CURVE('4905',#6460,#6449,#3403,.T.);
#11949=EDGE_CURVE('4904',#6458,#6460,#3408,.T.);
#11951=EDGE_CURVE('4903',#6456,#6458,#3413,.T.);
#11953=EDGE_CURVE('4902',#6454,#6456,#3417,.T.);
#11955=EDGE_CURVE('4901',#6453,#6454,#3422,.T.);
#11957=EDGE_CURVE('4907',#6420,#6453,#3426,.T.);
#11960=EDGE_CURVE('4906',#6404,#6450,#3434,.T.);
#11970=EDGE_CURVE('4892',#6435,#6436,#3443,.T.);
#11972=EDGE_CURVE('4910',#6435,#6449,#3438,.T.);
#11975=EDGE_CURVE('4908',#6436,#6450,#3482,.T.);
#11986=EDGE_CURVE('4898',#6399,#6436,#3447,.T.);
#11989=EDGE_CURVE('4899',#6412,#6439,#3455,.T.);
#11991=EDGE_CURVE('4893',#6439,#6440,#3460,.T.);
#11993=EDGE_CURVE('4894',#6440,#6442,#3464,.T.);
#11995=EDGE_CURVE('4895',#6442,#6444,#3469,.T.);
#11997=EDGE_CURVE('4896',#6444,#6446,#3474,.T.);
#11999=EDGE_CURVE('4897',#6446,#6435,#3478,.T.);
#12021=EDGE_CURVE('4909',#6439,#6453,#3490,.T.);
#12037=EDGE_CURVE('4911',#6440,#6454,#3494,.T.);
#12050=EDGE_CURVE('4912',#6442,#6456,#3498,.T.);
#12063=EDGE_CURVE('4913',#6444,#6458,#3502,.T.);
#12076=EDGE_CURVE('4914',#6446,#6460,#3506,.T.);
#12099=EDGE_CURVE('5227',#6812,#6330,#3514,.T.);
#12101=EDGE_CURVE('4808',#6330,#6342,#3598,.T.);
#12103=EDGE_CURVE('4827',#6342,#6365,#3518,.T.);
#12105=EDGE_CURVE('4830',#6361,#6365,#3567,.T.);
#12107=EDGE_CURVE('4826',#6357,#6361,#3522,.T.);
#12109=EDGE_CURVE('5229',#6811,#6357,#3526,.T.);
#12120=EDGE_CURVE('5228',#6816,#6335,#3550,.T.);
#12122=EDGE_CURVE('4804',#6330,#6335,#3609,.T.);
#12134=EDGE_CURVE('5230',#6815,#6358,#3538,.T.);
#12136=EDGE_CURVE('4828',#6358,#6362,#3542,.T.);
#12138=EDGE_CURVE('4831',#6366,#6362,#3576,.T.);
#12140=EDGE_CURVE('4829',#6350,#6366,#3546,.T.);
#12142=EDGE_CURVE('4815',#6335,#6350,#3620,.T.);
#12155=EDGE_CURVE('4819',#6357,#6358,#3558,.T.);
#12166=EDGE_CURVE('4824',#6361,#6362,#3562,.T.);
#12181=EDGE_CURVE('4825',#6365,#6366,#3571,.T.);
#12194=EDGE_CURVE('4823',#6342,#6350,#3580,.T.);
#12205=EDGE_CURVE('4805',#6341,#6342,#3585,.T.);
#12207=EDGE_CURVE('4822',#6341,#6349,#3589,.T.);
#12209=EDGE_CURVE('4812',#6349,#6350,#3594,.T.);
#12222=EDGE_CURVE('4795',#6329,#6330,#3605,.T.);
#12224=EDGE_CURVE('4809',#6329,#6341,#3644,.T.);
#12264=EDGE_CURVE('4798',#6334,#6335,#3616,.T.);
#12266=EDGE_CURVE('4803',#6329,#6334,#3652,.T.);
#12277=EDGE_CURVE('4816',#6334,#6349,#3632,.T.);
#12289=EDGE_CURVE('4813',#6349,#6352,#3624,.T.);
#12291=EDGE_CURVE('4817',#6337,#6352,#3810,.T.);
#12293=EDGE_CURVE('4799',#6334,#6337,#3628,.T.);
#12304=EDGE_CURVE('4806',#6341,#6344,#3640,.T.);
#12306=EDGE_CURVE('4821',#6344,#6352,#3636,.T.);
#12320=EDGE_CURVE('4796',#6329,#6332,#3648,.T.);
#12322=EDGE_CURVE('4810',#6332,#6344,#3696,.T.);
#12335=EDGE_CURVE('4802',#6332,#6337,#3675,.T.);
#12381=EDGE_CURVE('4797',#6332,#6333,#3671,.T.);
#12384=EDGE_CURVE('4800',#6337,#6338,#3692,.T.);
#12386=EDGE_CURVE('4801',#6333,#6338,#3766,.T.);
#12396=EDGE_CURVE('4807',#6344,#6346,#3701,.T.);
#12400=EDGE_CURVE('4811',#6333,#6346,#3754,.T.);
#12411=EDGE_CURVE('4820',#6346,#6354,#3705,.T.);
#12413=EDGE_CURVE('4814',#6352,#6354,#3710,.T.);
#12424=EDGE_CURVE('4849',#6373,#6387,#3714,.T.);
#12426=EDGE_CURVE('4847',#6354,#6387,#3783,.T.);
#12429=EDGE_CURVE('4839',#6346,#6373,#3750,.T.);
#12439=EDGE_CURVE('4833',#6373,#6374,#3746,.T.);
#12441=EDGE_CURVE('4854',#6374,#6388,#3718,.T.);
#12443=EDGE_CURVE('4841',#6387,#6388,#3788,.T.);
#12454=EDGE_CURVE('4832',#6369,#6370,#3723,.T.);
#12456=EDGE_CURVE('4837',#6380,#6369,#3727,.T.);
#12458=EDGE_CURVE('4836',#6378,#6380,#3732,.T.);
#12460=EDGE_CURVE('4835',#6376,#6378,#3737,.T.);
#12462=EDGE_CURVE('4834',#6374,#6376,#3741,.T.);
#12467=EDGE_CURVE('4838',#6333,#6370,#3758,.T.);
#12478=EDGE_CURVE('4848',#6370,#6384,#3762,.T.);
#12480=EDGE_CURVE('4840',#6383,#6384,#3771,.T.);
#12482=EDGE_CURVE('4850',#6369,#6383,#3826,.T.);
#12495=EDGE_CURVE('4846',#6338,#6384,#3775,.T.);
#12507=EDGE_CURVE('4818',#6338,#6354,#3779,.T.);
#12511=EDGE_CURVE('4842',#6388,#6390,#3792,.T.);
#12513=EDGE_CURVE('4843',#6390,#6392,#3797,.T.);
#12515=EDGE_CURVE('4844',#6392,#6394,#3802,.T.);
#12517=EDGE_CURVE('4845',#6394,#6383,#3806,.T.);
#12540=EDGE_CURVE('4853',#6376,#6390,#3814,.T.);
#12553=EDGE_CURVE('4852',#6378,#6392,#3818,.T.);
#12566=EDGE_CURVE('4851',#6380,#6394,#3822,.T.);
#12591=EDGE_CURVE('5224',#6804,#6269,#3834,.T.);
#12593=EDGE_CURVE('4755',#6269,#6284,#3950,.T.);
#12595=EDGE_CURVE('4768',#6284,#6296,#3838,.T.);
#12597=EDGE_CURVE('4771',#6300,#6296,#3900,.T.);
#12599=EDGE_CURVE('4769',#6292,#6300,#3842,.T.);
#12601=EDGE_CURVE('5226',#6803,#6292,#3846,.T.);
#12612=EDGE_CURVE('5223',#6808,#6264,#3874,.T.);
#12614=EDGE_CURVE('4744',#6264,#6269,#3854,.T.);
#12626=EDGE_CURVE('5225',#6807,#6291,#3862,.T.);
#12628=EDGE_CURVE('4767',#6291,#6299,#3866,.T.);
#12630=EDGE_CURVE('4770',#6295,#6299,#3891,.T.);
#12632=EDGE_CURVE('4766',#6276,#6295,#3870,.T.);
#12634=EDGE_CURVE('4748',#6264,#6276,#3918,.T.);
#12647=EDGE_CURVE('4759',#6291,#6292,#3882,.T.);
#12658=EDGE_CURVE('4765',#6299,#6300,#3895,.T.);
#12671=EDGE_CURVE('4764',#6295,#6296,#3886,.T.);
#12686=EDGE_CURVE('4763',#6276,#6284,#3909,.T.);
#12697=EDGE_CURVE('4745',#6275,#6276,#3905,.T.);
#12700=EDGE_CURVE('4752',#6283,#6284,#3914,.T.);
#12702=EDGE_CURVE('4762',#6275,#6283,#3934,.T.);
#12713=EDGE_CURVE('4749',#6263,#6275,#3930,.T.);
#12715=EDGE_CURVE('4735',#6263,#6264,#3957,.T.);
#12726=EDGE_CURVE('4746',#6275,#6278,#3922,.T.);
#12728=EDGE_CURVE('4750',#6266,#6278,#4016,.T.);
#12730=EDGE_CURVE('4736',#6263,#6266,#3926,.T.);
#12743=EDGE_CURVE('4753',#6283,#6286,#3938,.T.);
#12745=EDGE_CURVE('4761',#6278,#6286,#4025,.T.);
#12756=EDGE_CURVE('4756',#6268,#6283,#3942,.T.);
#12758=EDGE_CURVE('4739',#6268,#6271,#3946,.T.);
#12760=EDGE_CURVE('4757',#6271,#6286,#4034,.T.);
#12772=EDGE_CURVE('4738',#6268,#6269,#3968,.T.);
#12812=EDGE_CURVE('4743',#6263,#6268,#3961,.T.);
#12825=EDGE_CURVE('4742',#6266,#6271,#3972,.T.);
#12873=EDGE_CURVE('4737',#6266,#6267,#3989,.T.);
#12875=EDGE_CURVE('4741',#6267,#6272,#3993,.T.);
#12877=EDGE_CURVE('4740',#6271,#6272,#4012,.T.);
#12888=EDGE_CURVE('4747',#6278,#6280,#4021,.T.);
#12890=EDGE_CURVE('4751',#6267,#6280,#4091,.T.);
#12904=EDGE_CURVE('4754',#6286,#6288,#4030,.T.);
#12906=EDGE_CURVE('4760',#6280,#6288,#4126,.T.);
#12919=EDGE_CURVE('4758',#6272,#6288,#4070,.T.);
#12929=EDGE_CURVE('4780',#6317,#6318,#4039,.T.);
#12931=EDGE_CURVE('4785',#6328,#6317,#4043,.T.);
#12933=EDGE_CURVE('4784',#6326,#6328,#4048,.T.);
#12935=EDGE_CURVE('4783',#6324,#6326,#4053,.T.);
#12937=EDGE_CURVE('4782',#6322,#6324,#4057,.T.);
#12939=EDGE_CURVE('4781',#6321,#6322,#4062,.T.);
#12941=EDGE_CURVE('4787',#6288,#6321,#4066,.T.);
#12944=EDGE_CURVE('4786',#6272,#6318,#4074,.T.);
#12954=EDGE_CURVE('4772',#6303,#6304,#4083,.T.);
#12956=EDGE_CURVE('4790',#6303,#6317,#4078,.T.);
#12959=EDGE_CURVE('4788',#6304,#6318,#4122,.T.);
#12970=EDGE_CURVE('4778',#6267,#6304,#4087,.T.);
#12973=EDGE_CURVE('4779',#6280,#6307,#4095,.T.);
#12975=EDGE_CURVE('4773',#6307,#6308,#4100,.T.);
#12977=EDGE_CURVE('4774',#6308,#6310,#4104,.T.);
#12979=EDGE_CURVE('4775',#6310,#6312,#4109,.T.);
#12981=EDGE_CURVE('4776',#6312,#6314,#4114,.T.);
#12983=EDGE_CURVE('4777',#6314,#6303,#4118,.T.);
#13005=EDGE_CURVE('4789',#6307,#6321,#4130,.T.);
#13021=EDGE_CURVE('4791',#6308,#6322,#4134,.T.);
#13034=EDGE_CURVE('4792',#6310,#6324,#4138,.T.);
#13047=EDGE_CURVE('4793',#6312,#6326,#4142,.T.);
#13060=EDGE_CURVE('4794',#6314,#6328,#4146,.T.);
#13083=EDGE_CURVE('5219',#6796,#6198,#4154,.T.);
#13085=EDGE_CURVE('4688',#6198,#6210,#4238,.T.);
#13087=EDGE_CURVE('4707',#6210,#6233,#4158,.T.);
#13089=EDGE_CURVE('4710',#6229,#6233,#4207,.T.);
#13091=EDGE_CURVE('4706',#6225,#6229,#4162,.T.);
#13093=EDGE_CURVE('5221',#6795,#6225,#4166,.T.);
#13104=EDGE_CURVE('5220',#6800,#6203,#4190,.T.);
#13106=EDGE_CURVE('4684',#6198,#6203,#4249,.T.);
#13118=EDGE_CURVE('5222',#6799,#6226,#4178,.T.);
#13120=EDGE_CURVE('4708',#6226,#6230,#4182,.T.);
#13122=EDGE_CURVE('4711',#6234,#6230,#4216,.T.);
#13124=EDGE_CURVE('4709',#6218,#6234,#4186,.T.);
#13126=EDGE_CURVE('4695',#6203,#6218,#4260,.T.);
#13139=EDGE_CURVE('4699',#6225,#6226,#4198,.T.);
#13150=EDGE_CURVE('4704',#6229,#6230,#4202,.T.);
#13165=EDGE_CURVE('4705',#6233,#6234,#4211,.T.);
#13178=EDGE_CURVE('4703',#6210,#6218,#4220,.T.);
#13189=EDGE_CURVE('4685',#6209,#6210,#4225,.T.);
#13191=EDGE_CURVE('4702',#6209,#6217,#4229,.T.);
#13193=EDGE_CURVE('4692',#6217,#6218,#4234,.T.);
#13206=EDGE_CURVE('4675',#6197,#6198,#4245,.T.);
#13208=EDGE_CURVE('4689',#6197,#6209,#4284,.T.);
#13248=EDGE_CURVE('4678',#6202,#6203,#4256,.T.);
#13250=EDGE_CURVE('4683',#6197,#6202,#4292,.T.);
#13261=EDGE_CURVE('4696',#6202,#6217,#4272,.T.);
#13273=EDGE_CURVE('4693',#6217,#6220,#4264,.T.);
#13275=EDGE_CURVE('4697',#6205,#6220,#4450,.T.);
#13277=EDGE_CURVE('4679',#6202,#6205,#4268,.T.);
#13288=EDGE_CURVE('4686',#6209,#6212,#4280,.T.);
#13290=EDGE_CURVE('4701',#6212,#6220,#4276,.T.);
#13304=EDGE_CURVE('4676',#6197,#6200,#4288,.T.);
#13306=EDGE_CURVE('4690',#6200,#6212,#4336,.T.);
#13319=EDGE_CURVE('4682',#6200,#6205,#4315,.T.);
#13365=EDGE_CURVE('4677',#6200,#6201,#4311,.T.);
#13368=EDGE_CURVE('4680',#6205,#6206,#4332,.T.);
#13370=EDGE_CURVE('4681',#6201,#6206,#4406,.T.);
#13380=EDGE_CURVE('4687',#6212,#6214,#4341,.T.);
#13384=EDGE_CURVE('4691',#6201,#6214,#4394,.T.);
#13395=EDGE_CURVE('4700',#6214,#6222,#4345,.T.);
#13397=EDGE_CURVE('4694',#6220,#6222,#4350,.T.);
#13408=EDGE_CURVE('4729',#6241,#6255,#4354,.T.);
#13410=EDGE_CURVE('4727',#6222,#6255,#4423,.T.);
#13413=EDGE_CURVE('4719',#6214,#6241,#4390,.T.);
#13423=EDGE_CURVE('4713',#6241,#6242,#4386,.T.);
#13425=EDGE_CURVE('4734',#6242,#6256,#4358,.T.);
#13427=EDGE_CURVE('4721',#6255,#6256,#4428,.T.);
#13438=EDGE_CURVE('4712',#6237,#6238,#4363,.T.);
#13440=EDGE_CURVE('4717',#6248,#6237,#4367,.T.);
#13442=EDGE_CURVE('4716',#6246,#6248,#4372,.T.);
#13444=EDGE_CURVE('4715',#6244,#6246,#4377,.T.);
#13446=EDGE_CURVE('4714',#6242,#6244,#4381,.T.);
#13451=EDGE_CURVE('4718',#6201,#6238,#4398,.T.);
#13462=EDGE_CURVE('4728',#6238,#6252,#4402,.T.);
#13464=EDGE_CURVE('4720',#6251,#6252,#4411,.T.);
#13466=EDGE_CURVE('4730',#6237,#6251,#4466,.T.);
#13479=EDGE_CURVE('4726',#6206,#6252,#4415,.T.);
#13491=EDGE_CURVE('4698',#6206,#6222,#4419,.T.);
#13495=EDGE_CURVE('4722',#6256,#6258,#4432,.T.);
#13497=EDGE_CURVE('4723',#6258,#6260,#4437,.T.);
#13499=EDGE_CURVE('4724',#6260,#6262,#4442,.T.);
#13501=EDGE_CURVE('4725',#6262,#6251,#4446,.T.);
#13524=EDGE_CURVE('4733',#6244,#6258,#4454,.T.);
#13537=EDGE_CURVE('4732',#6246,#6260,#4458,.T.);
#13550=EDGE_CURVE('4731',#6248,#6262,#4462,.T.);
#13575=EDGE_CURVE('5216',#6788,#6137,#4474,.T.);
#13577=EDGE_CURVE('4635',#6137,#6152,#4590,.T.);
#13579=EDGE_CURVE('4648',#6152,#6164,#4478,.T.);
#13581=EDGE_CURVE('4651',#6168,#6164,#4540,.T.);
#13583=EDGE_CURVE('4649',#6160,#6168,#4482,.T.);
#13585=EDGE_CURVE('5218',#6787,#6160,#4486,.T.);
#13596=EDGE_CURVE('5215',#6792,#6132,#4514,.T.);
#13598=EDGE_CURVE('4624',#6132,#6137,#4494,.T.);
#13610=EDGE_CURVE('5217',#6791,#6159,#4502,.T.);
#13612=EDGE_CURVE('4647',#6159,#6167,#4506,.T.);
#13614=EDGE_CURVE('4650',#6163,#6167,#4531,.T.);
#13616=EDGE_CURVE('4646',#6144,#6163,#4510,.T.);
#13618=EDGE_CURVE('4628',#6132,#6144,#4558,.T.);
#13631=EDGE_CURVE('4639',#6159,#6160,#4522,.T.);
#13642=EDGE_CURVE('4645',#6167,#6168,#4535,.T.);
#13655=EDGE_CURVE('4644',#6163,#6164,#4526,.T.);
#13670=EDGE_CURVE('4643',#6144,#6152,#4549,.T.);
#13681=EDGE_CURVE('4625',#6143,#6144,#4545,.T.);
#13684=EDGE_CURVE('4632',#6151,#6152,#4554,.T.);
#13686=EDGE_CURVE('4642',#6143,#6151,#4574,.T.);
#13697=EDGE_CURVE('4629',#6131,#6143,#4570,.T.);
#13699=EDGE_CURVE('4615',#6131,#6132,#4597,.T.);
#13710=EDGE_CURVE('4626',#6143,#6146,#4562,.T.);
#13712=EDGE_CURVE('4630',#6134,#6146,#4656,.T.);
#13714=EDGE_CURVE('4616',#6131,#6134,#4566,.T.);
#13727=EDGE_CURVE('4633',#6151,#6154,#4578,.T.);
#13729=EDGE_CURVE('4641',#6146,#6154,#4665,.T.);
#13740=EDGE_CURVE('4636',#6136,#6151,#4582,.T.);
#13742=EDGE_CURVE('4619',#6136,#6139,#4586,.T.);
#13744=EDGE_CURVE('4637',#6139,#6154,#4674,.T.);
#13756=EDGE_CURVE('4618',#6136,#6137,#4608,.T.);
#13796=EDGE_CURVE('4623',#6131,#6136,#4601,.T.);
#13809=EDGE_CURVE('4622',#6134,#6139,#4612,.T.);
#13857=EDGE_CURVE('4617',#6134,#6135,#4629,.T.);
#13859=EDGE_CURVE('4621',#6135,#6140,#4633,.T.);
#13861=EDGE_CURVE('4620',#6139,#6140,#4652,.T.);
#13872=EDGE_CURVE('4627',#6146,#6148,#4661,.T.);
#13874=EDGE_CURVE('4631',#6135,#6148,#4731,.T.);
#13888=EDGE_CURVE('4634',#6154,#6156,#4670,.T.);
#13890=EDGE_CURVE('4640',#6148,#6156,#4766,.T.);
#13903=EDGE_CURVE('4638',#6140,#6156,#4710,.T.);
#13913=EDGE_CURVE('4660',#6185,#6186,#4679,.T.);
#13915=EDGE_CURVE('4665',#6196,#6185,#4683,.T.);
#13917=EDGE_CURVE('4664',#6194,#6196,#4688,.T.);
#13919=EDGE_CURVE('4663',#6192,#6194,#4693,.T.);
#13921=EDGE_CURVE('4662',#6190,#6192,#4697,.T.);
#13923=EDGE_CURVE('4661',#6189,#6190,#4702,.T.);
#13925=EDGE_CURVE('4667',#6156,#6189,#4706,.T.);
#13928=EDGE_CURVE('4666',#6140,#6186,#4714,.T.);
#13938=EDGE_CURVE('4652',#6171,#6172,#4723,.T.);
#13940=EDGE_CURVE('4670',#6171,#6185,#4718,.T.);
#13943=EDGE_CURVE('4668',#6172,#6186,#4762,.T.);
#13954=EDGE_CURVE('4658',#6135,#6172,#4727,.T.);
#13957=EDGE_CURVE('4659',#6148,#6175,#4735,.T.);
#13959=EDGE_CURVE('4653',#6175,#6176,#4740,.T.);
#13961=EDGE_CURVE('4654',#6176,#6178,#4744,.T.);
#13963=EDGE_CURVE('4655',#6178,#6180,#4749,.T.);
#13965=EDGE_CURVE('4656',#6180,#6182,#4754,.T.);
#13967=EDGE_CURVE('4657',#6182,#6171,#4758,.T.);
#13989=EDGE_CURVE('4669',#6175,#6189,#4770,.T.);
#14005=EDGE_CURVE('4671',#6176,#6190,#4774,.T.);
#14018=EDGE_CURVE('4672',#6178,#6192,#4778,.T.);
#14031=EDGE_CURVE('4673',#6180,#6194,#4782,.T.);
#14044=EDGE_CURVE('4674',#6182,#6196,#4786,.T.);
#14067=EDGE_CURVE('5211',#6780,#6066,#4794,.T.);
#14069=EDGE_CURVE('4568',#6066,#6078,#4878,.T.);
#14071=EDGE_CURVE('4587',#6078,#6101,#4798,.T.);
#14073=EDGE_CURVE('4590',#6097,#6101,#4847,.T.);
#14075=EDGE_CURVE('4586',#6093,#6097,#4802,.T.);
#14077=EDGE_CURVE('5213',#6779,#6093,#4806,.T.);
#14088=EDGE_CURVE('5212',#6784,#6071,#4830,.T.);
#14090=EDGE_CURVE('4564',#6066,#6071,#4889,.T.);
#14102=EDGE_CURVE('5214',#6783,#6094,#4818,.T.);
#14104=EDGE_CURVE('4588',#6094,#6098,#4822,.T.);
#14106=EDGE_CURVE('4591',#6102,#6098,#4856,.T.);
#14108=EDGE_CURVE('4589',#6086,#6102,#4826,.T.);
#14110=EDGE_CURVE('4575',#6071,#6086,#4900,.T.);
#14123=EDGE_CURVE('4579',#6093,#6094,#4838,.T.);
#14134=EDGE_CURVE('4584',#6097,#6098,#4842,.T.);
#14149=EDGE_CURVE('4585',#6101,#6102,#4851,.T.);
#14162=EDGE_CURVE('4583',#6078,#6086,#4860,.T.);
#14173=EDGE_CURVE('4565',#6077,#6078,#4865,.T.);
#14175=EDGE_CURVE('4582',#6077,#6085,#4869,.T.);
#14177=EDGE_CURVE('4572',#6085,#6086,#4874,.T.);
#14190=EDGE_CURVE('4555',#6065,#6066,#4885,.T.);
#14192=EDGE_CURVE('4569',#6065,#6077,#4924,.T.);
#14232=EDGE_CURVE('4558',#6070,#6071,#4896,.T.);
#14234=EDGE_CURVE('4563',#6065,#6070,#4932,.T.);
#14245=EDGE_CURVE('4576',#6070,#6085,#4912,.T.);
#14257=EDGE_CURVE('4573',#6085,#6088,#4904,.T.);
#14259=EDGE_CURVE('4577',#6073,#6088,#5090,.T.);
#14261=EDGE_CURVE('4559',#6070,#6073,#4908,.T.);
#14272=EDGE_CURVE('4566',#6077,#6080,#4920,.T.);
#14274=EDGE_CURVE('4581',#6080,#6088,#4916,.T.);
#14288=EDGE_CURVE('4556',#6065,#6068,#4928,.T.);
#14290=EDGE_CURVE('4570',#6068,#6080,#4976,.T.);
#14303=EDGE_CURVE('4562',#6068,#6073,#4955,.T.);
#14349=EDGE_CURVE('4557',#6068,#6069,#4951,.T.);
#14352=EDGE_CURVE('4560',#6073,#6074,#4972,.T.);
#14354=EDGE_CURVE('4561',#6069,#6074,#5046,.T.);
#14364=EDGE_CURVE('4567',#6080,#6082,#4981,.T.);
#14368=EDGE_CURVE('4571',#6069,#6082,#5034,.T.);
#14379=EDGE_CURVE('4580',#6082,#6090,#4985,.T.);
#14381=EDGE_CURVE('4574',#6088,#6090,#4990,.T.);
#14392=EDGE_CURVE('4609',#6109,#6123,#4994,.T.);
#14394=EDGE_CURVE('4607',#6090,#6123,#5063,.T.);
#14397=EDGE_CURVE('4599',#6082,#6109,#5030,.T.);
#14407=EDGE_CURVE('4593',#6109,#6110,#5026,.T.);
#14409=EDGE_CURVE('4614',#6110,#6124,#4998,.T.);
#14411=EDGE_CURVE('4601',#6123,#6124,#5068,.T.);
#14422=EDGE_CURVE('4592',#6105,#6106,#5003,.T.);
#14424=EDGE_CURVE('4597',#6116,#6105,#5007,.T.);
#14426=EDGE_CURVE('4596',#6114,#6116,#5012,.T.);
#14428=EDGE_CURVE('4595',#6112,#6114,#5017,.T.);
#14430=EDGE_CURVE('4594',#6110,#6112,#5021,.T.);
#14435=EDGE_CURVE('4598',#6069,#6106,#5038,.T.);
#14446=EDGE_CURVE('4608',#6106,#6120,#5042,.T.);
#14448=EDGE_CURVE('4600',#6119,#6120,#5051,.T.);
#14450=EDGE_CURVE('4610',#6105,#6119,#5106,.T.);
#14463=EDGE_CURVE('4606',#6074,#6120,#5055,.T.);
#14475=EDGE_CURVE('4578',#6074,#6090,#5059,.T.);
#14479=EDGE_CURVE('4602',#6124,#6126,#5072,.T.);
#14481=EDGE_CURVE('4603',#6126,#6128,#5077,.T.);
#14483=EDGE_CURVE('4604',#6128,#6130,#5082,.T.);
#14485=EDGE_CURVE('4605',#6130,#6119,#5086,.T.);
#14508=EDGE_CURVE('4613',#6112,#6126,#5094,.T.);
#14521=EDGE_CURVE('4612',#6114,#6128,#5098,.T.);
#14534=EDGE_CURVE('4611',#6116,#6130,#5102,.T.);
#14585=EDGE_CURVE('4320',#5806,#5808,#5158,.T.);
#14587=EDGE_CURVE('4362',#5799,#5808,#5186,.T.);
#14589=EDGE_CURVE('4313',#5795,#5799,#5178,.T.);
#14600=EDGE_CURVE('4319',#5802,#5804,#5150,.T.);
#14602=EDGE_CURVE('4318',#5808,#5804,#5154,.T.);
#14614=EDGE_CURVE('4316',#5796,#5800,#5166,.T.);
#14616=EDGE_CURVE('4315',#5800,#5804,#5170,.T.);
#14629=EDGE_CURVE('4312',#5799,#5800,#5182,.T.);
#14654=EDGE_CURVE('4083',#5460,#5464,#5212,.T.);
#14666=EDGE_CURVE('4084',#5463,#5459,#5224,.T.);
#14691=EDGE_CURVE('4254',#5700,#5706,#5232,.T.);
#14704=EDGE_CURVE('4256',#5700,#5704,#5236,.T.);
#14706=EDGE_CURVE('4255',#5704,#5708,#5240,.T.);
#14708=EDGE_CURVE('4259',#5706,#5708,#5264,.T.);
#14720=EDGE_CURVE('4252',#5703,#5704,#5252,.T.);
#14733=EDGE_CURVE('4258',#5712,#5708,#5268,.T.);
#14757=EDGE_CURVE('5249',#6607,#6855,#5292,.T.);
#14759=EDGE_CURVE('5041',#6607,#6608,#5297,.T.);
#14761=EDGE_CURVE('5250',#6608,#6856,#5287,.T.);
#14773=EDGE_CURVE('5042',#6608,#6607,#5302,.T.);
#14795=EDGE_CURVE('5247',#6603,#6851,#5322,.T.);
#14797=EDGE_CURVE('5039',#6603,#6604,#5327,.T.);
#14799=EDGE_CURVE('5248',#6604,#6852,#5317,.T.);
#14811=EDGE_CURVE('5040',#6604,#6603,#5332,.T.);
#14833=EDGE_CURVE('5245',#6599,#6847,#5352,.T.);
#14835=EDGE_CURVE('5037',#6599,#6600,#5357,.T.);
#14837=EDGE_CURVE('5246',#6600,#6848,#5347,.T.);
#14849=EDGE_CURVE('5038',#6600,#6599,#5362,.T.);
#14871=EDGE_CURVE('5243',#6595,#6843,#5382,.T.);
#14873=EDGE_CURVE('5035',#6595,#6596,#5387,.T.);
#14875=EDGE_CURVE('5244',#6596,#6844,#5377,.T.);
#14887=EDGE_CURVE('5036',#6596,#6595,#5392,.T.);
#14913=ADVANCED_BREP_SHAPE_REPRESENTATION('',(#14904),#14912);
#14920=PRODUCT_DEFINITION('design','',#14919,#14916);
#14921=PRODUCT_DEFINITION_SHAPE('','SHAPE FOR 74221.',#14920);
#14922=SHAPE_DEFINITION_REPRESENTATION(#14921,#14913);
ENDSEC;
END-ISO-10303-21;

